[2026-05-25T10:20:45.178+0000] {processor.py:161} INFO - Started process (PID=167) to work on /opt/airflow/dags/warehouse_pipeline.py
[2026-05-25T10:20:45.180+0000] {processor.py:830} INFO - Processing file /opt/airflow/dags/warehouse_pipeline.py for tasks to queue
[2026-05-25T10:20:45.181+0000] {logging_mixin.py:188} INFO - [2026-05-25T10:20:45.181+0000] {dagbag.py:538} INFO - Filling up the DagBag from /opt/airflow/dags/warehouse_pipeline.py
[2026-05-25T10:20:45.200+0000] {processor.py:840} INFO - DAG(s) 'warehouse_pipeline' retrieved from /opt/airflow/dags/warehouse_pipeline.py
[2026-05-25T10:20:45.357+0000] {logging_mixin.py:188} INFO - [2026-05-25T10:20:45.357+0000] {dag.py:3036} INFO - Sync 1 DAGs
[2026-05-25T10:20:45.362+0000] {logging_mixin.py:188} INFO - [2026-05-25T10:20:45.362+0000] {dag.py:3823} INFO - Setting next_dagrun for warehouse_pipeline to None, run_after=None
[2026-05-25T10:20:45.377+0000] {processor.py:183} INFO - Processing /opt/airflow/dags/warehouse_pipeline.py took 0.202 seconds
[2026-05-25T10:21:15.705+0000] {processor.py:161} INFO - Started process (PID=177) to work on /opt/airflow/dags/warehouse_pipeline.py
[2026-05-25T10:21:15.707+0000] {processor.py:830} INFO - Processing file /opt/airflow/dags/warehouse_pipeline.py for tasks to queue
[2026-05-25T10:21:15.709+0000] {logging_mixin.py:188} INFO - [2026-05-25T10:21:15.709+0000] {dagbag.py:538} INFO - Filling up the DagBag from /opt/airflow/dags/warehouse_pipeline.py
[2026-05-25T10:21:15.727+0000] {processor.py:840} INFO - DAG(s) 'warehouse_pipeline' retrieved from /opt/airflow/dags/warehouse_pipeline.py
[2026-05-25T10:21:15.759+0000] {logging_mixin.py:188} INFO - [2026-05-25T10:21:15.758+0000] {dag.py:3036} INFO - Sync 1 DAGs
[2026-05-25T10:21:15.768+0000] {logging_mixin.py:188} INFO - [2026-05-25T10:21:15.768+0000] {dag.py:3823} INFO - Setting next_dagrun for warehouse_pipeline to None, run_after=None
[2026-05-25T10:21:15.785+0000] {processor.py:183} INFO - Processing /opt/airflow/dags/warehouse_pipeline.py took 0.088 seconds
[2026-05-25T10:21:46.047+0000] {processor.py:161} INFO - Started process (PID=221) to work on /opt/airflow/dags/warehouse_pipeline.py
[2026-05-25T10:21:46.048+0000] {processor.py:830} INFO - Processing file /opt/airflow/dags/warehouse_pipeline.py for tasks to queue
[2026-05-25T10:21:46.051+0000] {logging_mixin.py:188} INFO - [2026-05-25T10:21:46.050+0000] {dagbag.py:538} INFO - Filling up the DagBag from /opt/airflow/dags/warehouse_pipeline.py
[2026-05-25T10:21:46.074+0000] {processor.py:840} INFO - DAG(s) 'warehouse_pipeline' retrieved from /opt/airflow/dags/warehouse_pipeline.py
[2026-05-25T10:21:46.106+0000] {logging_mixin.py:188} INFO - [2026-05-25T10:21:46.106+0000] {dag.py:3036} INFO - Sync 1 DAGs
[2026-05-25T10:21:46.119+0000] {logging_mixin.py:188} INFO - [2026-05-25T10:21:46.118+0000] {dag.py:3823} INFO - Setting next_dagrun for warehouse_pipeline to None, run_after=None
[2026-05-25T10:21:46.134+0000] {processor.py:183} INFO - Processing /opt/airflow/dags/warehouse_pipeline.py took 0.093 seconds
[2026-05-25T10:22:16.397+0000] {processor.py:161} INFO - Started process (PID=231) to work on /opt/airflow/dags/warehouse_pipeline.py
[2026-05-25T10:22:16.399+0000] {processor.py:830} INFO - Processing file /opt/airflow/dags/warehouse_pipeline.py for tasks to queue
[2026-05-25T10:22:16.400+0000] {logging_mixin.py:188} INFO - [2026-05-25T10:22:16.400+0000] {dagbag.py:538} INFO - Filling up the DagBag from /opt/airflow/dags/warehouse_pipeline.py
[2026-05-25T10:22:16.418+0000] {processor.py:840} INFO - DAG(s) 'warehouse_pipeline' retrieved from /opt/airflow/dags/warehouse_pipeline.py
[2026-05-25T10:22:16.446+0000] {logging_mixin.py:188} INFO - [2026-05-25T10:22:16.446+0000] {dag.py:3036} INFO - Sync 1 DAGs
[2026-05-25T10:22:16.456+0000] {logging_mixin.py:188} INFO - [2026-05-25T10:22:16.456+0000] {dag.py:3823} INFO - Setting next_dagrun for warehouse_pipeline to None, run_after=None
[2026-05-25T10:22:16.471+0000] {processor.py:183} INFO - Processing /opt/airflow/dags/warehouse_pipeline.py took 0.081 seconds
[2026-05-25T10:22:46.752+0000] {processor.py:161} INFO - Started process (PID=241) to work on /opt/airflow/dags/warehouse_pipeline.py
[2026-05-25T10:22:46.755+0000] {processor.py:830} INFO - Processing file /opt/airflow/dags/warehouse_pipeline.py for tasks to queue
[2026-05-25T10:22:46.757+0000] {logging_mixin.py:188} INFO - [2026-05-25T10:22:46.756+0000] {dagbag.py:538} INFO - Filling up the DagBag from /opt/airflow/dags/warehouse_pipeline.py
[2026-05-25T10:22:46.772+0000] {processor.py:840} INFO - DAG(s) 'warehouse_pipeline' retrieved from /opt/airflow/dags/warehouse_pipeline.py
[2026-05-25T10:22:46.795+0000] {logging_mixin.py:188} INFO - [2026-05-25T10:22:46.795+0000] {dag.py:3036} INFO - Sync 1 DAGs
[2026-05-25T10:22:46.804+0000] {logging_mixin.py:188} INFO - [2026-05-25T10:22:46.804+0000] {dag.py:3823} INFO - Setting next_dagrun for warehouse_pipeline to None, run_after=None
[2026-05-25T10:22:46.818+0000] {processor.py:183} INFO - Processing /opt/airflow/dags/warehouse_pipeline.py took 0.071 seconds
[2026-05-25T10:23:10.115+0000] {processor.py:161} INFO - Started process (PID=251) to work on /opt/airflow/dags/warehouse_pipeline.py
[2026-05-25T10:23:10.117+0000] {processor.py:830} INFO - Processing file /opt/airflow/dags/warehouse_pipeline.py for tasks to queue
[2026-05-25T10:23:10.119+0000] {logging_mixin.py:188} INFO - [2026-05-25T10:23:10.118+0000] {dagbag.py:538} INFO - Filling up the DagBag from /opt/airflow/dags/warehouse_pipeline.py
[2026-05-25T10:23:10.149+0000] {processor.py:840} INFO - DAG(s) 'warehouse_pipeline' retrieved from /opt/airflow/dags/warehouse_pipeline.py
[2026-05-25T10:23:10.243+0000] {logging_mixin.py:188} INFO - [2026-05-25T10:23:10.243+0000] {dag.py:3036} INFO - Sync 1 DAGs
[2026-05-25T10:23:10.249+0000] {logging_mixin.py:188} INFO - [2026-05-25T10:23:10.249+0000] {dag.py:3823} INFO - Setting next_dagrun for warehouse_pipeline to None, run_after=None
[2026-05-25T10:23:10.259+0000] {processor.py:183} INFO - Processing /opt/airflow/dags/warehouse_pipeline.py took 0.150 seconds
[2026-05-25T10:23:29.893+0000] {processor.py:161} INFO - Started process (PID=167) to work on /opt/airflow/dags/warehouse_pipeline.py
[2026-05-25T10:23:29.895+0000] {processor.py:830} INFO - Processing file /opt/airflow/dags/warehouse_pipeline.py for tasks to queue
[2026-05-25T10:23:29.896+0000] {logging_mixin.py:188} INFO - [2026-05-25T10:23:29.896+0000] {dagbag.py:538} INFO - Filling up the DagBag from /opt/airflow/dags/warehouse_pipeline.py
[2026-05-25T10:23:29.906+0000] {processor.py:840} INFO - DAG(s) 'warehouse_pipeline' retrieved from /opt/airflow/dags/warehouse_pipeline.py
[2026-05-25T10:23:29.929+0000] {logging_mixin.py:188} INFO - [2026-05-25T10:23:29.929+0000] {dag.py:3036} INFO - Sync 1 DAGs
[2026-05-25T10:23:29.939+0000] {logging_mixin.py:188} INFO - [2026-05-25T10:23:29.939+0000] {dag.py:3823} INFO - Setting next_dagrun for warehouse_pipeline to None, run_after=None
[2026-05-25T10:23:29.971+0000] {processor.py:183} INFO - Processing /opt/airflow/dags/warehouse_pipeline.py took 0.082 seconds
[2026-05-25T10:24:00.351+0000] {processor.py:161} INFO - Started process (PID=177) to work on /opt/airflow/dags/warehouse_pipeline.py
[2026-05-25T10:24:00.355+0000] {processor.py:830} INFO - Processing file /opt/airflow/dags/warehouse_pipeline.py for tasks to queue
[2026-05-25T10:24:00.359+0000] {logging_mixin.py:188} INFO - [2026-05-25T10:24:00.358+0000] {dagbag.py:538} INFO - Filling up the DagBag from /opt/airflow/dags/warehouse_pipeline.py
[2026-05-25T10:24:00.384+0000] {processor.py:840} INFO - DAG(s) 'warehouse_pipeline' retrieved from /opt/airflow/dags/warehouse_pipeline.py
[2026-05-25T10:24:00.406+0000] {logging_mixin.py:188} INFO - [2026-05-25T10:24:00.406+0000] {dag.py:3036} INFO - Sync 1 DAGs
[2026-05-25T10:24:00.414+0000] {logging_mixin.py:188} INFO - [2026-05-25T10:24:00.414+0000] {dag.py:3823} INFO - Setting next_dagrun for warehouse_pipeline to None, run_after=None
[2026-05-25T10:24:00.428+0000] {processor.py:183} INFO - Processing /opt/airflow/dags/warehouse_pipeline.py took 0.085 seconds
[2026-05-25T10:24:30.767+0000] {processor.py:161} INFO - Started process (PID=187) to work on /opt/airflow/dags/warehouse_pipeline.py
[2026-05-25T10:24:30.769+0000] {processor.py:830} INFO - Processing file /opt/airflow/dags/warehouse_pipeline.py for tasks to queue
[2026-05-25T10:24:30.770+0000] {logging_mixin.py:188} INFO - [2026-05-25T10:24:30.770+0000] {dagbag.py:538} INFO - Filling up the DagBag from /opt/airflow/dags/warehouse_pipeline.py
[2026-05-25T10:24:30.785+0000] {processor.py:840} INFO - DAG(s) 'warehouse_pipeline' retrieved from /opt/airflow/dags/warehouse_pipeline.py
[2026-05-25T10:24:30.807+0000] {logging_mixin.py:188} INFO - [2026-05-25T10:24:30.807+0000] {dag.py:3036} INFO - Sync 1 DAGs
[2026-05-25T10:24:30.818+0000] {logging_mixin.py:188} INFO - [2026-05-25T10:24:30.818+0000] {dag.py:3823} INFO - Setting next_dagrun for warehouse_pipeline to None, run_after=None
[2026-05-25T10:24:30.835+0000] {processor.py:183} INFO - Processing /opt/airflow/dags/warehouse_pipeline.py took 0.073 seconds
[2026-05-25T10:25:01.234+0000] {processor.py:161} INFO - Started process (PID=231) to work on /opt/airflow/dags/warehouse_pipeline.py
[2026-05-25T10:25:01.237+0000] {processor.py:830} INFO - Processing file /opt/airflow/dags/warehouse_pipeline.py for tasks to queue
[2026-05-25T10:25:01.238+0000] {logging_mixin.py:188} INFO - [2026-05-25T10:25:01.238+0000] {dagbag.py:538} INFO - Filling up the DagBag from /opt/airflow/dags/warehouse_pipeline.py
[2026-05-25T10:25:01.256+0000] {processor.py:840} INFO - DAG(s) 'warehouse_pipeline' retrieved from /opt/airflow/dags/warehouse_pipeline.py
[2026-05-25T10:25:01.284+0000] {logging_mixin.py:188} INFO - [2026-05-25T10:25:01.284+0000] {dag.py:3036} INFO - Sync 1 DAGs
[2026-05-25T10:25:01.293+0000] {logging_mixin.py:188} INFO - [2026-05-25T10:25:01.293+0000] {dag.py:3823} INFO - Setting next_dagrun for warehouse_pipeline to None, run_after=None
[2026-05-25T10:25:01.313+0000] {processor.py:183} INFO - Processing /opt/airflow/dags/warehouse_pipeline.py took 0.099 seconds
[2026-05-25T10:25:31.687+0000] {processor.py:161} INFO - Started process (PID=241) to work on /opt/airflow/dags/warehouse_pipeline.py
[2026-05-25T10:25:31.689+0000] {processor.py:830} INFO - Processing file /opt/airflow/dags/warehouse_pipeline.py for tasks to queue
[2026-05-25T10:25:31.691+0000] {logging_mixin.py:188} INFO - [2026-05-25T10:25:31.691+0000] {dagbag.py:538} INFO - Filling up the DagBag from /opt/airflow/dags/warehouse_pipeline.py
[2026-05-25T10:25:31.705+0000] {processor.py:840} INFO - DAG(s) 'warehouse_pipeline' retrieved from /opt/airflow/dags/warehouse_pipeline.py
[2026-05-25T10:25:31.724+0000] {logging_mixin.py:188} INFO - [2026-05-25T10:25:31.724+0000] {dag.py:3036} INFO - Sync 1 DAGs
[2026-05-25T10:25:31.733+0000] {logging_mixin.py:188} INFO - [2026-05-25T10:25:31.733+0000] {dag.py:3823} INFO - Setting next_dagrun for warehouse_pipeline to None, run_after=None
[2026-05-25T10:25:31.745+0000] {processor.py:183} INFO - Processing /opt/airflow/dags/warehouse_pipeline.py took 0.066 seconds
[2026-05-25T10:26:02.152+0000] {processor.py:161} INFO - Started process (PID=251) to work on /opt/airflow/dags/warehouse_pipeline.py
[2026-05-25T10:26:02.155+0000] {processor.py:830} INFO - Processing file /opt/airflow/dags/warehouse_pipeline.py for tasks to queue
[2026-05-25T10:26:02.157+0000] {logging_mixin.py:188} INFO - [2026-05-25T10:26:02.156+0000] {dagbag.py:538} INFO - Filling up the DagBag from /opt/airflow/dags/warehouse_pipeline.py
[2026-05-25T10:26:02.175+0000] {processor.py:840} INFO - DAG(s) 'warehouse_pipeline' retrieved from /opt/airflow/dags/warehouse_pipeline.py
[2026-05-25T10:26:02.199+0000] {logging_mixin.py:188} INFO - [2026-05-25T10:26:02.199+0000] {dag.py:3036} INFO - Sync 1 DAGs
[2026-05-25T10:26:02.208+0000] {logging_mixin.py:188} INFO - [2026-05-25T10:26:02.208+0000] {dag.py:3823} INFO - Setting next_dagrun for warehouse_pipeline to None, run_after=None
[2026-05-25T10:26:02.225+0000] {processor.py:183} INFO - Processing /opt/airflow/dags/warehouse_pipeline.py took 0.080 seconds
[2026-05-25T10:26:32.586+0000] {processor.py:161} INFO - Started process (PID=261) to work on /opt/airflow/dags/warehouse_pipeline.py
[2026-05-25T10:26:32.588+0000] {processor.py:830} INFO - Processing file /opt/airflow/dags/warehouse_pipeline.py for tasks to queue
[2026-05-25T10:26:32.590+0000] {logging_mixin.py:188} INFO - [2026-05-25T10:26:32.589+0000] {dagbag.py:538} INFO - Filling up the DagBag from /opt/airflow/dags/warehouse_pipeline.py
[2026-05-25T10:26:32.608+0000] {processor.py:840} INFO - DAG(s) 'warehouse_pipeline' retrieved from /opt/airflow/dags/warehouse_pipeline.py
[2026-05-25T10:26:32.631+0000] {logging_mixin.py:188} INFO - [2026-05-25T10:26:32.631+0000] {dag.py:3036} INFO - Sync 1 DAGs
[2026-05-25T10:26:32.640+0000] {logging_mixin.py:188} INFO - [2026-05-25T10:26:32.640+0000] {dag.py:3823} INFO - Setting next_dagrun for warehouse_pipeline to None, run_after=None
[2026-05-25T10:26:32.653+0000] {processor.py:183} INFO - Processing /opt/airflow/dags/warehouse_pipeline.py took 0.075 seconds
[2026-05-25T10:26:35.712+0000] {processor.py:161} INFO - Started process (PID=271) to work on /opt/airflow/dags/warehouse_pipeline.py
[2026-05-25T10:26:35.713+0000] {processor.py:830} INFO - Processing file /opt/airflow/dags/warehouse_pipeline.py for tasks to queue
[2026-05-25T10:26:35.714+0000] {logging_mixin.py:188} INFO - [2026-05-25T10:26:35.714+0000] {dagbag.py:538} INFO - Filling up the DagBag from /opt/airflow/dags/warehouse_pipeline.py
[2026-05-25T10:26:35.726+0000] {processor.py:840} INFO - DAG(s) 'warehouse_pipeline' retrieved from /opt/airflow/dags/warehouse_pipeline.py
[2026-05-25T10:26:35.747+0000] {logging_mixin.py:188} INFO - [2026-05-25T10:26:35.746+0000] {dag.py:3036} INFO - Sync 1 DAGs
[2026-05-25T10:26:35.754+0000] {logging_mixin.py:188} INFO - [2026-05-25T10:26:35.754+0000] {dag.py:3823} INFO - Setting next_dagrun for warehouse_pipeline to None, run_after=None
[2026-05-25T10:26:35.764+0000] {processor.py:183} INFO - Processing /opt/airflow/dags/warehouse_pipeline.py took 0.056 seconds
[2026-05-25T10:26:46.835+0000] {processor.py:161} INFO - Started process (PID=276) to work on /opt/airflow/dags/warehouse_pipeline.py
[2026-05-25T10:26:46.837+0000] {processor.py:830} INFO - Processing file /opt/airflow/dags/warehouse_pipeline.py for tasks to queue
[2026-05-25T10:26:46.838+0000] {logging_mixin.py:188} INFO - [2026-05-25T10:26:46.838+0000] {dagbag.py:538} INFO - Filling up the DagBag from /opt/airflow/dags/warehouse_pipeline.py
[2026-05-25T10:26:46.854+0000] {processor.py:840} INFO - DAG(s) 'warehouse_pipeline' retrieved from /opt/airflow/dags/warehouse_pipeline.py
[2026-05-25T10:26:46.876+0000] {logging_mixin.py:188} INFO - [2026-05-25T10:26:46.876+0000] {dag.py:3036} INFO - Sync 1 DAGs
[2026-05-25T10:26:46.884+0000] {logging_mixin.py:188} INFO - [2026-05-25T10:26:46.884+0000] {dag.py:3823} INFO - Setting next_dagrun for warehouse_pipeline to None, run_after=None
[2026-05-25T10:26:46.894+0000] {processor.py:183} INFO - Processing /opt/airflow/dags/warehouse_pipeline.py took 0.066 seconds
[2026-05-25T10:27:20.148+0000] {processor.py:161} INFO - Started process (PID=167) to work on /opt/airflow/dags/warehouse_pipeline.py
[2026-05-25T10:27:20.151+0000] {processor.py:830} INFO - Processing file /opt/airflow/dags/warehouse_pipeline.py for tasks to queue
[2026-05-25T10:27:20.152+0000] {logging_mixin.py:188} INFO - [2026-05-25T10:27:20.152+0000] {dagbag.py:538} INFO - Filling up the DagBag from /opt/airflow/dags/warehouse_pipeline.py
[2026-05-25T10:27:20.175+0000] {processor.py:840} INFO - DAG(s) 'warehouse_pipeline' retrieved from /opt/airflow/dags/warehouse_pipeline.py
[2026-05-25T10:27:20.222+0000] {logging_mixin.py:188} INFO - [2026-05-25T10:27:20.222+0000] {dag.py:3036} INFO - Sync 1 DAGs
[2026-05-25T10:27:20.231+0000] {logging_mixin.py:188} INFO - [2026-05-25T10:27:20.231+0000] {dag.py:3823} INFO - Setting next_dagrun for warehouse_pipeline to None, run_after=None
[2026-05-25T10:27:20.249+0000] {processor.py:183} INFO - Processing /opt/airflow/dags/warehouse_pipeline.py took 0.107 seconds
[2026-05-25T10:27:50.471+0000] {processor.py:161} INFO - Started process (PID=211) to work on /opt/airflow/dags/warehouse_pipeline.py
[2026-05-25T10:27:50.473+0000] {processor.py:830} INFO - Processing file /opt/airflow/dags/warehouse_pipeline.py for tasks to queue
[2026-05-25T10:27:50.475+0000] {logging_mixin.py:188} INFO - [2026-05-25T10:27:50.475+0000] {dagbag.py:538} INFO - Filling up the DagBag from /opt/airflow/dags/warehouse_pipeline.py
[2026-05-25T10:27:50.492+0000] {processor.py:840} INFO - DAG(s) 'warehouse_pipeline' retrieved from /opt/airflow/dags/warehouse_pipeline.py
[2026-05-25T10:27:50.516+0000] {logging_mixin.py:188} INFO - [2026-05-25T10:27:50.516+0000] {dag.py:3036} INFO - Sync 1 DAGs
[2026-05-25T10:27:50.526+0000] {logging_mixin.py:188} INFO - [2026-05-25T10:27:50.525+0000] {dag.py:3823} INFO - Setting next_dagrun for warehouse_pipeline to None, run_after=None
[2026-05-25T10:27:50.539+0000] {processor.py:183} INFO - Processing /opt/airflow/dags/warehouse_pipeline.py took 0.074 seconds
[2026-05-25T10:28:20.846+0000] {processor.py:161} INFO - Started process (PID=221) to work on /opt/airflow/dags/warehouse_pipeline.py
[2026-05-25T10:28:20.850+0000] {processor.py:830} INFO - Processing file /opt/airflow/dags/warehouse_pipeline.py for tasks to queue
[2026-05-25T10:28:20.853+0000] {logging_mixin.py:188} INFO - [2026-05-25T10:28:20.852+0000] {dagbag.py:538} INFO - Filling up the DagBag from /opt/airflow/dags/warehouse_pipeline.py
[2026-05-25T10:28:20.872+0000] {processor.py:840} INFO - DAG(s) 'warehouse_pipeline' retrieved from /opt/airflow/dags/warehouse_pipeline.py
[2026-05-25T10:28:20.898+0000] {logging_mixin.py:188} INFO - [2026-05-25T10:28:20.897+0000] {dag.py:3036} INFO - Sync 1 DAGs
[2026-05-25T10:28:20.912+0000] {logging_mixin.py:188} INFO - [2026-05-25T10:28:20.912+0000] {dag.py:3823} INFO - Setting next_dagrun for warehouse_pipeline to None, run_after=None
[2026-05-25T10:28:20.932+0000] {processor.py:183} INFO - Processing /opt/airflow/dags/warehouse_pipeline.py took 0.097 seconds
[2026-05-25T10:28:51.347+0000] {processor.py:161} INFO - Started process (PID=231) to work on /opt/airflow/dags/warehouse_pipeline.py
[2026-05-25T10:28:51.350+0000] {processor.py:830} INFO - Processing file /opt/airflow/dags/warehouse_pipeline.py for tasks to queue
[2026-05-25T10:28:51.351+0000] {logging_mixin.py:188} INFO - [2026-05-25T10:28:51.351+0000] {dagbag.py:538} INFO - Filling up the DagBag from /opt/airflow/dags/warehouse_pipeline.py
[2026-05-25T10:28:51.380+0000] {processor.py:840} INFO - DAG(s) 'warehouse_pipeline' retrieved from /opt/airflow/dags/warehouse_pipeline.py
[2026-05-25T10:28:51.407+0000] {logging_mixin.py:188} INFO - [2026-05-25T10:28:51.407+0000] {dag.py:3036} INFO - Sync 1 DAGs
[2026-05-25T10:28:51.419+0000] {logging_mixin.py:188} INFO - [2026-05-25T10:28:51.419+0000] {dag.py:3823} INFO - Setting next_dagrun for warehouse_pipeline to None, run_after=None
[2026-05-25T10:28:51.435+0000] {processor.py:183} INFO - Processing /opt/airflow/dags/warehouse_pipeline.py took 0.097 seconds
[2026-05-25T10:29:21.721+0000] {processor.py:161} INFO - Started process (PID=241) to work on /opt/airflow/dags/warehouse_pipeline.py
[2026-05-25T10:29:21.724+0000] {processor.py:830} INFO - Processing file /opt/airflow/dags/warehouse_pipeline.py for tasks to queue
[2026-05-25T10:29:21.726+0000] {logging_mixin.py:188} INFO - [2026-05-25T10:29:21.725+0000] {dagbag.py:538} INFO - Filling up the DagBag from /opt/airflow/dags/warehouse_pipeline.py
[2026-05-25T10:29:21.743+0000] {processor.py:840} INFO - DAG(s) 'warehouse_pipeline' retrieved from /opt/airflow/dags/warehouse_pipeline.py
[2026-05-25T10:29:21.767+0000] {logging_mixin.py:188} INFO - [2026-05-25T10:29:21.766+0000] {dag.py:3036} INFO - Sync 1 DAGs
[2026-05-25T10:29:21.775+0000] {logging_mixin.py:188} INFO - [2026-05-25T10:29:21.775+0000] {dag.py:3823} INFO - Setting next_dagrun for warehouse_pipeline to None, run_after=None
[2026-05-25T10:29:21.790+0000] {processor.py:183} INFO - Processing /opt/airflow/dags/warehouse_pipeline.py took 0.077 seconds
[2026-05-25T10:29:52.178+0000] {processor.py:161} INFO - Started process (PID=251) to work on /opt/airflow/dags/warehouse_pipeline.py
[2026-05-25T10:29:52.180+0000] {processor.py:830} INFO - Processing file /opt/airflow/dags/warehouse_pipeline.py for tasks to queue
[2026-05-25T10:29:52.182+0000] {logging_mixin.py:188} INFO - [2026-05-25T10:29:52.182+0000] {dagbag.py:538} INFO - Filling up the DagBag from /opt/airflow/dags/warehouse_pipeline.py
[2026-05-25T10:29:52.197+0000] {processor.py:840} INFO - DAG(s) 'warehouse_pipeline' retrieved from /opt/airflow/dags/warehouse_pipeline.py
[2026-05-25T10:29:52.221+0000] {logging_mixin.py:188} INFO - [2026-05-25T10:29:52.221+0000] {dag.py:3036} INFO - Sync 1 DAGs
[2026-05-25T10:29:52.231+0000] {logging_mixin.py:188} INFO - [2026-05-25T10:29:52.231+0000] {dag.py:3823} INFO - Setting next_dagrun for warehouse_pipeline to None, run_after=None
[2026-05-25T10:29:52.244+0000] {processor.py:183} INFO - Processing /opt/airflow/dags/warehouse_pipeline.py took 0.072 seconds
[2026-05-25T10:30:05.425+0000] {processor.py:161} INFO - Started process (PID=261) to work on /opt/airflow/dags/warehouse_pipeline.py
[2026-05-25T10:30:05.429+0000] {processor.py:830} INFO - Processing file /opt/airflow/dags/warehouse_pipeline.py for tasks to queue
[2026-05-25T10:30:05.431+0000] {logging_mixin.py:188} INFO - [2026-05-25T10:30:05.430+0000] {dagbag.py:538} INFO - Filling up the DagBag from /opt/airflow/dags/warehouse_pipeline.py
[2026-05-25T10:30:05.447+0000] {processor.py:840} INFO - DAG(s) 'warehouse_pipeline' retrieved from /opt/airflow/dags/warehouse_pipeline.py
[2026-05-25T10:30:05.574+0000] {logging_mixin.py:188} INFO - [2026-05-25T10:30:05.574+0000] {dag.py:3036} INFO - Sync 1 DAGs
[2026-05-25T10:30:05.579+0000] {logging_mixin.py:188} INFO - [2026-05-25T10:30:05.579+0000] {dag.py:3823} INFO - Setting next_dagrun for warehouse_pipeline to None, run_after=None
[2026-05-25T10:30:05.589+0000] {processor.py:183} INFO - Processing /opt/airflow/dags/warehouse_pipeline.py took 0.170 seconds
[2026-05-25T10:30:25.574+0000] {processor.py:161} INFO - Started process (PID=165) to work on /opt/airflow/dags/warehouse_pipeline.py
[2026-05-25T10:30:25.576+0000] {processor.py:830} INFO - Processing file /opt/airflow/dags/warehouse_pipeline.py for tasks to queue
[2026-05-25T10:30:25.577+0000] {logging_mixin.py:188} INFO - [2026-05-25T10:30:25.576+0000] {dagbag.py:538} INFO - Filling up the DagBag from /opt/airflow/dags/warehouse_pipeline.py
[2026-05-25T10:30:25.603+0000] {processor.py:840} INFO - DAG(s) 'warehouse_pipeline' retrieved from /opt/airflow/dags/warehouse_pipeline.py
[2026-05-25T10:30:25.631+0000] {logging_mixin.py:188} INFO - [2026-05-25T10:30:25.631+0000] {dag.py:3036} INFO - Sync 1 DAGs
[2026-05-25T10:30:25.643+0000] {logging_mixin.py:188} INFO - [2026-05-25T10:30:25.643+0000] {dag.py:3823} INFO - Setting next_dagrun for warehouse_pipeline to None, run_after=None
[2026-05-25T10:30:25.678+0000] {processor.py:183} INFO - Processing /opt/airflow/dags/warehouse_pipeline.py took 0.106 seconds
[2026-05-25T10:30:56.048+0000] {processor.py:161} INFO - Started process (PID=176) to work on /opt/airflow/dags/warehouse_pipeline.py
[2026-05-25T10:30:56.051+0000] {processor.py:830} INFO - Processing file /opt/airflow/dags/warehouse_pipeline.py for tasks to queue
[2026-05-25T10:30:56.054+0000] {logging_mixin.py:188} INFO - [2026-05-25T10:30:56.052+0000] {dagbag.py:538} INFO - Filling up the DagBag from /opt/airflow/dags/warehouse_pipeline.py
[2026-05-25T10:30:56.075+0000] {processor.py:840} INFO - DAG(s) 'warehouse_pipeline' retrieved from /opt/airflow/dags/warehouse_pipeline.py
[2026-05-25T10:30:56.110+0000] {logging_mixin.py:188} INFO - [2026-05-25T10:30:56.110+0000] {dag.py:3036} INFO - Sync 1 DAGs
[2026-05-25T10:30:56.133+0000] {logging_mixin.py:188} INFO - [2026-05-25T10:30:56.133+0000] {dag.py:3823} INFO - Setting next_dagrun for warehouse_pipeline to None, run_after=None
[2026-05-25T10:30:56.148+0000] {processor.py:183} INFO - Processing /opt/airflow/dags/warehouse_pipeline.py took 0.107 seconds
[2026-05-25T10:31:26.546+0000] {processor.py:161} INFO - Started process (PID=186) to work on /opt/airflow/dags/warehouse_pipeline.py
[2026-05-25T10:31:26.548+0000] {processor.py:830} INFO - Processing file /opt/airflow/dags/warehouse_pipeline.py for tasks to queue
[2026-05-25T10:31:26.551+0000] {logging_mixin.py:188} INFO - [2026-05-25T10:31:26.551+0000] {dagbag.py:538} INFO - Filling up the DagBag from /opt/airflow/dags/warehouse_pipeline.py
[2026-05-25T10:31:26.564+0000] {processor.py:840} INFO - DAG(s) 'warehouse_pipeline' retrieved from /opt/airflow/dags/warehouse_pipeline.py
[2026-05-25T10:31:26.588+0000] {logging_mixin.py:188} INFO - [2026-05-25T10:31:26.588+0000] {dag.py:3036} INFO - Sync 1 DAGs
[2026-05-25T10:31:26.596+0000] {logging_mixin.py:188} INFO - [2026-05-25T10:31:26.596+0000] {dag.py:3823} INFO - Setting next_dagrun for warehouse_pipeline to None, run_after=None
[2026-05-25T10:31:26.609+0000] {processor.py:183} INFO - Processing /opt/airflow/dags/warehouse_pipeline.py took 0.068 seconds
[2026-05-25T10:31:56.972+0000] {processor.py:161} INFO - Started process (PID=196) to work on /opt/airflow/dags/warehouse_pipeline.py
[2026-05-25T10:31:56.975+0000] {processor.py:830} INFO - Processing file /opt/airflow/dags/warehouse_pipeline.py for tasks to queue
[2026-05-25T10:31:56.976+0000] {logging_mixin.py:188} INFO - [2026-05-25T10:31:56.976+0000] {dagbag.py:538} INFO - Filling up the DagBag from /opt/airflow/dags/warehouse_pipeline.py
[2026-05-25T10:31:56.990+0000] {processor.py:840} INFO - DAG(s) 'warehouse_pipeline' retrieved from /opt/airflow/dags/warehouse_pipeline.py
[2026-05-25T10:31:57.014+0000] {logging_mixin.py:188} INFO - [2026-05-25T10:31:57.013+0000] {dag.py:3036} INFO - Sync 1 DAGs
[2026-05-25T10:31:57.023+0000] {logging_mixin.py:188} INFO - [2026-05-25T10:31:57.022+0000] {dag.py:3823} INFO - Setting next_dagrun for warehouse_pipeline to None, run_after=None
[2026-05-25T10:31:57.037+0000] {processor.py:183} INFO - Processing /opt/airflow/dags/warehouse_pipeline.py took 0.069 seconds
[2026-05-25T10:32:27.500+0000] {processor.py:161} INFO - Started process (PID=206) to work on /opt/airflow/dags/warehouse_pipeline.py
[2026-05-25T10:32:27.503+0000] {processor.py:830} INFO - Processing file /opt/airflow/dags/warehouse_pipeline.py for tasks to queue
[2026-05-25T10:32:27.506+0000] {logging_mixin.py:188} INFO - [2026-05-25T10:32:27.504+0000] {dagbag.py:538} INFO - Filling up the DagBag from /opt/airflow/dags/warehouse_pipeline.py
[2026-05-25T10:32:27.524+0000] {processor.py:840} INFO - DAG(s) 'warehouse_pipeline' retrieved from /opt/airflow/dags/warehouse_pipeline.py
[2026-05-25T10:32:27.554+0000] {logging_mixin.py:188} INFO - [2026-05-25T10:32:27.553+0000] {dag.py:3036} INFO - Sync 1 DAGs
[2026-05-25T10:32:27.564+0000] {logging_mixin.py:188} INFO - [2026-05-25T10:32:27.564+0000] {dag.py:3823} INFO - Setting next_dagrun for warehouse_pipeline to None, run_after=None
[2026-05-25T10:32:27.578+0000] {processor.py:183} INFO - Processing /opt/airflow/dags/warehouse_pipeline.py took 0.096 seconds
[2026-05-25T10:32:57.876+0000] {processor.py:161} INFO - Started process (PID=216) to work on /opt/airflow/dags/warehouse_pipeline.py
[2026-05-25T10:32:57.878+0000] {processor.py:830} INFO - Processing file /opt/airflow/dags/warehouse_pipeline.py for tasks to queue
[2026-05-25T10:32:57.881+0000] {logging_mixin.py:188} INFO - [2026-05-25T10:32:57.880+0000] {dagbag.py:538} INFO - Filling up the DagBag from /opt/airflow/dags/warehouse_pipeline.py
[2026-05-25T10:32:57.904+0000] {processor.py:840} INFO - DAG(s) 'warehouse_pipeline' retrieved from /opt/airflow/dags/warehouse_pipeline.py
[2026-05-25T10:32:57.930+0000] {logging_mixin.py:188} INFO - [2026-05-25T10:32:57.929+0000] {dag.py:3036} INFO - Sync 1 DAGs
[2026-05-25T10:32:57.940+0000] {logging_mixin.py:188} INFO - [2026-05-25T10:32:57.939+0000] {dag.py:3823} INFO - Setting next_dagrun for warehouse_pipeline to None, run_after=None
[2026-05-25T10:32:57.953+0000] {processor.py:183} INFO - Processing /opt/airflow/dags/warehouse_pipeline.py took 0.084 seconds
[2026-05-25T10:33:28.812+0000] {processor.py:161} INFO - Started process (PID=276) to work on /opt/airflow/dags/warehouse_pipeline.py
[2026-05-25T10:33:28.815+0000] {processor.py:830} INFO - Processing file /opt/airflow/dags/warehouse_pipeline.py for tasks to queue
[2026-05-25T10:33:28.816+0000] {logging_mixin.py:188} INFO - [2026-05-25T10:33:28.815+0000] {dagbag.py:538} INFO - Filling up the DagBag from /opt/airflow/dags/warehouse_pipeline.py
[2026-05-25T10:33:28.830+0000] {processor.py:840} INFO - DAG(s) 'warehouse_pipeline' retrieved from /opt/airflow/dags/warehouse_pipeline.py
[2026-05-25T10:33:28.850+0000] {logging_mixin.py:188} INFO - [2026-05-25T10:33:28.850+0000] {dag.py:3036} INFO - Sync 1 DAGs
[2026-05-25T10:33:28.859+0000] {logging_mixin.py:188} INFO - [2026-05-25T10:33:28.858+0000] {dag.py:3823} INFO - Setting next_dagrun for warehouse_pipeline to None, run_after=None
[2026-05-25T10:33:28.873+0000] {processor.py:183} INFO - Processing /opt/airflow/dags/warehouse_pipeline.py took 0.066 seconds
[2026-05-25T10:33:59.123+0000] {processor.py:161} INFO - Started process (PID=286) to work on /opt/airflow/dags/warehouse_pipeline.py
[2026-05-25T10:33:59.126+0000] {processor.py:830} INFO - Processing file /opt/airflow/dags/warehouse_pipeline.py for tasks to queue
[2026-05-25T10:33:59.128+0000] {logging_mixin.py:188} INFO - [2026-05-25T10:33:59.127+0000] {dagbag.py:538} INFO - Filling up the DagBag from /opt/airflow/dags/warehouse_pipeline.py
[2026-05-25T10:33:59.144+0000] {processor.py:840} INFO - DAG(s) 'warehouse_pipeline' retrieved from /opt/airflow/dags/warehouse_pipeline.py
[2026-05-25T10:33:59.171+0000] {logging_mixin.py:188} INFO - [2026-05-25T10:33:59.171+0000] {dag.py:3036} INFO - Sync 1 DAGs
[2026-05-25T10:33:59.181+0000] {logging_mixin.py:188} INFO - [2026-05-25T10:33:59.181+0000] {dag.py:3823} INFO - Setting next_dagrun for warehouse_pipeline to None, run_after=None
[2026-05-25T10:33:59.196+0000] {processor.py:183} INFO - Processing /opt/airflow/dags/warehouse_pipeline.py took 0.078 seconds
[2026-05-25T10:34:29.542+0000] {processor.py:161} INFO - Started process (PID=296) to work on /opt/airflow/dags/warehouse_pipeline.py
[2026-05-25T10:34:29.545+0000] {processor.py:830} INFO - Processing file /opt/airflow/dags/warehouse_pipeline.py for tasks to queue
[2026-05-25T10:34:29.546+0000] {logging_mixin.py:188} INFO - [2026-05-25T10:34:29.546+0000] {dagbag.py:538} INFO - Filling up the DagBag from /opt/airflow/dags/warehouse_pipeline.py
[2026-05-25T10:34:29.559+0000] {processor.py:840} INFO - DAG(s) 'warehouse_pipeline' retrieved from /opt/airflow/dags/warehouse_pipeline.py
[2026-05-25T10:34:29.585+0000] {logging_mixin.py:188} INFO - [2026-05-25T10:34:29.585+0000] {dag.py:3036} INFO - Sync 1 DAGs
[2026-05-25T10:34:29.594+0000] {logging_mixin.py:188} INFO - [2026-05-25T10:34:29.594+0000] {dag.py:3823} INFO - Setting next_dagrun for warehouse_pipeline to None, run_after=None
[2026-05-25T10:34:29.611+0000] {processor.py:183} INFO - Processing /opt/airflow/dags/warehouse_pipeline.py took 0.076 seconds
[2026-05-25T10:34:59.955+0000] {processor.py:161} INFO - Started process (PID=306) to work on /opt/airflow/dags/warehouse_pipeline.py
[2026-05-25T10:34:59.959+0000] {processor.py:830} INFO - Processing file /opt/airflow/dags/warehouse_pipeline.py for tasks to queue
[2026-05-25T10:34:59.961+0000] {logging_mixin.py:188} INFO - [2026-05-25T10:34:59.961+0000] {dagbag.py:538} INFO - Filling up the DagBag from /opt/airflow/dags/warehouse_pipeline.py
[2026-05-25T10:34:59.978+0000] {processor.py:840} INFO - DAG(s) 'warehouse_pipeline' retrieved from /opt/airflow/dags/warehouse_pipeline.py
[2026-05-25T10:35:00.008+0000] {logging_mixin.py:188} INFO - [2026-05-25T10:35:00.008+0000] {dag.py:3036} INFO - Sync 1 DAGs
[2026-05-25T10:35:00.017+0000] {logging_mixin.py:188} INFO - [2026-05-25T10:35:00.017+0000] {dag.py:3823} INFO - Setting next_dagrun for warehouse_pipeline to None, run_after=None
[2026-05-25T10:35:00.030+0000] {processor.py:183} INFO - Processing /opt/airflow/dags/warehouse_pipeline.py took 0.082 seconds
[2026-05-25T10:35:30.365+0000] {processor.py:161} INFO - Started process (PID=316) to work on /opt/airflow/dags/warehouse_pipeline.py
[2026-05-25T10:35:30.368+0000] {processor.py:830} INFO - Processing file /opt/airflow/dags/warehouse_pipeline.py for tasks to queue
[2026-05-25T10:35:30.369+0000] {logging_mixin.py:188} INFO - [2026-05-25T10:35:30.369+0000] {dagbag.py:538} INFO - Filling up the DagBag from /opt/airflow/dags/warehouse_pipeline.py
[2026-05-25T10:35:30.387+0000] {processor.py:840} INFO - DAG(s) 'warehouse_pipeline' retrieved from /opt/airflow/dags/warehouse_pipeline.py
[2026-05-25T10:35:30.410+0000] {logging_mixin.py:188} INFO - [2026-05-25T10:35:30.410+0000] {dag.py:3036} INFO - Sync 1 DAGs
[2026-05-25T10:35:30.418+0000] {logging_mixin.py:188} INFO - [2026-05-25T10:35:30.418+0000] {dag.py:3823} INFO - Setting next_dagrun for warehouse_pipeline to None, run_after=None
[2026-05-25T10:35:30.432+0000] {processor.py:183} INFO - Processing /opt/airflow/dags/warehouse_pipeline.py took 0.074 seconds
[2026-05-25T10:36:00.723+0000] {processor.py:161} INFO - Started process (PID=326) to work on /opt/airflow/dags/warehouse_pipeline.py
[2026-05-25T10:36:00.726+0000] {processor.py:830} INFO - Processing file /opt/airflow/dags/warehouse_pipeline.py for tasks to queue
[2026-05-25T10:36:00.727+0000] {logging_mixin.py:188} INFO - [2026-05-25T10:36:00.727+0000] {dagbag.py:538} INFO - Filling up the DagBag from /opt/airflow/dags/warehouse_pipeline.py
[2026-05-25T10:36:00.741+0000] {processor.py:840} INFO - DAG(s) 'warehouse_pipeline' retrieved from /opt/airflow/dags/warehouse_pipeline.py
[2026-05-25T10:36:00.761+0000] {logging_mixin.py:188} INFO - [2026-05-25T10:36:00.761+0000] {dag.py:3036} INFO - Sync 1 DAGs
[2026-05-25T10:36:00.771+0000] {logging_mixin.py:188} INFO - [2026-05-25T10:36:00.771+0000] {dag.py:3823} INFO - Setting next_dagrun for warehouse_pipeline to None, run_after=None
[2026-05-25T10:36:00.785+0000] {processor.py:183} INFO - Processing /opt/airflow/dags/warehouse_pipeline.py took 0.066 seconds
[2026-05-25T10:36:31.158+0000] {processor.py:161} INFO - Started process (PID=336) to work on /opt/airflow/dags/warehouse_pipeline.py
[2026-05-25T10:36:31.159+0000] {processor.py:830} INFO - Processing file /opt/airflow/dags/warehouse_pipeline.py for tasks to queue
[2026-05-25T10:36:31.160+0000] {logging_mixin.py:188} INFO - [2026-05-25T10:36:31.160+0000] {dagbag.py:538} INFO - Filling up the DagBag from /opt/airflow/dags/warehouse_pipeline.py
[2026-05-25T10:36:31.171+0000] {processor.py:840} INFO - DAG(s) 'warehouse_pipeline' retrieved from /opt/airflow/dags/warehouse_pipeline.py
[2026-05-25T10:36:31.198+0000] {logging_mixin.py:188} INFO - [2026-05-25T10:36:31.198+0000] {dag.py:3036} INFO - Sync 1 DAGs
[2026-05-25T10:36:31.210+0000] {logging_mixin.py:188} INFO - [2026-05-25T10:36:31.210+0000] {dag.py:3823} INFO - Setting next_dagrun for warehouse_pipeline to None, run_after=None
[2026-05-25T10:36:31.227+0000] {processor.py:183} INFO - Processing /opt/airflow/dags/warehouse_pipeline.py took 0.076 seconds
[2026-05-25T10:37:01.703+0000] {processor.py:161} INFO - Started process (PID=346) to work on /opt/airflow/dags/warehouse_pipeline.py
[2026-05-25T10:37:01.706+0000] {processor.py:830} INFO - Processing file /opt/airflow/dags/warehouse_pipeline.py for tasks to queue
[2026-05-25T10:37:01.708+0000] {logging_mixin.py:188} INFO - [2026-05-25T10:37:01.708+0000] {dagbag.py:538} INFO - Filling up the DagBag from /opt/airflow/dags/warehouse_pipeline.py
[2026-05-25T10:37:01.723+0000] {processor.py:840} INFO - DAG(s) 'warehouse_pipeline' retrieved from /opt/airflow/dags/warehouse_pipeline.py
[2026-05-25T10:37:01.770+0000] {logging_mixin.py:188} INFO - [2026-05-25T10:37:01.769+0000] {dag.py:3036} INFO - Sync 1 DAGs
[2026-05-25T10:37:01.780+0000] {logging_mixin.py:188} INFO - [2026-05-25T10:37:01.780+0000] {dag.py:3823} INFO - Setting next_dagrun for warehouse_pipeline to None, run_after=None
[2026-05-25T10:37:01.794+0000] {processor.py:183} INFO - Processing /opt/airflow/dags/warehouse_pipeline.py took 0.100 seconds
[2026-05-25T10:37:32.607+0000] {processor.py:161} INFO - Started process (PID=356) to work on /opt/airflow/dags/warehouse_pipeline.py
[2026-05-25T10:37:32.611+0000] {processor.py:830} INFO - Processing file /opt/airflow/dags/warehouse_pipeline.py for tasks to queue
[2026-05-25T10:37:32.613+0000] {logging_mixin.py:188} INFO - [2026-05-25T10:37:32.613+0000] {dagbag.py:538} INFO - Filling up the DagBag from /opt/airflow/dags/warehouse_pipeline.py
[2026-05-25T10:37:32.630+0000] {processor.py:840} INFO - DAG(s) 'warehouse_pipeline' retrieved from /opt/airflow/dags/warehouse_pipeline.py
[2026-05-25T10:37:32.657+0000] {logging_mixin.py:188} INFO - [2026-05-25T10:37:32.657+0000] {dag.py:3036} INFO - Sync 1 DAGs
[2026-05-25T10:37:32.667+0000] {logging_mixin.py:188} INFO - [2026-05-25T10:37:32.667+0000] {dag.py:3823} INFO - Setting next_dagrun for warehouse_pipeline to None, run_after=None
[2026-05-25T10:37:32.681+0000] {processor.py:183} INFO - Processing /opt/airflow/dags/warehouse_pipeline.py took 0.084 seconds
[2026-05-25T10:38:02.924+0000] {processor.py:161} INFO - Started process (PID=366) to work on /opt/airflow/dags/warehouse_pipeline.py
[2026-05-25T10:38:02.929+0000] {processor.py:830} INFO - Processing file /opt/airflow/dags/warehouse_pipeline.py for tasks to queue
[2026-05-25T10:38:02.930+0000] {logging_mixin.py:188} INFO - [2026-05-25T10:38:02.929+0000] {dagbag.py:538} INFO - Filling up the DagBag from /opt/airflow/dags/warehouse_pipeline.py
[2026-05-25T10:38:02.946+0000] {processor.py:840} INFO - DAG(s) 'warehouse_pipeline' retrieved from /opt/airflow/dags/warehouse_pipeline.py
[2026-05-25T10:38:02.975+0000] {logging_mixin.py:188} INFO - [2026-05-25T10:38:02.975+0000] {dag.py:3036} INFO - Sync 1 DAGs
[2026-05-25T10:38:02.986+0000] {logging_mixin.py:188} INFO - [2026-05-25T10:38:02.986+0000] {dag.py:3823} INFO - Setting next_dagrun for warehouse_pipeline to None, run_after=None
[2026-05-25T10:38:03.000+0000] {processor.py:183} INFO - Processing /opt/airflow/dags/warehouse_pipeline.py took 0.086 seconds
[2026-05-25T10:38:33.309+0000] {processor.py:161} INFO - Started process (PID=376) to work on /opt/airflow/dags/warehouse_pipeline.py
[2026-05-25T10:38:33.312+0000] {processor.py:830} INFO - Processing file /opt/airflow/dags/warehouse_pipeline.py for tasks to queue
[2026-05-25T10:38:33.313+0000] {logging_mixin.py:188} INFO - [2026-05-25T10:38:33.313+0000] {dagbag.py:538} INFO - Filling up the DagBag from /opt/airflow/dags/warehouse_pipeline.py
[2026-05-25T10:38:33.323+0000] {processor.py:840} INFO - DAG(s) 'warehouse_pipeline' retrieved from /opt/airflow/dags/warehouse_pipeline.py
[2026-05-25T10:38:33.353+0000] {logging_mixin.py:188} INFO - [2026-05-25T10:38:33.353+0000] {dag.py:3036} INFO - Sync 1 DAGs
[2026-05-25T10:38:33.361+0000] {logging_mixin.py:188} INFO - [2026-05-25T10:38:33.361+0000] {dag.py:3823} INFO - Setting next_dagrun for warehouse_pipeline to None, run_after=None
[2026-05-25T10:38:33.375+0000] {processor.py:183} INFO - Processing /opt/airflow/dags/warehouse_pipeline.py took 0.070 seconds
[2026-05-25T10:39:03.745+0000] {processor.py:161} INFO - Started process (PID=386) to work on /opt/airflow/dags/warehouse_pipeline.py
[2026-05-25T10:39:03.750+0000] {processor.py:830} INFO - Processing file /opt/airflow/dags/warehouse_pipeline.py for tasks to queue
[2026-05-25T10:39:03.752+0000] {logging_mixin.py:188} INFO - [2026-05-25T10:39:03.751+0000] {dagbag.py:538} INFO - Filling up the DagBag from /opt/airflow/dags/warehouse_pipeline.py
[2026-05-25T10:39:03.779+0000] {processor.py:840} INFO - DAG(s) 'warehouse_pipeline' retrieved from /opt/airflow/dags/warehouse_pipeline.py
[2026-05-25T10:39:03.805+0000] {logging_mixin.py:188} INFO - [2026-05-25T10:39:03.805+0000] {dag.py:3036} INFO - Sync 1 DAGs
[2026-05-25T10:39:03.816+0000] {logging_mixin.py:188} INFO - [2026-05-25T10:39:03.816+0000] {dag.py:3823} INFO - Setting next_dagrun for warehouse_pipeline to None, run_after=None
[2026-05-25T10:39:03.828+0000] {processor.py:183} INFO - Processing /opt/airflow/dags/warehouse_pipeline.py took 0.092 seconds
[2026-05-25T10:39:34.241+0000] {processor.py:161} INFO - Started process (PID=396) to work on /opt/airflow/dags/warehouse_pipeline.py
[2026-05-25T10:39:34.244+0000] {processor.py:830} INFO - Processing file /opt/airflow/dags/warehouse_pipeline.py for tasks to queue
[2026-05-25T10:39:34.246+0000] {logging_mixin.py:188} INFO - [2026-05-25T10:39:34.245+0000] {dagbag.py:538} INFO - Filling up the DagBag from /opt/airflow/dags/warehouse_pipeline.py
[2026-05-25T10:39:34.263+0000] {processor.py:840} INFO - DAG(s) 'warehouse_pipeline' retrieved from /opt/airflow/dags/warehouse_pipeline.py
[2026-05-25T10:39:34.289+0000] {logging_mixin.py:188} INFO - [2026-05-25T10:39:34.289+0000] {dag.py:3036} INFO - Sync 1 DAGs
[2026-05-25T10:39:34.303+0000] {logging_mixin.py:188} INFO - [2026-05-25T10:39:34.303+0000] {dag.py:3823} INFO - Setting next_dagrun for warehouse_pipeline to None, run_after=None
[2026-05-25T10:39:34.317+0000] {processor.py:183} INFO - Processing /opt/airflow/dags/warehouse_pipeline.py took 0.083 seconds
[2026-05-25T10:40:36.193+0000] {processor.py:161} INFO - Started process (PID=167) to work on /opt/airflow/dags/warehouse_pipeline.py
[2026-05-25T10:40:36.195+0000] {processor.py:830} INFO - Processing file /opt/airflow/dags/warehouse_pipeline.py for tasks to queue
[2026-05-25T10:40:36.198+0000] {logging_mixin.py:188} INFO - [2026-05-25T10:40:36.197+0000] {dagbag.py:538} INFO - Filling up the DagBag from /opt/airflow/dags/warehouse_pipeline.py
[2026-05-25T10:40:36.215+0000] {processor.py:840} INFO - DAG(s) 'warehouse_pipeline' retrieved from /opt/airflow/dags/warehouse_pipeline.py
[2026-05-25T10:40:36.246+0000] {logging_mixin.py:188} INFO - [2026-05-25T10:40:36.246+0000] {dag.py:3036} INFO - Sync 1 DAGs
[2026-05-25T10:40:36.253+0000] {logging_mixin.py:188} INFO - [2026-05-25T10:40:36.253+0000] {dag.py:3823} INFO - Setting next_dagrun for warehouse_pipeline to None, run_after=None
[2026-05-25T10:40:36.268+0000] {processor.py:183} INFO - Processing /opt/airflow/dags/warehouse_pipeline.py took 0.078 seconds
[2026-05-25T10:41:06.555+0000] {processor.py:161} INFO - Started process (PID=177) to work on /opt/airflow/dags/warehouse_pipeline.py
[2026-05-25T10:41:06.558+0000] {processor.py:830} INFO - Processing file /opt/airflow/dags/warehouse_pipeline.py for tasks to queue
[2026-05-25T10:41:06.559+0000] {logging_mixin.py:188} INFO - [2026-05-25T10:41:06.559+0000] {dagbag.py:538} INFO - Filling up the DagBag from /opt/airflow/dags/warehouse_pipeline.py
[2026-05-25T10:41:06.575+0000] {processor.py:840} INFO - DAG(s) 'warehouse_pipeline' retrieved from /opt/airflow/dags/warehouse_pipeline.py
[2026-05-25T10:41:06.623+0000] {logging_mixin.py:188} INFO - [2026-05-25T10:41:06.623+0000] {dag.py:3036} INFO - Sync 1 DAGs
[2026-05-25T10:41:06.635+0000] {logging_mixin.py:188} INFO - [2026-05-25T10:41:06.635+0000] {dag.py:3823} INFO - Setting next_dagrun for warehouse_pipeline to None, run_after=None
[2026-05-25T10:41:06.654+0000] {processor.py:183} INFO - Processing /opt/airflow/dags/warehouse_pipeline.py took 0.105 seconds
[2026-05-25T10:41:37.085+0000] {processor.py:161} INFO - Started process (PID=187) to work on /opt/airflow/dags/warehouse_pipeline.py
[2026-05-25T10:41:37.089+0000] {processor.py:830} INFO - Processing file /opt/airflow/dags/warehouse_pipeline.py for tasks to queue
[2026-05-25T10:41:37.091+0000] {logging_mixin.py:188} INFO - [2026-05-25T10:41:37.090+0000] {dagbag.py:538} INFO - Filling up the DagBag from /opt/airflow/dags/warehouse_pipeline.py
[2026-05-25T10:41:37.106+0000] {processor.py:840} INFO - DAG(s) 'warehouse_pipeline' retrieved from /opt/airflow/dags/warehouse_pipeline.py
[2026-05-25T10:41:37.135+0000] {logging_mixin.py:188} INFO - [2026-05-25T10:41:37.135+0000] {dag.py:3036} INFO - Sync 1 DAGs
[2026-05-25T10:41:37.156+0000] {logging_mixin.py:188} INFO - [2026-05-25T10:41:37.156+0000] {dag.py:3823} INFO - Setting next_dagrun for warehouse_pipeline to None, run_after=None
[2026-05-25T10:41:37.172+0000] {processor.py:183} INFO - Processing /opt/airflow/dags/warehouse_pipeline.py took 0.104 seconds
[2026-05-25T10:42:07.460+0000] {processor.py:161} INFO - Started process (PID=197) to work on /opt/airflow/dags/warehouse_pipeline.py
[2026-05-25T10:42:07.463+0000] {processor.py:830} INFO - Processing file /opt/airflow/dags/warehouse_pipeline.py for tasks to queue
[2026-05-25T10:42:07.464+0000] {logging_mixin.py:188} INFO - [2026-05-25T10:42:07.464+0000] {dagbag.py:538} INFO - Filling up the DagBag from /opt/airflow/dags/warehouse_pipeline.py
[2026-05-25T10:42:07.480+0000] {processor.py:840} INFO - DAG(s) 'warehouse_pipeline' retrieved from /opt/airflow/dags/warehouse_pipeline.py
[2026-05-25T10:42:07.502+0000] {logging_mixin.py:188} INFO - [2026-05-25T10:42:07.502+0000] {dag.py:3036} INFO - Sync 1 DAGs
[2026-05-25T10:42:07.509+0000] {logging_mixin.py:188} INFO - [2026-05-25T10:42:07.509+0000] {dag.py:3823} INFO - Setting next_dagrun for warehouse_pipeline to None, run_after=None
[2026-05-25T10:42:07.520+0000] {processor.py:183} INFO - Processing /opt/airflow/dags/warehouse_pipeline.py took 0.066 seconds
[2026-05-25T10:42:37.831+0000] {processor.py:161} INFO - Started process (PID=207) to work on /opt/airflow/dags/warehouse_pipeline.py
[2026-05-25T10:42:37.834+0000] {processor.py:830} INFO - Processing file /opt/airflow/dags/warehouse_pipeline.py for tasks to queue
[2026-05-25T10:42:37.836+0000] {logging_mixin.py:188} INFO - [2026-05-25T10:42:37.835+0000] {dagbag.py:538} INFO - Filling up the DagBag from /opt/airflow/dags/warehouse_pipeline.py
[2026-05-25T10:42:37.853+0000] {processor.py:840} INFO - DAG(s) 'warehouse_pipeline' retrieved from /opt/airflow/dags/warehouse_pipeline.py
[2026-05-25T10:42:37.878+0000] {logging_mixin.py:188} INFO - [2026-05-25T10:42:37.878+0000] {dag.py:3036} INFO - Sync 1 DAGs
[2026-05-25T10:42:37.886+0000] {logging_mixin.py:188} INFO - [2026-05-25T10:42:37.886+0000] {dag.py:3823} INFO - Setting next_dagrun for warehouse_pipeline to None, run_after=None
[2026-05-25T10:42:37.901+0000] {processor.py:183} INFO - Processing /opt/airflow/dags/warehouse_pipeline.py took 0.077 seconds
[2026-05-25T10:43:08.274+0000] {processor.py:161} INFO - Started process (PID=217) to work on /opt/airflow/dags/warehouse_pipeline.py
[2026-05-25T10:43:08.278+0000] {processor.py:830} INFO - Processing file /opt/airflow/dags/warehouse_pipeline.py for tasks to queue
[2026-05-25T10:43:08.279+0000] {logging_mixin.py:188} INFO - [2026-05-25T10:43:08.279+0000] {dagbag.py:538} INFO - Filling up the DagBag from /opt/airflow/dags/warehouse_pipeline.py
[2026-05-25T10:43:08.295+0000] {processor.py:840} INFO - DAG(s) 'warehouse_pipeline' retrieved from /opt/airflow/dags/warehouse_pipeline.py
[2026-05-25T10:43:08.323+0000] {logging_mixin.py:188} INFO - [2026-05-25T10:43:08.323+0000] {dag.py:3036} INFO - Sync 1 DAGs
[2026-05-25T10:43:08.331+0000] {logging_mixin.py:188} INFO - [2026-05-25T10:43:08.331+0000] {dag.py:3823} INFO - Setting next_dagrun for warehouse_pipeline to None, run_after=None
[2026-05-25T10:43:08.346+0000] {processor.py:183} INFO - Processing /opt/airflow/dags/warehouse_pipeline.py took 0.078 seconds
[2026-05-25T10:43:38.729+0000] {processor.py:161} INFO - Started process (PID=227) to work on /opt/airflow/dags/warehouse_pipeline.py
[2026-05-25T10:43:38.733+0000] {processor.py:830} INFO - Processing file /opt/airflow/dags/warehouse_pipeline.py for tasks to queue
[2026-05-25T10:43:38.735+0000] {logging_mixin.py:188} INFO - [2026-05-25T10:43:38.735+0000] {dagbag.py:538} INFO - Filling up the DagBag from /opt/airflow/dags/warehouse_pipeline.py
[2026-05-25T10:43:38.756+0000] {processor.py:840} INFO - DAG(s) 'warehouse_pipeline' retrieved from /opt/airflow/dags/warehouse_pipeline.py
[2026-05-25T10:43:38.780+0000] {logging_mixin.py:188} INFO - [2026-05-25T10:43:38.780+0000] {dag.py:3036} INFO - Sync 1 DAGs
[2026-05-25T10:43:38.787+0000] {logging_mixin.py:188} INFO - [2026-05-25T10:43:38.787+0000] {dag.py:3823} INFO - Setting next_dagrun for warehouse_pipeline to None, run_after=None
[2026-05-25T10:43:38.802+0000] {processor.py:183} INFO - Processing /opt/airflow/dags/warehouse_pipeline.py took 0.079 seconds
[2026-05-25T10:44:09.101+0000] {processor.py:161} INFO - Started process (PID=237) to work on /opt/airflow/dags/warehouse_pipeline.py
[2026-05-25T10:44:09.105+0000] {processor.py:830} INFO - Processing file /opt/airflow/dags/warehouse_pipeline.py for tasks to queue
[2026-05-25T10:44:09.107+0000] {logging_mixin.py:188} INFO - [2026-05-25T10:44:09.106+0000] {dagbag.py:538} INFO - Filling up the DagBag from /opt/airflow/dags/warehouse_pipeline.py
[2026-05-25T10:44:09.124+0000] {processor.py:840} INFO - DAG(s) 'warehouse_pipeline' retrieved from /opt/airflow/dags/warehouse_pipeline.py
[2026-05-25T10:44:09.150+0000] {logging_mixin.py:188} INFO - [2026-05-25T10:44:09.150+0000] {dag.py:3036} INFO - Sync 1 DAGs
[2026-05-25T10:44:09.159+0000] {logging_mixin.py:188} INFO - [2026-05-25T10:44:09.159+0000] {dag.py:3823} INFO - Setting next_dagrun for warehouse_pipeline to None, run_after=None
[2026-05-25T10:44:09.177+0000] {processor.py:183} INFO - Processing /opt/airflow/dags/warehouse_pipeline.py took 0.084 seconds
[2026-05-25T10:44:39.445+0000] {processor.py:161} INFO - Started process (PID=247) to work on /opt/airflow/dags/warehouse_pipeline.py
[2026-05-25T10:44:39.447+0000] {processor.py:830} INFO - Processing file /opt/airflow/dags/warehouse_pipeline.py for tasks to queue
[2026-05-25T10:44:39.449+0000] {logging_mixin.py:188} INFO - [2026-05-25T10:44:39.448+0000] {dagbag.py:538} INFO - Filling up the DagBag from /opt/airflow/dags/warehouse_pipeline.py
[2026-05-25T10:44:39.468+0000] {processor.py:840} INFO - DAG(s) 'warehouse_pipeline' retrieved from /opt/airflow/dags/warehouse_pipeline.py
[2026-05-25T10:44:39.490+0000] {logging_mixin.py:188} INFO - [2026-05-25T10:44:39.490+0000] {dag.py:3036} INFO - Sync 1 DAGs
[2026-05-25T10:44:39.502+0000] {logging_mixin.py:188} INFO - [2026-05-25T10:44:39.502+0000] {dag.py:3823} INFO - Setting next_dagrun for warehouse_pipeline to None, run_after=None
[2026-05-25T10:44:39.518+0000] {processor.py:183} INFO - Processing /opt/airflow/dags/warehouse_pipeline.py took 0.080 seconds
[2026-05-25T10:45:09.858+0000] {processor.py:161} INFO - Started process (PID=257) to work on /opt/airflow/dags/warehouse_pipeline.py
[2026-05-25T10:45:09.860+0000] {processor.py:830} INFO - Processing file /opt/airflow/dags/warehouse_pipeline.py for tasks to queue
[2026-05-25T10:45:09.861+0000] {logging_mixin.py:188} INFO - [2026-05-25T10:45:09.860+0000] {dagbag.py:538} INFO - Filling up the DagBag from /opt/airflow/dags/warehouse_pipeline.py
[2026-05-25T10:45:09.875+0000] {processor.py:840} INFO - DAG(s) 'warehouse_pipeline' retrieved from /opt/airflow/dags/warehouse_pipeline.py
[2026-05-25T10:45:09.895+0000] {logging_mixin.py:188} INFO - [2026-05-25T10:45:09.895+0000] {dag.py:3036} INFO - Sync 1 DAGs
[2026-05-25T10:45:09.903+0000] {logging_mixin.py:188} INFO - [2026-05-25T10:45:09.903+0000] {dag.py:3823} INFO - Setting next_dagrun for warehouse_pipeline to None, run_after=None
[2026-05-25T10:45:09.916+0000] {processor.py:183} INFO - Processing /opt/airflow/dags/warehouse_pipeline.py took 0.063 seconds
[2026-05-25T10:45:40.284+0000] {processor.py:161} INFO - Started process (PID=267) to work on /opt/airflow/dags/warehouse_pipeline.py
[2026-05-25T10:45:40.289+0000] {processor.py:830} INFO - Processing file /opt/airflow/dags/warehouse_pipeline.py for tasks to queue
[2026-05-25T10:45:40.291+0000] {logging_mixin.py:188} INFO - [2026-05-25T10:45:40.290+0000] {dagbag.py:538} INFO - Filling up the DagBag from /opt/airflow/dags/warehouse_pipeline.py
[2026-05-25T10:45:40.314+0000] {processor.py:840} INFO - DAG(s) 'warehouse_pipeline' retrieved from /opt/airflow/dags/warehouse_pipeline.py
[2026-05-25T10:45:40.340+0000] {logging_mixin.py:188} INFO - [2026-05-25T10:45:40.339+0000] {dag.py:3036} INFO - Sync 1 DAGs
[2026-05-25T10:45:40.349+0000] {logging_mixin.py:188} INFO - [2026-05-25T10:45:40.349+0000] {dag.py:3823} INFO - Setting next_dagrun for warehouse_pipeline to None, run_after=None
[2026-05-25T10:45:40.363+0000] {processor.py:183} INFO - Processing /opt/airflow/dags/warehouse_pipeline.py took 0.095 seconds
[2026-05-25T10:46:10.641+0000] {processor.py:161} INFO - Started process (PID=277) to work on /opt/airflow/dags/warehouse_pipeline.py
[2026-05-25T10:46:10.644+0000] {processor.py:830} INFO - Processing file /opt/airflow/dags/warehouse_pipeline.py for tasks to queue
[2026-05-25T10:46:10.647+0000] {logging_mixin.py:188} INFO - [2026-05-25T10:46:10.647+0000] {dagbag.py:538} INFO - Filling up the DagBag from /opt/airflow/dags/warehouse_pipeline.py
[2026-05-25T10:46:10.665+0000] {processor.py:840} INFO - DAG(s) 'warehouse_pipeline' retrieved from /opt/airflow/dags/warehouse_pipeline.py
[2026-05-25T10:46:10.692+0000] {logging_mixin.py:188} INFO - [2026-05-25T10:46:10.692+0000] {dag.py:3036} INFO - Sync 1 DAGs
[2026-05-25T10:46:10.704+0000] {logging_mixin.py:188} INFO - [2026-05-25T10:46:10.704+0000] {dag.py:3823} INFO - Setting next_dagrun for warehouse_pipeline to None, run_after=None
[2026-05-25T10:46:10.723+0000] {processor.py:183} INFO - Processing /opt/airflow/dags/warehouse_pipeline.py took 0.093 seconds
[2026-05-25T10:46:41.031+0000] {processor.py:161} INFO - Started process (PID=287) to work on /opt/airflow/dags/warehouse_pipeline.py
[2026-05-25T10:46:41.037+0000] {processor.py:830} INFO - Processing file /opt/airflow/dags/warehouse_pipeline.py for tasks to queue
[2026-05-25T10:46:41.038+0000] {logging_mixin.py:188} INFO - [2026-05-25T10:46:41.037+0000] {dagbag.py:538} INFO - Filling up the DagBag from /opt/airflow/dags/warehouse_pipeline.py
[2026-05-25T10:46:41.056+0000] {processor.py:840} INFO - DAG(s) 'warehouse_pipeline' retrieved from /opt/airflow/dags/warehouse_pipeline.py
[2026-05-25T10:46:41.078+0000] {logging_mixin.py:188} INFO - [2026-05-25T10:46:41.078+0000] {dag.py:3036} INFO - Sync 1 DAGs
[2026-05-25T10:46:41.089+0000] {logging_mixin.py:188} INFO - [2026-05-25T10:46:41.089+0000] {dag.py:3823} INFO - Setting next_dagrun for warehouse_pipeline to None, run_after=None
[2026-05-25T10:46:41.104+0000] {processor.py:183} INFO - Processing /opt/airflow/dags/warehouse_pipeline.py took 0.083 seconds
[2026-05-25T10:47:11.412+0000] {processor.py:161} INFO - Started process (PID=297) to work on /opt/airflow/dags/warehouse_pipeline.py
[2026-05-25T10:47:11.416+0000] {processor.py:830} INFO - Processing file /opt/airflow/dags/warehouse_pipeline.py for tasks to queue
[2026-05-25T10:47:11.418+0000] {logging_mixin.py:188} INFO - [2026-05-25T10:47:11.417+0000] {dagbag.py:538} INFO - Filling up the DagBag from /opt/airflow/dags/warehouse_pipeline.py
[2026-05-25T10:47:11.433+0000] {processor.py:840} INFO - DAG(s) 'warehouse_pipeline' retrieved from /opt/airflow/dags/warehouse_pipeline.py
[2026-05-25T10:47:11.460+0000] {logging_mixin.py:188} INFO - [2026-05-25T10:47:11.460+0000] {dag.py:3036} INFO - Sync 1 DAGs
[2026-05-25T10:47:11.470+0000] {logging_mixin.py:188} INFO - [2026-05-25T10:47:11.470+0000] {dag.py:3823} INFO - Setting next_dagrun for warehouse_pipeline to None, run_after=None
[2026-05-25T10:47:11.486+0000] {processor.py:183} INFO - Processing /opt/airflow/dags/warehouse_pipeline.py took 0.089 seconds
[2026-05-25T10:47:41.846+0000] {processor.py:161} INFO - Started process (PID=307) to work on /opt/airflow/dags/warehouse_pipeline.py
[2026-05-25T10:47:41.849+0000] {processor.py:830} INFO - Processing file /opt/airflow/dags/warehouse_pipeline.py for tasks to queue
[2026-05-25T10:47:41.852+0000] {logging_mixin.py:188} INFO - [2026-05-25T10:47:41.851+0000] {dagbag.py:538} INFO - Filling up the DagBag from /opt/airflow/dags/warehouse_pipeline.py
[2026-05-25T10:47:41.873+0000] {processor.py:840} INFO - DAG(s) 'warehouse_pipeline' retrieved from /opt/airflow/dags/warehouse_pipeline.py
[2026-05-25T10:47:41.900+0000] {logging_mixin.py:188} INFO - [2026-05-25T10:47:41.900+0000] {dag.py:3036} INFO - Sync 1 DAGs
[2026-05-25T10:47:41.911+0000] {logging_mixin.py:188} INFO - [2026-05-25T10:47:41.911+0000] {dag.py:3823} INFO - Setting next_dagrun for warehouse_pipeline to None, run_after=None
[2026-05-25T10:47:41.926+0000] {processor.py:183} INFO - Processing /opt/airflow/dags/warehouse_pipeline.py took 0.088 seconds
[2026-05-25T10:48:12.267+0000] {processor.py:161} INFO - Started process (PID=317) to work on /opt/airflow/dags/warehouse_pipeline.py
[2026-05-25T10:48:12.271+0000] {processor.py:830} INFO - Processing file /opt/airflow/dags/warehouse_pipeline.py for tasks to queue
[2026-05-25T10:48:12.272+0000] {logging_mixin.py:188} INFO - [2026-05-25T10:48:12.272+0000] {dagbag.py:538} INFO - Filling up the DagBag from /opt/airflow/dags/warehouse_pipeline.py
[2026-05-25T10:48:12.288+0000] {processor.py:840} INFO - DAG(s) 'warehouse_pipeline' retrieved from /opt/airflow/dags/warehouse_pipeline.py
[2026-05-25T10:48:12.321+0000] {logging_mixin.py:188} INFO - [2026-05-25T10:48:12.321+0000] {dag.py:3036} INFO - Sync 1 DAGs
[2026-05-25T10:48:12.346+0000] {logging_mixin.py:188} INFO - [2026-05-25T10:48:12.346+0000] {dag.py:3823} INFO - Setting next_dagrun for warehouse_pipeline to None, run_after=None
[2026-05-25T10:48:12.362+0000] {processor.py:183} INFO - Processing /opt/airflow/dags/warehouse_pipeline.py took 0.119 seconds
[2026-05-25T10:48:42.795+0000] {processor.py:161} INFO - Started process (PID=327) to work on /opt/airflow/dags/warehouse_pipeline.py
[2026-05-25T10:48:42.798+0000] {processor.py:830} INFO - Processing file /opt/airflow/dags/warehouse_pipeline.py for tasks to queue
[2026-05-25T10:48:42.799+0000] {logging_mixin.py:188} INFO - [2026-05-25T10:48:42.799+0000] {dagbag.py:538} INFO - Filling up the DagBag from /opt/airflow/dags/warehouse_pipeline.py
[2026-05-25T10:48:42.814+0000] {processor.py:840} INFO - DAG(s) 'warehouse_pipeline' retrieved from /opt/airflow/dags/warehouse_pipeline.py
[2026-05-25T10:48:42.839+0000] {logging_mixin.py:188} INFO - [2026-05-25T10:48:42.839+0000] {dag.py:3036} INFO - Sync 1 DAGs
[2026-05-25T10:48:42.849+0000] {logging_mixin.py:188} INFO - [2026-05-25T10:48:42.849+0000] {dag.py:3823} INFO - Setting next_dagrun for warehouse_pipeline to None, run_after=None
[2026-05-25T10:48:42.865+0000] {processor.py:183} INFO - Processing /opt/airflow/dags/warehouse_pipeline.py took 0.078 seconds
[2026-05-25T10:49:13.219+0000] {processor.py:161} INFO - Started process (PID=337) to work on /opt/airflow/dags/warehouse_pipeline.py
[2026-05-25T10:49:13.223+0000] {processor.py:830} INFO - Processing file /opt/airflow/dags/warehouse_pipeline.py for tasks to queue
[2026-05-25T10:49:13.225+0000] {logging_mixin.py:188} INFO - [2026-05-25T10:49:13.225+0000] {dagbag.py:538} INFO - Filling up the DagBag from /opt/airflow/dags/warehouse_pipeline.py
[2026-05-25T10:49:13.243+0000] {processor.py:840} INFO - DAG(s) 'warehouse_pipeline' retrieved from /opt/airflow/dags/warehouse_pipeline.py
[2026-05-25T10:49:13.283+0000] {logging_mixin.py:188} INFO - [2026-05-25T10:49:13.283+0000] {dag.py:3036} INFO - Sync 1 DAGs
[2026-05-25T10:49:13.293+0000] {logging_mixin.py:188} INFO - [2026-05-25T10:49:13.292+0000] {dag.py:3823} INFO - Setting next_dagrun for warehouse_pipeline to None, run_after=None
[2026-05-25T10:49:13.307+0000] {processor.py:183} INFO - Processing /opt/airflow/dags/warehouse_pipeline.py took 0.097 seconds
[2026-05-25T10:49:43.598+0000] {processor.py:161} INFO - Started process (PID=347) to work on /opt/airflow/dags/warehouse_pipeline.py
[2026-05-25T10:49:43.602+0000] {processor.py:830} INFO - Processing file /opt/airflow/dags/warehouse_pipeline.py for tasks to queue
[2026-05-25T10:49:43.604+0000] {logging_mixin.py:188} INFO - [2026-05-25T10:49:43.603+0000] {dagbag.py:538} INFO - Filling up the DagBag from /opt/airflow/dags/warehouse_pipeline.py
[2026-05-25T10:49:43.620+0000] {processor.py:840} INFO - DAG(s) 'warehouse_pipeline' retrieved from /opt/airflow/dags/warehouse_pipeline.py
[2026-05-25T10:49:43.646+0000] {logging_mixin.py:188} INFO - [2026-05-25T10:49:43.646+0000] {dag.py:3036} INFO - Sync 1 DAGs
[2026-05-25T10:49:43.656+0000] {logging_mixin.py:188} INFO - [2026-05-25T10:49:43.656+0000] {dag.py:3823} INFO - Setting next_dagrun for warehouse_pipeline to None, run_after=None
[2026-05-25T10:49:43.670+0000] {processor.py:183} INFO - Processing /opt/airflow/dags/warehouse_pipeline.py took 0.086 seconds
[2026-05-25T10:50:13.963+0000] {processor.py:161} INFO - Started process (PID=357) to work on /opt/airflow/dags/warehouse_pipeline.py
[2026-05-25T10:50:13.966+0000] {processor.py:830} INFO - Processing file /opt/airflow/dags/warehouse_pipeline.py for tasks to queue
[2026-05-25T10:50:13.967+0000] {logging_mixin.py:188} INFO - [2026-05-25T10:50:13.967+0000] {dagbag.py:538} INFO - Filling up the DagBag from /opt/airflow/dags/warehouse_pipeline.py
[2026-05-25T10:50:13.982+0000] {processor.py:840} INFO - DAG(s) 'warehouse_pipeline' retrieved from /opt/airflow/dags/warehouse_pipeline.py
[2026-05-25T10:50:14.006+0000] {logging_mixin.py:188} INFO - [2026-05-25T10:50:14.006+0000] {dag.py:3036} INFO - Sync 1 DAGs
[2026-05-25T10:50:14.016+0000] {logging_mixin.py:188} INFO - [2026-05-25T10:50:14.016+0000] {dag.py:3823} INFO - Setting next_dagrun for warehouse_pipeline to None, run_after=None
[2026-05-25T10:50:14.030+0000] {processor.py:183} INFO - Processing /opt/airflow/dags/warehouse_pipeline.py took 0.075 seconds
[2026-05-25T10:50:44.428+0000] {processor.py:161} INFO - Started process (PID=367) to work on /opt/airflow/dags/warehouse_pipeline.py
[2026-05-25T10:50:44.432+0000] {processor.py:830} INFO - Processing file /opt/airflow/dags/warehouse_pipeline.py for tasks to queue
[2026-05-25T10:50:44.433+0000] {logging_mixin.py:188} INFO - [2026-05-25T10:50:44.433+0000] {dagbag.py:538} INFO - Filling up the DagBag from /opt/airflow/dags/warehouse_pipeline.py
[2026-05-25T10:50:44.451+0000] {processor.py:840} INFO - DAG(s) 'warehouse_pipeline' retrieved from /opt/airflow/dags/warehouse_pipeline.py
[2026-05-25T10:50:44.487+0000] {logging_mixin.py:188} INFO - [2026-05-25T10:50:44.486+0000] {dag.py:3036} INFO - Sync 1 DAGs
[2026-05-25T10:50:44.500+0000] {logging_mixin.py:188} INFO - [2026-05-25T10:50:44.500+0000] {dag.py:3823} INFO - Setting next_dagrun for warehouse_pipeline to None, run_after=None
[2026-05-25T10:50:44.518+0000] {processor.py:183} INFO - Processing /opt/airflow/dags/warehouse_pipeline.py took 0.115 seconds
[2026-05-25T10:51:14.838+0000] {processor.py:161} INFO - Started process (PID=377) to work on /opt/airflow/dags/warehouse_pipeline.py
[2026-05-25T10:51:14.841+0000] {processor.py:830} INFO - Processing file /opt/airflow/dags/warehouse_pipeline.py for tasks to queue
[2026-05-25T10:51:14.842+0000] {logging_mixin.py:188} INFO - [2026-05-25T10:51:14.842+0000] {dagbag.py:538} INFO - Filling up the DagBag from /opt/airflow/dags/warehouse_pipeline.py
[2026-05-25T10:51:14.873+0000] {processor.py:840} INFO - DAG(s) 'warehouse_pipeline' retrieved from /opt/airflow/dags/warehouse_pipeline.py
[2026-05-25T10:51:14.899+0000] {logging_mixin.py:188} INFO - [2026-05-25T10:51:14.899+0000] {dag.py:3036} INFO - Sync 1 DAGs
[2026-05-25T10:51:14.909+0000] {logging_mixin.py:188} INFO - [2026-05-25T10:51:14.909+0000] {dag.py:3823} INFO - Setting next_dagrun for warehouse_pipeline to None, run_after=None
[2026-05-25T10:51:14.927+0000] {processor.py:183} INFO - Processing /opt/airflow/dags/warehouse_pipeline.py took 0.097 seconds
[2026-05-25T10:51:25.057+0000] {processor.py:161} INFO - Started process (PID=165) to work on /opt/airflow/dags/warehouse_pipeline.py
[2026-05-25T10:51:25.061+0000] {processor.py:830} INFO - Processing file /opt/airflow/dags/warehouse_pipeline.py for tasks to queue
[2026-05-25T10:51:25.061+0000] {logging_mixin.py:188} INFO - [2026-05-25T10:51:25.061+0000] {dagbag.py:538} INFO - Filling up the DagBag from /opt/airflow/dags/warehouse_pipeline.py
[2026-05-25T10:51:25.090+0000] {processor.py:840} INFO - DAG(s) 'warehouse_pipeline' retrieved from /opt/airflow/dags/warehouse_pipeline.py
[2026-05-25T10:51:25.126+0000] {logging_mixin.py:188} INFO - [2026-05-25T10:51:25.126+0000] {dag.py:3036} INFO - Sync 1 DAGs
[2026-05-25T10:51:25.133+0000] {logging_mixin.py:188} INFO - [2026-05-25T10:51:25.133+0000] {dag.py:3823} INFO - Setting next_dagrun for warehouse_pipeline to None, run_after=None
[2026-05-25T10:51:25.149+0000] {processor.py:183} INFO - Processing /opt/airflow/dags/warehouse_pipeline.py took 0.095 seconds
[2026-05-25T10:51:55.529+0000] {processor.py:161} INFO - Started process (PID=176) to work on /opt/airflow/dags/warehouse_pipeline.py
[2026-05-25T10:51:55.533+0000] {processor.py:830} INFO - Processing file /opt/airflow/dags/warehouse_pipeline.py for tasks to queue
[2026-05-25T10:51:55.535+0000] {logging_mixin.py:188} INFO - [2026-05-25T10:51:55.534+0000] {dagbag.py:538} INFO - Filling up the DagBag from /opt/airflow/dags/warehouse_pipeline.py
[2026-05-25T10:51:55.551+0000] {processor.py:840} INFO - DAG(s) 'warehouse_pipeline' retrieved from /opt/airflow/dags/warehouse_pipeline.py
[2026-05-25T10:51:55.578+0000] {logging_mixin.py:188} INFO - [2026-05-25T10:51:55.578+0000] {dag.py:3036} INFO - Sync 1 DAGs
[2026-05-25T10:51:55.592+0000] {logging_mixin.py:188} INFO - [2026-05-25T10:51:55.592+0000] {dag.py:3823} INFO - Setting next_dagrun for warehouse_pipeline to None, run_after=None
[2026-05-25T10:51:55.606+0000] {processor.py:183} INFO - Processing /opt/airflow/dags/warehouse_pipeline.py took 0.083 seconds
[2026-05-25T10:52:26.004+0000] {processor.py:161} INFO - Started process (PID=199) to work on /opt/airflow/dags/warehouse_pipeline.py
[2026-05-25T10:52:26.007+0000] {processor.py:830} INFO - Processing file /opt/airflow/dags/warehouse_pipeline.py for tasks to queue
[2026-05-25T10:52:26.009+0000] {logging_mixin.py:188} INFO - [2026-05-25T10:52:26.009+0000] {dagbag.py:538} INFO - Filling up the DagBag from /opt/airflow/dags/warehouse_pipeline.py
[2026-05-25T10:52:26.027+0000] {processor.py:840} INFO - DAG(s) 'warehouse_pipeline' retrieved from /opt/airflow/dags/warehouse_pipeline.py
[2026-05-25T10:52:26.051+0000] {logging_mixin.py:188} INFO - [2026-05-25T10:52:26.050+0000] {dag.py:3036} INFO - Sync 1 DAGs
[2026-05-25T10:52:26.060+0000] {logging_mixin.py:188} INFO - [2026-05-25T10:52:26.060+0000] {dag.py:3823} INFO - Setting next_dagrun for warehouse_pipeline to None, run_after=None
[2026-05-25T10:52:26.079+0000] {processor.py:183} INFO - Processing /opt/airflow/dags/warehouse_pipeline.py took 0.084 seconds
[2026-05-25T10:52:56.432+0000] {processor.py:161} INFO - Started process (PID=209) to work on /opt/airflow/dags/warehouse_pipeline.py
[2026-05-25T10:52:56.437+0000] {processor.py:830} INFO - Processing file /opt/airflow/dags/warehouse_pipeline.py for tasks to queue
[2026-05-25T10:52:56.438+0000] {logging_mixin.py:188} INFO - [2026-05-25T10:52:56.437+0000] {dagbag.py:538} INFO - Filling up the DagBag from /opt/airflow/dags/warehouse_pipeline.py
[2026-05-25T10:52:56.465+0000] {processor.py:840} INFO - DAG(s) 'warehouse_pipeline' retrieved from /opt/airflow/dags/warehouse_pipeline.py
[2026-05-25T10:52:56.488+0000] {logging_mixin.py:188} INFO - [2026-05-25T10:52:56.487+0000] {dag.py:3036} INFO - Sync 1 DAGs
[2026-05-25T10:52:56.497+0000] {logging_mixin.py:188} INFO - [2026-05-25T10:52:56.497+0000] {dag.py:3823} INFO - Setting next_dagrun for warehouse_pipeline to None, run_after=None
[2026-05-25T10:52:56.511+0000] {processor.py:183} INFO - Processing /opt/airflow/dags/warehouse_pipeline.py took 0.086 seconds
[2026-05-25T10:53:26.818+0000] {processor.py:161} INFO - Started process (PID=219) to work on /opt/airflow/dags/warehouse_pipeline.py
[2026-05-25T10:53:26.823+0000] {processor.py:830} INFO - Processing file /opt/airflow/dags/warehouse_pipeline.py for tasks to queue
[2026-05-25T10:53:26.825+0000] {logging_mixin.py:188} INFO - [2026-05-25T10:53:26.825+0000] {dagbag.py:538} INFO - Filling up the DagBag from /opt/airflow/dags/warehouse_pipeline.py
[2026-05-25T10:53:26.837+0000] {processor.py:840} INFO - DAG(s) 'warehouse_pipeline' retrieved from /opt/airflow/dags/warehouse_pipeline.py
[2026-05-25T10:53:26.857+0000] {logging_mixin.py:188} INFO - [2026-05-25T10:53:26.857+0000] {dag.py:3036} INFO - Sync 1 DAGs
[2026-05-25T10:53:26.865+0000] {logging_mixin.py:188} INFO - [2026-05-25T10:53:26.865+0000] {dag.py:3823} INFO - Setting next_dagrun for warehouse_pipeline to None, run_after=None
[2026-05-25T10:53:26.879+0000] {processor.py:183} INFO - Processing /opt/airflow/dags/warehouse_pipeline.py took 0.067 seconds
[2026-05-25T10:53:57.302+0000] {processor.py:161} INFO - Started process (PID=229) to work on /opt/airflow/dags/warehouse_pipeline.py
[2026-05-25T10:53:57.306+0000] {processor.py:830} INFO - Processing file /opt/airflow/dags/warehouse_pipeline.py for tasks to queue
[2026-05-25T10:53:57.307+0000] {logging_mixin.py:188} INFO - [2026-05-25T10:53:57.307+0000] {dagbag.py:538} INFO - Filling up the DagBag from /opt/airflow/dags/warehouse_pipeline.py
[2026-05-25T10:53:57.324+0000] {processor.py:840} INFO - DAG(s) 'warehouse_pipeline' retrieved from /opt/airflow/dags/warehouse_pipeline.py
[2026-05-25T10:53:57.347+0000] {logging_mixin.py:188} INFO - [2026-05-25T10:53:57.347+0000] {dag.py:3036} INFO - Sync 1 DAGs
[2026-05-25T10:53:57.356+0000] {logging_mixin.py:188} INFO - [2026-05-25T10:53:57.355+0000] {dag.py:3823} INFO - Setting next_dagrun for warehouse_pipeline to None, run_after=None
[2026-05-25T10:53:57.369+0000] {processor.py:183} INFO - Processing /opt/airflow/dags/warehouse_pipeline.py took 0.074 seconds
[2026-05-25T10:54:27.666+0000] {processor.py:161} INFO - Started process (PID=239) to work on /opt/airflow/dags/warehouse_pipeline.py
[2026-05-25T10:54:27.669+0000] {processor.py:830} INFO - Processing file /opt/airflow/dags/warehouse_pipeline.py for tasks to queue
[2026-05-25T10:54:27.670+0000] {logging_mixin.py:188} INFO - [2026-05-25T10:54:27.670+0000] {dagbag.py:538} INFO - Filling up the DagBag from /opt/airflow/dags/warehouse_pipeline.py
[2026-05-25T10:54:27.686+0000] {processor.py:840} INFO - DAG(s) 'warehouse_pipeline' retrieved from /opt/airflow/dags/warehouse_pipeline.py
[2026-05-25T10:54:27.706+0000] {logging_mixin.py:188} INFO - [2026-05-25T10:54:27.706+0000] {dag.py:3036} INFO - Sync 1 DAGs
[2026-05-25T10:54:27.714+0000] {logging_mixin.py:188} INFO - [2026-05-25T10:54:27.714+0000] {dag.py:3823} INFO - Setting next_dagrun for warehouse_pipeline to None, run_after=None
[2026-05-25T10:54:27.730+0000] {processor.py:183} INFO - Processing /opt/airflow/dags/warehouse_pipeline.py took 0.069 seconds
[2026-05-25T10:54:58.113+0000] {processor.py:161} INFO - Started process (PID=249) to work on /opt/airflow/dags/warehouse_pipeline.py
[2026-05-25T10:54:58.118+0000] {processor.py:830} INFO - Processing file /opt/airflow/dags/warehouse_pipeline.py for tasks to queue
[2026-05-25T10:54:58.120+0000] {logging_mixin.py:188} INFO - [2026-05-25T10:54:58.119+0000] {dagbag.py:538} INFO - Filling up the DagBag from /opt/airflow/dags/warehouse_pipeline.py
[2026-05-25T10:54:58.143+0000] {processor.py:840} INFO - DAG(s) 'warehouse_pipeline' retrieved from /opt/airflow/dags/warehouse_pipeline.py
[2026-05-25T10:54:58.169+0000] {logging_mixin.py:188} INFO - [2026-05-25T10:54:58.169+0000] {dag.py:3036} INFO - Sync 1 DAGs
[2026-05-25T10:54:58.178+0000] {logging_mixin.py:188} INFO - [2026-05-25T10:54:58.178+0000] {dag.py:3823} INFO - Setting next_dagrun for warehouse_pipeline to None, run_after=None
[2026-05-25T10:54:58.189+0000] {processor.py:183} INFO - Processing /opt/airflow/dags/warehouse_pipeline.py took 0.092 seconds
[2026-05-25T10:55:28.405+0000] {processor.py:161} INFO - Started process (PID=295) to work on /opt/airflow/dags/warehouse_pipeline.py
[2026-05-25T10:55:28.407+0000] {processor.py:830} INFO - Processing file /opt/airflow/dags/warehouse_pipeline.py for tasks to queue
[2026-05-25T10:55:28.407+0000] {logging_mixin.py:188} INFO - [2026-05-25T10:55:28.407+0000] {dagbag.py:538} INFO - Filling up the DagBag from /opt/airflow/dags/warehouse_pipeline.py
[2026-05-25T10:55:28.415+0000] {processor.py:840} INFO - DAG(s) 'warehouse_pipeline' retrieved from /opt/airflow/dags/warehouse_pipeline.py
[2026-05-25T10:55:28.433+0000] {logging_mixin.py:188} INFO - [2026-05-25T10:55:28.433+0000] {dag.py:3036} INFO - Sync 1 DAGs
[2026-05-25T10:55:28.440+0000] {logging_mixin.py:188} INFO - [2026-05-25T10:55:28.440+0000] {dag.py:3823} INFO - Setting next_dagrun for warehouse_pipeline to None, run_after=None
[2026-05-25T10:55:28.449+0000] {processor.py:183} INFO - Processing /opt/airflow/dags/warehouse_pipeline.py took 0.047 seconds
[2026-05-25T10:55:58.816+0000] {processor.py:161} INFO - Started process (PID=332) to work on /opt/airflow/dags/warehouse_pipeline.py
[2026-05-25T10:55:58.820+0000] {processor.py:830} INFO - Processing file /opt/airflow/dags/warehouse_pipeline.py for tasks to queue
[2026-05-25T10:55:58.823+0000] {logging_mixin.py:188} INFO - [2026-05-25T10:55:58.823+0000] {dagbag.py:538} INFO - Filling up the DagBag from /opt/airflow/dags/warehouse_pipeline.py
[2026-05-25T10:55:58.842+0000] {processor.py:840} INFO - DAG(s) 'warehouse_pipeline' retrieved from /opt/airflow/dags/warehouse_pipeline.py
[2026-05-25T10:55:58.889+0000] {logging_mixin.py:188} INFO - [2026-05-25T10:55:58.889+0000] {dag.py:3036} INFO - Sync 1 DAGs
[2026-05-25T10:55:58.902+0000] {logging_mixin.py:188} INFO - [2026-05-25T10:55:58.902+0000] {dag.py:3823} INFO - Setting next_dagrun for warehouse_pipeline to None, run_after=None
[2026-05-25T10:55:58.917+0000] {processor.py:183} INFO - Processing /opt/airflow/dags/warehouse_pipeline.py took 0.108 seconds
[2026-05-25T10:56:29.200+0000] {processor.py:161} INFO - Started process (PID=342) to work on /opt/airflow/dags/warehouse_pipeline.py
[2026-05-25T10:56:29.203+0000] {processor.py:830} INFO - Processing file /opt/airflow/dags/warehouse_pipeline.py for tasks to queue
[2026-05-25T10:56:29.204+0000] {logging_mixin.py:188} INFO - [2026-05-25T10:56:29.204+0000] {dagbag.py:538} INFO - Filling up the DagBag from /opt/airflow/dags/warehouse_pipeline.py
[2026-05-25T10:56:29.217+0000] {processor.py:840} INFO - DAG(s) 'warehouse_pipeline' retrieved from /opt/airflow/dags/warehouse_pipeline.py
[2026-05-25T10:56:29.239+0000] {logging_mixin.py:188} INFO - [2026-05-25T10:56:29.238+0000] {dag.py:3036} INFO - Sync 1 DAGs
[2026-05-25T10:56:29.249+0000] {logging_mixin.py:188} INFO - [2026-05-25T10:56:29.249+0000] {dag.py:3823} INFO - Setting next_dagrun for warehouse_pipeline to None, run_after=None
[2026-05-25T10:56:29.264+0000] {processor.py:183} INFO - Processing /opt/airflow/dags/warehouse_pipeline.py took 0.072 seconds
[2026-05-25T10:56:49.440+0000] {processor.py:161} INFO - Started process (PID=352) to work on /opt/airflow/dags/warehouse_pipeline.py
[2026-05-25T10:56:49.444+0000] {processor.py:830} INFO - Processing file /opt/airflow/dags/warehouse_pipeline.py for tasks to queue
[2026-05-25T10:56:49.445+0000] {logging_mixin.py:188} INFO - [2026-05-25T10:56:49.445+0000] {dagbag.py:538} INFO - Filling up the DagBag from /opt/airflow/dags/warehouse_pipeline.py
[2026-05-25T10:56:49.458+0000] {processor.py:840} INFO - DAG(s) 'warehouse_pipeline' retrieved from /opt/airflow/dags/warehouse_pipeline.py
[2026-05-25T10:56:49.576+0000] {logging_mixin.py:188} INFO - [2026-05-25T10:56:49.575+0000] {dag.py:3036} INFO - Sync 1 DAGs
[2026-05-25T10:56:49.580+0000] {logging_mixin.py:188} INFO - [2026-05-25T10:56:49.580+0000] {dag.py:3823} INFO - Setting next_dagrun for warehouse_pipeline to None, run_after=None
[2026-05-25T10:56:49.590+0000] {processor.py:183} INFO - Processing /opt/airflow/dags/warehouse_pipeline.py took 0.154 seconds
[2026-05-25T10:57:19.817+0000] {processor.py:161} INFO - Started process (PID=362) to work on /opt/airflow/dags/warehouse_pipeline.py
[2026-05-25T10:57:19.821+0000] {processor.py:830} INFO - Processing file /opt/airflow/dags/warehouse_pipeline.py for tasks to queue
[2026-05-25T10:57:19.822+0000] {logging_mixin.py:188} INFO - [2026-05-25T10:57:19.821+0000] {dagbag.py:538} INFO - Filling up the DagBag from /opt/airflow/dags/warehouse_pipeline.py
[2026-05-25T10:57:19.834+0000] {processor.py:840} INFO - DAG(s) 'warehouse_pipeline' retrieved from /opt/airflow/dags/warehouse_pipeline.py
[2026-05-25T10:57:19.856+0000] {logging_mixin.py:188} INFO - [2026-05-25T10:57:19.855+0000] {dag.py:3036} INFO - Sync 1 DAGs
[2026-05-25T10:57:19.864+0000] {logging_mixin.py:188} INFO - [2026-05-25T10:57:19.864+0000] {dag.py:3823} INFO - Setting next_dagrun for warehouse_pipeline to None, run_after=None
[2026-05-25T10:57:19.873+0000] {processor.py:183} INFO - Processing /opt/airflow/dags/warehouse_pipeline.py took 0.062 seconds
[2026-05-25T10:57:50.205+0000] {processor.py:161} INFO - Started process (PID=372) to work on /opt/airflow/dags/warehouse_pipeline.py
[2026-05-25T10:57:50.209+0000] {processor.py:830} INFO - Processing file /opt/airflow/dags/warehouse_pipeline.py for tasks to queue
[2026-05-25T10:57:50.210+0000] {logging_mixin.py:188} INFO - [2026-05-25T10:57:50.210+0000] {dagbag.py:538} INFO - Filling up the DagBag from /opt/airflow/dags/warehouse_pipeline.py
[2026-05-25T10:57:50.226+0000] {processor.py:840} INFO - DAG(s) 'warehouse_pipeline' retrieved from /opt/airflow/dags/warehouse_pipeline.py
[2026-05-25T10:57:50.245+0000] {logging_mixin.py:188} INFO - [2026-05-25T10:57:50.245+0000] {dag.py:3036} INFO - Sync 1 DAGs
[2026-05-25T10:57:50.252+0000] {logging_mixin.py:188} INFO - [2026-05-25T10:57:50.252+0000] {dag.py:3823} INFO - Setting next_dagrun for warehouse_pipeline to None, run_after=None
[2026-05-25T10:57:50.260+0000] {processor.py:183} INFO - Processing /opt/airflow/dags/warehouse_pipeline.py took 0.061 seconds
[2026-05-25T10:57:56.281+0000] {processor.py:161} INFO - Started process (PID=377) to work on /opt/airflow/dags/warehouse_pipeline.py
[2026-05-25T10:57:56.282+0000] {processor.py:830} INFO - Processing file /opt/airflow/dags/warehouse_pipeline.py for tasks to queue
[2026-05-25T10:57:56.283+0000] {logging_mixin.py:188} INFO - [2026-05-25T10:57:56.283+0000] {dagbag.py:538} INFO - Filling up the DagBag from /opt/airflow/dags/warehouse_pipeline.py
[2026-05-25T10:57:56.296+0000] {processor.py:840} INFO - DAG(s) 'warehouse_pipeline' retrieved from /opt/airflow/dags/warehouse_pipeline.py
[2026-05-25T10:57:56.361+0000] {logging_mixin.py:188} INFO - [2026-05-25T10:57:56.361+0000] {dag.py:3036} INFO - Sync 1 DAGs
[2026-05-25T10:57:56.366+0000] {logging_mixin.py:188} INFO - [2026-05-25T10:57:56.366+0000] {dag.py:3823} INFO - Setting next_dagrun for warehouse_pipeline to None, run_after=None
[2026-05-25T10:57:56.375+0000] {processor.py:183} INFO - Processing /opt/airflow/dags/warehouse_pipeline.py took 0.099 seconds
[2026-05-25T10:58:26.764+0000] {processor.py:161} INFO - Started process (PID=387) to work on /opt/airflow/dags/warehouse_pipeline.py
[2026-05-25T10:58:26.771+0000] {processor.py:830} INFO - Processing file /opt/airflow/dags/warehouse_pipeline.py for tasks to queue
[2026-05-25T10:58:26.772+0000] {logging_mixin.py:188} INFO - [2026-05-25T10:58:26.772+0000] {dagbag.py:538} INFO - Filling up the DagBag from /opt/airflow/dags/warehouse_pipeline.py
[2026-05-25T10:58:26.792+0000] {processor.py:840} INFO - DAG(s) 'warehouse_pipeline' retrieved from /opt/airflow/dags/warehouse_pipeline.py
[2026-05-25T10:58:26.830+0000] {logging_mixin.py:188} INFO - [2026-05-25T10:58:26.830+0000] {dag.py:3036} INFO - Sync 1 DAGs
[2026-05-25T10:58:26.839+0000] {logging_mixin.py:188} INFO - [2026-05-25T10:58:26.839+0000] {dag.py:3823} INFO - Setting next_dagrun for warehouse_pipeline to None, run_after=None
[2026-05-25T10:58:26.850+0000] {processor.py:183} INFO - Processing /opt/airflow/dags/warehouse_pipeline.py took 0.092 seconds
[2026-05-25T10:58:57.154+0000] {processor.py:161} INFO - Started process (PID=439) to work on /opt/airflow/dags/warehouse_pipeline.py
[2026-05-25T10:58:57.157+0000] {processor.py:830} INFO - Processing file /opt/airflow/dags/warehouse_pipeline.py for tasks to queue
[2026-05-25T10:58:57.158+0000] {logging_mixin.py:188} INFO - [2026-05-25T10:58:57.158+0000] {dagbag.py:538} INFO - Filling up the DagBag from /opt/airflow/dags/warehouse_pipeline.py
[2026-05-25T10:58:57.174+0000] {processor.py:840} INFO - DAG(s) 'warehouse_pipeline' retrieved from /opt/airflow/dags/warehouse_pipeline.py
[2026-05-25T10:58:57.199+0000] {logging_mixin.py:188} INFO - [2026-05-25T10:58:57.199+0000] {dag.py:3036} INFO - Sync 1 DAGs
[2026-05-25T10:58:57.208+0000] {logging_mixin.py:188} INFO - [2026-05-25T10:58:57.208+0000] {dag.py:3823} INFO - Setting next_dagrun for warehouse_pipeline to None, run_after=None
[2026-05-25T10:58:57.220+0000] {processor.py:183} INFO - Processing /opt/airflow/dags/warehouse_pipeline.py took 0.072 seconds
[2026-05-25T10:59:27.510+0000] {processor.py:161} INFO - Started process (PID=477) to work on /opt/airflow/dags/warehouse_pipeline.py
[2026-05-25T10:59:27.514+0000] {processor.py:830} INFO - Processing file /opt/airflow/dags/warehouse_pipeline.py for tasks to queue
[2026-05-25T10:59:27.516+0000] {logging_mixin.py:188} INFO - [2026-05-25T10:59:27.515+0000] {dagbag.py:538} INFO - Filling up the DagBag from /opt/airflow/dags/warehouse_pipeline.py
[2026-05-25T10:59:27.531+0000] {processor.py:840} INFO - DAG(s) 'warehouse_pipeline' retrieved from /opt/airflow/dags/warehouse_pipeline.py
[2026-05-25T10:59:27.556+0000] {logging_mixin.py:188} INFO - [2026-05-25T10:59:27.556+0000] {dag.py:3036} INFO - Sync 1 DAGs
[2026-05-25T10:59:27.565+0000] {logging_mixin.py:188} INFO - [2026-05-25T10:59:27.565+0000] {dag.py:3823} INFO - Setting next_dagrun for warehouse_pipeline to None, run_after=None
[2026-05-25T10:59:27.576+0000] {processor.py:183} INFO - Processing /opt/airflow/dags/warehouse_pipeline.py took 0.071 seconds
[2026-05-25T10:59:57.927+0000] {processor.py:161} INFO - Started process (PID=487) to work on /opt/airflow/dags/warehouse_pipeline.py
[2026-05-25T10:59:57.931+0000] {processor.py:830} INFO - Processing file /opt/airflow/dags/warehouse_pipeline.py for tasks to queue
[2026-05-25T10:59:57.932+0000] {logging_mixin.py:188} INFO - [2026-05-25T10:59:57.932+0000] {dagbag.py:538} INFO - Filling up the DagBag from /opt/airflow/dags/warehouse_pipeline.py
[2026-05-25T10:59:57.952+0000] {processor.py:840} INFO - DAG(s) 'warehouse_pipeline' retrieved from /opt/airflow/dags/warehouse_pipeline.py
[2026-05-25T10:59:57.997+0000] {logging_mixin.py:188} INFO - [2026-05-25T10:59:57.997+0000] {dag.py:3036} INFO - Sync 1 DAGs
[2026-05-25T10:59:58.006+0000] {logging_mixin.py:188} INFO - [2026-05-25T10:59:58.005+0000] {dag.py:3823} INFO - Setting next_dagrun for warehouse_pipeline to None, run_after=None
[2026-05-25T10:59:58.016+0000] {processor.py:183} INFO - Processing /opt/airflow/dags/warehouse_pipeline.py took 0.095 seconds
[2026-05-25T11:00:28.246+0000] {processor.py:161} INFO - Started process (PID=497) to work on /opt/airflow/dags/warehouse_pipeline.py
[2026-05-25T11:00:28.252+0000] {processor.py:830} INFO - Processing file /opt/airflow/dags/warehouse_pipeline.py for tasks to queue
[2026-05-25T11:00:28.253+0000] {logging_mixin.py:188} INFO - [2026-05-25T11:00:28.253+0000] {dagbag.py:538} INFO - Filling up the DagBag from /opt/airflow/dags/warehouse_pipeline.py
[2026-05-25T11:00:28.270+0000] {processor.py:840} INFO - DAG(s) 'warehouse_pipeline' retrieved from /opt/airflow/dags/warehouse_pipeline.py
[2026-05-25T11:00:28.296+0000] {logging_mixin.py:188} INFO - [2026-05-25T11:00:28.295+0000] {dag.py:3036} INFO - Sync 1 DAGs
[2026-05-25T11:00:28.305+0000] {logging_mixin.py:188} INFO - [2026-05-25T11:00:28.305+0000] {dag.py:3823} INFO - Setting next_dagrun for warehouse_pipeline to None, run_after=None
[2026-05-25T11:00:28.317+0000] {processor.py:183} INFO - Processing /opt/airflow/dags/warehouse_pipeline.py took 0.078 seconds
[2026-05-25T11:00:58.544+0000] {processor.py:161} INFO - Started process (PID=507) to work on /opt/airflow/dags/warehouse_pipeline.py
[2026-05-25T11:00:58.549+0000] {processor.py:830} INFO - Processing file /opt/airflow/dags/warehouse_pipeline.py for tasks to queue
[2026-05-25T11:00:58.551+0000] {logging_mixin.py:188} INFO - [2026-05-25T11:00:58.550+0000] {dagbag.py:538} INFO - Filling up the DagBag from /opt/airflow/dags/warehouse_pipeline.py
[2026-05-25T11:00:58.585+0000] {processor.py:840} INFO - DAG(s) 'warehouse_pipeline' retrieved from /opt/airflow/dags/warehouse_pipeline.py
[2026-05-25T11:00:58.627+0000] {logging_mixin.py:188} INFO - [2026-05-25T11:00:58.627+0000] {dag.py:3036} INFO - Sync 1 DAGs
[2026-05-25T11:00:58.636+0000] {logging_mixin.py:188} INFO - [2026-05-25T11:00:58.636+0000] {dag.py:3823} INFO - Setting next_dagrun for warehouse_pipeline to None, run_after=None
[2026-05-25T11:00:58.648+0000] {processor.py:183} INFO - Processing /opt/airflow/dags/warehouse_pipeline.py took 0.110 seconds
[2026-05-25T11:01:29.058+0000] {processor.py:161} INFO - Started process (PID=517) to work on /opt/airflow/dags/warehouse_pipeline.py
[2026-05-25T11:01:29.061+0000] {processor.py:830} INFO - Processing file /opt/airflow/dags/warehouse_pipeline.py for tasks to queue
[2026-05-25T11:01:29.063+0000] {logging_mixin.py:188} INFO - [2026-05-25T11:01:29.062+0000] {dagbag.py:538} INFO - Filling up the DagBag from /opt/airflow/dags/warehouse_pipeline.py
[2026-05-25T11:01:29.083+0000] {processor.py:840} INFO - DAG(s) 'warehouse_pipeline' retrieved from /opt/airflow/dags/warehouse_pipeline.py
[2026-05-25T11:01:29.122+0000] {logging_mixin.py:188} INFO - [2026-05-25T11:01:29.122+0000] {dag.py:3036} INFO - Sync 1 DAGs
[2026-05-25T11:01:29.133+0000] {logging_mixin.py:188} INFO - [2026-05-25T11:01:29.133+0000] {dag.py:3823} INFO - Setting next_dagrun for warehouse_pipeline to None, run_after=None
[2026-05-25T11:01:29.148+0000] {processor.py:183} INFO - Processing /opt/airflow/dags/warehouse_pipeline.py took 0.097 seconds
[2026-05-25T11:01:59.441+0000] {processor.py:161} INFO - Started process (PID=527) to work on /opt/airflow/dags/warehouse_pipeline.py
[2026-05-25T11:01:59.445+0000] {processor.py:830} INFO - Processing file /opt/airflow/dags/warehouse_pipeline.py for tasks to queue
[2026-05-25T11:01:59.447+0000] {logging_mixin.py:188} INFO - [2026-05-25T11:01:59.446+0000] {dagbag.py:538} INFO - Filling up the DagBag from /opt/airflow/dags/warehouse_pipeline.py
[2026-05-25T11:01:59.465+0000] {processor.py:840} INFO - DAG(s) 'warehouse_pipeline' retrieved from /opt/airflow/dags/warehouse_pipeline.py
[2026-05-25T11:01:59.491+0000] {logging_mixin.py:188} INFO - [2026-05-25T11:01:59.491+0000] {dag.py:3036} INFO - Sync 1 DAGs
[2026-05-25T11:01:59.500+0000] {logging_mixin.py:188} INFO - [2026-05-25T11:01:59.500+0000] {dag.py:3823} INFO - Setting next_dagrun for warehouse_pipeline to None, run_after=None
[2026-05-25T11:01:59.510+0000] {processor.py:183} INFO - Processing /opt/airflow/dags/warehouse_pipeline.py took 0.077 seconds
[2026-05-25T11:02:29.852+0000] {processor.py:161} INFO - Started process (PID=537) to work on /opt/airflow/dags/warehouse_pipeline.py
[2026-05-25T11:02:29.856+0000] {processor.py:830} INFO - Processing file /opt/airflow/dags/warehouse_pipeline.py for tasks to queue
[2026-05-25T11:02:29.857+0000] {logging_mixin.py:188} INFO - [2026-05-25T11:02:29.857+0000] {dagbag.py:538} INFO - Filling up the DagBag from /opt/airflow/dags/warehouse_pipeline.py
[2026-05-25T11:02:29.868+0000] {processor.py:840} INFO - DAG(s) 'warehouse_pipeline' retrieved from /opt/airflow/dags/warehouse_pipeline.py
[2026-05-25T11:02:29.890+0000] {logging_mixin.py:188} INFO - [2026-05-25T11:02:29.890+0000] {dag.py:3036} INFO - Sync 1 DAGs
[2026-05-25T11:02:29.898+0000] {logging_mixin.py:188} INFO - [2026-05-25T11:02:29.897+0000] {dag.py:3823} INFO - Setting next_dagrun for warehouse_pipeline to None, run_after=None
[2026-05-25T11:02:29.906+0000] {processor.py:183} INFO - Processing /opt/airflow/dags/warehouse_pipeline.py took 0.059 seconds
[2026-05-25T11:03:00.261+0000] {processor.py:161} INFO - Started process (PID=547) to work on /opt/airflow/dags/warehouse_pipeline.py
[2026-05-25T11:03:00.265+0000] {processor.py:830} INFO - Processing file /opt/airflow/dags/warehouse_pipeline.py for tasks to queue
[2026-05-25T11:03:00.266+0000] {logging_mixin.py:188} INFO - [2026-05-25T11:03:00.266+0000] {dagbag.py:538} INFO - Filling up the DagBag from /opt/airflow/dags/warehouse_pipeline.py
[2026-05-25T11:03:00.277+0000] {processor.py:840} INFO - DAG(s) 'warehouse_pipeline' retrieved from /opt/airflow/dags/warehouse_pipeline.py
[2026-05-25T11:03:00.297+0000] {logging_mixin.py:188} INFO - [2026-05-25T11:03:00.297+0000] {dag.py:3036} INFO - Sync 1 DAGs
[2026-05-25T11:03:00.304+0000] {logging_mixin.py:188} INFO - [2026-05-25T11:03:00.304+0000] {dag.py:3823} INFO - Setting next_dagrun for warehouse_pipeline to None, run_after=None
[2026-05-25T11:03:00.313+0000] {processor.py:183} INFO - Processing /opt/airflow/dags/warehouse_pipeline.py took 0.058 seconds
[2026-05-25T11:03:30.682+0000] {processor.py:161} INFO - Started process (PID=557) to work on /opt/airflow/dags/warehouse_pipeline.py
[2026-05-25T11:03:30.685+0000] {processor.py:830} INFO - Processing file /opt/airflow/dags/warehouse_pipeline.py for tasks to queue
[2026-05-25T11:03:30.686+0000] {logging_mixin.py:188} INFO - [2026-05-25T11:03:30.686+0000] {dagbag.py:538} INFO - Filling up the DagBag from /opt/airflow/dags/warehouse_pipeline.py
[2026-05-25T11:03:30.704+0000] {processor.py:840} INFO - DAG(s) 'warehouse_pipeline' retrieved from /opt/airflow/dags/warehouse_pipeline.py
[2026-05-25T11:03:30.730+0000] {logging_mixin.py:188} INFO - [2026-05-25T11:03:30.729+0000] {dag.py:3036} INFO - Sync 1 DAGs
[2026-05-25T11:03:30.738+0000] {logging_mixin.py:188} INFO - [2026-05-25T11:03:30.738+0000] {dag.py:3823} INFO - Setting next_dagrun for warehouse_pipeline to None, run_after=None
[2026-05-25T11:03:30.747+0000] {processor.py:183} INFO - Processing /opt/airflow/dags/warehouse_pipeline.py took 0.071 seconds
[2026-05-25T11:04:01.108+0000] {processor.py:161} INFO - Started process (PID=567) to work on /opt/airflow/dags/warehouse_pipeline.py
[2026-05-25T11:04:01.111+0000] {processor.py:830} INFO - Processing file /opt/airflow/dags/warehouse_pipeline.py for tasks to queue
[2026-05-25T11:04:01.112+0000] {logging_mixin.py:188} INFO - [2026-05-25T11:04:01.112+0000] {dagbag.py:538} INFO - Filling up the DagBag from /opt/airflow/dags/warehouse_pipeline.py
[2026-05-25T11:04:01.124+0000] {processor.py:840} INFO - DAG(s) 'warehouse_pipeline' retrieved from /opt/airflow/dags/warehouse_pipeline.py
[2026-05-25T11:04:01.145+0000] {logging_mixin.py:188} INFO - [2026-05-25T11:04:01.145+0000] {dag.py:3036} INFO - Sync 1 DAGs
[2026-05-25T11:04:01.154+0000] {logging_mixin.py:188} INFO - [2026-05-25T11:04:01.154+0000] {dag.py:3823} INFO - Setting next_dagrun for warehouse_pipeline to None, run_after=None
[2026-05-25T11:04:01.163+0000] {processor.py:183} INFO - Processing /opt/airflow/dags/warehouse_pipeline.py took 0.059 seconds
[2026-05-25T11:04:31.554+0000] {processor.py:161} INFO - Started process (PID=577) to work on /opt/airflow/dags/warehouse_pipeline.py
[2026-05-25T11:04:31.558+0000] {processor.py:830} INFO - Processing file /opt/airflow/dags/warehouse_pipeline.py for tasks to queue
[2026-05-25T11:04:31.559+0000] {logging_mixin.py:188} INFO - [2026-05-25T11:04:31.559+0000] {dagbag.py:538} INFO - Filling up the DagBag from /opt/airflow/dags/warehouse_pipeline.py
[2026-05-25T11:04:31.575+0000] {processor.py:840} INFO - DAG(s) 'warehouse_pipeline' retrieved from /opt/airflow/dags/warehouse_pipeline.py
[2026-05-25T11:04:31.599+0000] {logging_mixin.py:188} INFO - [2026-05-25T11:04:31.599+0000] {dag.py:3036} INFO - Sync 1 DAGs
[2026-05-25T11:04:31.607+0000] {logging_mixin.py:188} INFO - [2026-05-25T11:04:31.607+0000] {dag.py:3823} INFO - Setting next_dagrun for warehouse_pipeline to None, run_after=None
[2026-05-25T11:04:31.617+0000] {processor.py:183} INFO - Processing /opt/airflow/dags/warehouse_pipeline.py took 0.069 seconds
[2026-05-25T11:20:28.692+0000] {processor.py:161} INFO - Started process (PID=587) to work on /opt/airflow/dags/warehouse_pipeline.py
[2026-05-25T11:20:28.697+0000] {processor.py:830} INFO - Processing file /opt/airflow/dags/warehouse_pipeline.py for tasks to queue
[2026-05-25T11:20:28.699+0000] {logging_mixin.py:188} INFO - [2026-05-25T11:20:28.698+0000] {dagbag.py:538} INFO - Filling up the DagBag from /opt/airflow/dags/warehouse_pipeline.py
[2026-05-25T11:20:28.735+0000] {processor.py:840} INFO - DAG(s) 'warehouse_pipeline' retrieved from /opt/airflow/dags/warehouse_pipeline.py
[2026-05-25T11:20:28.804+0000] {logging_mixin.py:188} INFO - [2026-05-25T11:20:28.804+0000] {dag.py:3036} INFO - Sync 1 DAGs
[2026-05-25T11:20:28.824+0000] {logging_mixin.py:188} INFO - [2026-05-25T11:20:28.824+0000] {dag.py:3823} INFO - Setting next_dagrun for warehouse_pipeline to None, run_after=None
[2026-05-25T11:20:28.863+0000] {processor.py:183} INFO - Processing /opt/airflow/dags/warehouse_pipeline.py took 0.184 seconds
[2026-05-25T11:21:44.149+0000] {processor.py:161} INFO - Started process (PID=600) to work on /opt/airflow/dags/warehouse_pipeline.py
[2026-05-25T11:21:44.161+0000] {processor.py:830} INFO - Processing file /opt/airflow/dags/warehouse_pipeline.py for tasks to queue
[2026-05-25T11:21:44.163+0000] {logging_mixin.py:188} INFO - [2026-05-25T11:21:44.163+0000] {dagbag.py:538} INFO - Filling up the DagBag from /opt/airflow/dags/warehouse_pipeline.py
[2026-05-25T11:21:44.195+0000] {processor.py:840} INFO - DAG(s) 'warehouse_pipeline' retrieved from /opt/airflow/dags/warehouse_pipeline.py
[2026-05-25T11:21:44.231+0000] {logging_mixin.py:188} INFO - [2026-05-25T11:21:44.231+0000] {dag.py:3036} INFO - Sync 1 DAGs
[2026-05-25T11:21:44.254+0000] {logging_mixin.py:188} INFO - [2026-05-25T11:21:44.254+0000] {dag.py:3823} INFO - Setting next_dagrun for warehouse_pipeline to None, run_after=None
[2026-05-25T11:21:44.270+0000] {processor.py:183} INFO - Processing /opt/airflow/dags/warehouse_pipeline.py took 0.137 seconds
[2026-05-25T11:22:14.479+0000] {processor.py:161} INFO - Started process (PID=611) to work on /opt/airflow/dags/warehouse_pipeline.py
[2026-05-25T11:22:14.482+0000] {processor.py:830} INFO - Processing file /opt/airflow/dags/warehouse_pipeline.py for tasks to queue
[2026-05-25T11:22:14.483+0000] {logging_mixin.py:188} INFO - [2026-05-25T11:22:14.483+0000] {dagbag.py:538} INFO - Filling up the DagBag from /opt/airflow/dags/warehouse_pipeline.py
[2026-05-25T11:22:14.498+0000] {processor.py:840} INFO - DAG(s) 'warehouse_pipeline' retrieved from /opt/airflow/dags/warehouse_pipeline.py
[2026-05-25T11:22:14.522+0000] {logging_mixin.py:188} INFO - [2026-05-25T11:22:14.522+0000] {dag.py:3036} INFO - Sync 1 DAGs
[2026-05-25T11:22:14.535+0000] {logging_mixin.py:188} INFO - [2026-05-25T11:22:14.534+0000] {dag.py:3823} INFO - Setting next_dagrun for warehouse_pipeline to None, run_after=None
[2026-05-25T11:22:14.549+0000] {processor.py:183} INFO - Processing /opt/airflow/dags/warehouse_pipeline.py took 0.077 seconds
[2026-05-25T11:22:44.888+0000] {processor.py:161} INFO - Started process (PID=621) to work on /opt/airflow/dags/warehouse_pipeline.py
[2026-05-25T11:22:44.892+0000] {processor.py:830} INFO - Processing file /opt/airflow/dags/warehouse_pipeline.py for tasks to queue
[2026-05-25T11:22:44.894+0000] {logging_mixin.py:188} INFO - [2026-05-25T11:22:44.893+0000] {dagbag.py:538} INFO - Filling up the DagBag from /opt/airflow/dags/warehouse_pipeline.py
[2026-05-25T11:22:44.914+0000] {processor.py:840} INFO - DAG(s) 'warehouse_pipeline' retrieved from /opt/airflow/dags/warehouse_pipeline.py
[2026-05-25T11:22:44.950+0000] {logging_mixin.py:188} INFO - [2026-05-25T11:22:44.950+0000] {dag.py:3036} INFO - Sync 1 DAGs
[2026-05-25T11:22:44.960+0000] {logging_mixin.py:188} INFO - [2026-05-25T11:22:44.960+0000] {dag.py:3823} INFO - Setting next_dagrun for warehouse_pipeline to None, run_after=None
[2026-05-25T11:22:44.973+0000] {processor.py:183} INFO - Processing /opt/airflow/dags/warehouse_pipeline.py took 0.096 seconds
[2026-05-25T11:23:15.353+0000] {processor.py:161} INFO - Started process (PID=631) to work on /opt/airflow/dags/warehouse_pipeline.py
[2026-05-25T11:23:15.355+0000] {processor.py:830} INFO - Processing file /opt/airflow/dags/warehouse_pipeline.py for tasks to queue
[2026-05-25T11:23:15.356+0000] {logging_mixin.py:188} INFO - [2026-05-25T11:23:15.356+0000] {dagbag.py:538} INFO - Filling up the DagBag from /opt/airflow/dags/warehouse_pipeline.py
[2026-05-25T11:23:15.373+0000] {processor.py:840} INFO - DAG(s) 'warehouse_pipeline' retrieved from /opt/airflow/dags/warehouse_pipeline.py
[2026-05-25T11:23:15.399+0000] {logging_mixin.py:188} INFO - [2026-05-25T11:23:15.399+0000] {dag.py:3036} INFO - Sync 1 DAGs
[2026-05-25T11:23:15.409+0000] {logging_mixin.py:188} INFO - [2026-05-25T11:23:15.409+0000] {dag.py:3823} INFO - Setting next_dagrun for warehouse_pipeline to None, run_after=None
[2026-05-25T11:23:15.422+0000] {processor.py:183} INFO - Processing /opt/airflow/dags/warehouse_pipeline.py took 0.075 seconds
[2026-05-25T11:23:45.748+0000] {processor.py:161} INFO - Started process (PID=641) to work on /opt/airflow/dags/warehouse_pipeline.py
[2026-05-25T11:23:45.750+0000] {processor.py:830} INFO - Processing file /opt/airflow/dags/warehouse_pipeline.py for tasks to queue
[2026-05-25T11:23:45.752+0000] {logging_mixin.py:188} INFO - [2026-05-25T11:23:45.751+0000] {dagbag.py:538} INFO - Filling up the DagBag from /opt/airflow/dags/warehouse_pipeline.py
[2026-05-25T11:23:45.766+0000] {processor.py:840} INFO - DAG(s) 'warehouse_pipeline' retrieved from /opt/airflow/dags/warehouse_pipeline.py
[2026-05-25T11:23:45.789+0000] {logging_mixin.py:188} INFO - [2026-05-25T11:23:45.789+0000] {dag.py:3036} INFO - Sync 1 DAGs
[2026-05-25T11:23:45.798+0000] {logging_mixin.py:188} INFO - [2026-05-25T11:23:45.798+0000] {dag.py:3823} INFO - Setting next_dagrun for warehouse_pipeline to None, run_after=None
[2026-05-25T11:23:45.813+0000] {processor.py:183} INFO - Processing /opt/airflow/dags/warehouse_pipeline.py took 0.072 seconds
[2026-05-25T11:24:16.095+0000] {processor.py:161} INFO - Started process (PID=651) to work on /opt/airflow/dags/warehouse_pipeline.py
[2026-05-25T11:24:16.098+0000] {processor.py:830} INFO - Processing file /opt/airflow/dags/warehouse_pipeline.py for tasks to queue
[2026-05-25T11:24:16.100+0000] {logging_mixin.py:188} INFO - [2026-05-25T11:24:16.099+0000] {dagbag.py:538} INFO - Filling up the DagBag from /opt/airflow/dags/warehouse_pipeline.py
[2026-05-25T11:24:16.113+0000] {processor.py:840} INFO - DAG(s) 'warehouse_pipeline' retrieved from /opt/airflow/dags/warehouse_pipeline.py
[2026-05-25T11:24:16.140+0000] {logging_mixin.py:188} INFO - [2026-05-25T11:24:16.140+0000] {dag.py:3036} INFO - Sync 1 DAGs
[2026-05-25T11:24:16.151+0000] {logging_mixin.py:188} INFO - [2026-05-25T11:24:16.151+0000] {dag.py:3823} INFO - Setting next_dagrun for warehouse_pipeline to None, run_after=None
[2026-05-25T11:24:16.164+0000] {processor.py:183} INFO - Processing /opt/airflow/dags/warehouse_pipeline.py took 0.075 seconds
[2026-05-25T11:24:46.522+0000] {processor.py:161} INFO - Started process (PID=661) to work on /opt/airflow/dags/warehouse_pipeline.py
[2026-05-25T11:24:46.526+0000] {processor.py:830} INFO - Processing file /opt/airflow/dags/warehouse_pipeline.py for tasks to queue
[2026-05-25T11:24:46.527+0000] {logging_mixin.py:188} INFO - [2026-05-25T11:24:46.527+0000] {dagbag.py:538} INFO - Filling up the DagBag from /opt/airflow/dags/warehouse_pipeline.py
[2026-05-25T11:24:46.542+0000] {processor.py:840} INFO - DAG(s) 'warehouse_pipeline' retrieved from /opt/airflow/dags/warehouse_pipeline.py
[2026-05-25T11:24:46.564+0000] {logging_mixin.py:188} INFO - [2026-05-25T11:24:46.564+0000] {dag.py:3036} INFO - Sync 1 DAGs
[2026-05-25T11:24:46.572+0000] {logging_mixin.py:188} INFO - [2026-05-25T11:24:46.571+0000] {dag.py:3823} INFO - Setting next_dagrun for warehouse_pipeline to None, run_after=None
[2026-05-25T11:24:46.585+0000] {processor.py:183} INFO - Processing /opt/airflow/dags/warehouse_pipeline.py took 0.067 seconds
[2026-05-25T11:25:16.927+0000] {processor.py:161} INFO - Started process (PID=671) to work on /opt/airflow/dags/warehouse_pipeline.py
[2026-05-25T11:25:16.929+0000] {processor.py:830} INFO - Processing file /opt/airflow/dags/warehouse_pipeline.py for tasks to queue
[2026-05-25T11:25:16.930+0000] {logging_mixin.py:188} INFO - [2026-05-25T11:25:16.930+0000] {dagbag.py:538} INFO - Filling up the DagBag from /opt/airflow/dags/warehouse_pipeline.py
[2026-05-25T11:25:16.947+0000] {processor.py:840} INFO - DAG(s) 'warehouse_pipeline' retrieved from /opt/airflow/dags/warehouse_pipeline.py
[2026-05-25T11:25:16.967+0000] {logging_mixin.py:188} INFO - [2026-05-25T11:25:16.967+0000] {dag.py:3036} INFO - Sync 1 DAGs
[2026-05-25T11:25:16.975+0000] {logging_mixin.py:188} INFO - [2026-05-25T11:25:16.975+0000] {dag.py:3823} INFO - Setting next_dagrun for warehouse_pipeline to None, run_after=None
[2026-05-25T11:25:16.988+0000] {processor.py:183} INFO - Processing /opt/airflow/dags/warehouse_pipeline.py took 0.066 seconds
[2026-05-25T11:25:47.294+0000] {processor.py:161} INFO - Started process (PID=681) to work on /opt/airflow/dags/warehouse_pipeline.py
[2026-05-25T11:25:47.297+0000] {processor.py:830} INFO - Processing file /opt/airflow/dags/warehouse_pipeline.py for tasks to queue
[2026-05-25T11:25:47.301+0000] {logging_mixin.py:188} INFO - [2026-05-25T11:25:47.301+0000] {dagbag.py:538} INFO - Filling up the DagBag from /opt/airflow/dags/warehouse_pipeline.py
[2026-05-25T11:25:47.313+0000] {processor.py:840} INFO - DAG(s) 'warehouse_pipeline' retrieved from /opt/airflow/dags/warehouse_pipeline.py
[2026-05-25T11:25:47.342+0000] {logging_mixin.py:188} INFO - [2026-05-25T11:25:47.341+0000] {dag.py:3036} INFO - Sync 1 DAGs
[2026-05-25T11:25:47.352+0000] {logging_mixin.py:188} INFO - [2026-05-25T11:25:47.352+0000] {dag.py:3823} INFO - Setting next_dagrun for warehouse_pipeline to None, run_after=None
[2026-05-25T11:25:47.370+0000] {processor.py:183} INFO - Processing /opt/airflow/dags/warehouse_pipeline.py took 0.079 seconds
[2026-05-25T11:26:17.762+0000] {processor.py:161} INFO - Started process (PID=691) to work on /opt/airflow/dags/warehouse_pipeline.py
[2026-05-25T11:26:17.764+0000] {processor.py:830} INFO - Processing file /opt/airflow/dags/warehouse_pipeline.py for tasks to queue
[2026-05-25T11:26:17.766+0000] {logging_mixin.py:188} INFO - [2026-05-25T11:26:17.765+0000] {dagbag.py:538} INFO - Filling up the DagBag from /opt/airflow/dags/warehouse_pipeline.py
[2026-05-25T11:26:17.784+0000] {processor.py:840} INFO - DAG(s) 'warehouse_pipeline' retrieved from /opt/airflow/dags/warehouse_pipeline.py
[2026-05-25T11:26:17.809+0000] {logging_mixin.py:188} INFO - [2026-05-25T11:26:17.809+0000] {dag.py:3036} INFO - Sync 1 DAGs
[2026-05-25T11:26:17.817+0000] {logging_mixin.py:188} INFO - [2026-05-25T11:26:17.817+0000] {dag.py:3823} INFO - Setting next_dagrun for warehouse_pipeline to None, run_after=None
[2026-05-25T11:26:17.829+0000] {processor.py:183} INFO - Processing /opt/airflow/dags/warehouse_pipeline.py took 0.075 seconds
[2026-05-25T11:26:48.212+0000] {processor.py:161} INFO - Started process (PID=701) to work on /opt/airflow/dags/warehouse_pipeline.py
[2026-05-25T11:26:48.216+0000] {processor.py:830} INFO - Processing file /opt/airflow/dags/warehouse_pipeline.py for tasks to queue
[2026-05-25T11:26:48.217+0000] {logging_mixin.py:188} INFO - [2026-05-25T11:26:48.216+0000] {dagbag.py:538} INFO - Filling up the DagBag from /opt/airflow/dags/warehouse_pipeline.py
[2026-05-25T11:26:48.237+0000] {processor.py:840} INFO - DAG(s) 'warehouse_pipeline' retrieved from /opt/airflow/dags/warehouse_pipeline.py
[2026-05-25T11:26:48.266+0000] {logging_mixin.py:188} INFO - [2026-05-25T11:26:48.266+0000] {dag.py:3036} INFO - Sync 1 DAGs
[2026-05-25T11:26:48.278+0000] {logging_mixin.py:188} INFO - [2026-05-25T11:26:48.278+0000] {dag.py:3823} INFO - Setting next_dagrun for warehouse_pipeline to None, run_after=None
[2026-05-25T11:26:48.291+0000] {processor.py:183} INFO - Processing /opt/airflow/dags/warehouse_pipeline.py took 0.086 seconds
[2026-05-25T11:27:18.599+0000] {processor.py:161} INFO - Started process (PID=711) to work on /opt/airflow/dags/warehouse_pipeline.py
[2026-05-25T11:27:18.602+0000] {processor.py:830} INFO - Processing file /opt/airflow/dags/warehouse_pipeline.py for tasks to queue
[2026-05-25T11:27:18.603+0000] {logging_mixin.py:188} INFO - [2026-05-25T11:27:18.602+0000] {dagbag.py:538} INFO - Filling up the DagBag from /opt/airflow/dags/warehouse_pipeline.py
[2026-05-25T11:27:18.613+0000] {processor.py:840} INFO - DAG(s) 'warehouse_pipeline' retrieved from /opt/airflow/dags/warehouse_pipeline.py
[2026-05-25T11:27:18.635+0000] {logging_mixin.py:188} INFO - [2026-05-25T11:27:18.635+0000] {dag.py:3036} INFO - Sync 1 DAGs
[2026-05-25T11:27:18.645+0000] {logging_mixin.py:188} INFO - [2026-05-25T11:27:18.644+0000] {dag.py:3823} INFO - Setting next_dagrun for warehouse_pipeline to None, run_after=None
[2026-05-25T11:27:18.659+0000] {processor.py:183} INFO - Processing /opt/airflow/dags/warehouse_pipeline.py took 0.064 seconds
[2026-05-25T11:27:49.006+0000] {processor.py:161} INFO - Started process (PID=721) to work on /opt/airflow/dags/warehouse_pipeline.py
[2026-05-25T11:27:49.008+0000] {processor.py:830} INFO - Processing file /opt/airflow/dags/warehouse_pipeline.py for tasks to queue
[2026-05-25T11:27:49.010+0000] {logging_mixin.py:188} INFO - [2026-05-25T11:27:49.009+0000] {dagbag.py:538} INFO - Filling up the DagBag from /opt/airflow/dags/warehouse_pipeline.py
[2026-05-25T11:27:49.027+0000] {processor.py:840} INFO - DAG(s) 'warehouse_pipeline' retrieved from /opt/airflow/dags/warehouse_pipeline.py
[2026-05-25T11:27:49.061+0000] {logging_mixin.py:188} INFO - [2026-05-25T11:27:49.061+0000] {dag.py:3036} INFO - Sync 1 DAGs
[2026-05-25T11:27:49.069+0000] {logging_mixin.py:188} INFO - [2026-05-25T11:27:49.069+0000] {dag.py:3823} INFO - Setting next_dagrun for warehouse_pipeline to None, run_after=None
[2026-05-25T11:27:49.084+0000] {processor.py:183} INFO - Processing /opt/airflow/dags/warehouse_pipeline.py took 0.086 seconds
[2026-05-25T11:28:19.357+0000] {processor.py:161} INFO - Started process (PID=731) to work on /opt/airflow/dags/warehouse_pipeline.py
[2026-05-25T11:28:19.362+0000] {processor.py:830} INFO - Processing file /opt/airflow/dags/warehouse_pipeline.py for tasks to queue
[2026-05-25T11:28:19.364+0000] {logging_mixin.py:188} INFO - [2026-05-25T11:28:19.364+0000] {dagbag.py:538} INFO - Filling up the DagBag from /opt/airflow/dags/warehouse_pipeline.py
[2026-05-25T11:28:19.386+0000] {processor.py:840} INFO - DAG(s) 'warehouse_pipeline' retrieved from /opt/airflow/dags/warehouse_pipeline.py
[2026-05-25T11:28:19.414+0000] {logging_mixin.py:188} INFO - [2026-05-25T11:28:19.414+0000] {dag.py:3036} INFO - Sync 1 DAGs
[2026-05-25T11:28:19.427+0000] {logging_mixin.py:188} INFO - [2026-05-25T11:28:19.427+0000] {dag.py:3823} INFO - Setting next_dagrun for warehouse_pipeline to None, run_after=None
[2026-05-25T11:28:19.450+0000] {processor.py:183} INFO - Processing /opt/airflow/dags/warehouse_pipeline.py took 0.102 seconds
[2026-05-25T11:28:49.703+0000] {processor.py:161} INFO - Started process (PID=741) to work on /opt/airflow/dags/warehouse_pipeline.py
[2026-05-25T11:28:49.708+0000] {processor.py:830} INFO - Processing file /opt/airflow/dags/warehouse_pipeline.py for tasks to queue
[2026-05-25T11:28:49.710+0000] {logging_mixin.py:188} INFO - [2026-05-25T11:28:49.710+0000] {dagbag.py:538} INFO - Filling up the DagBag from /opt/airflow/dags/warehouse_pipeline.py
[2026-05-25T11:28:49.724+0000] {processor.py:840} INFO - DAG(s) 'warehouse_pipeline' retrieved from /opt/airflow/dags/warehouse_pipeline.py
[2026-05-25T11:28:49.749+0000] {logging_mixin.py:188} INFO - [2026-05-25T11:28:49.749+0000] {dag.py:3036} INFO - Sync 1 DAGs
[2026-05-25T11:28:49.757+0000] {logging_mixin.py:188} INFO - [2026-05-25T11:28:49.757+0000] {dag.py:3823} INFO - Setting next_dagrun for warehouse_pipeline to None, run_after=None
[2026-05-25T11:28:49.772+0000] {processor.py:183} INFO - Processing /opt/airflow/dags/warehouse_pipeline.py took 0.075 seconds
[2026-05-25T11:29:20.153+0000] {processor.py:161} INFO - Started process (PID=751) to work on /opt/airflow/dags/warehouse_pipeline.py
[2026-05-25T11:29:20.159+0000] {processor.py:830} INFO - Processing file /opt/airflow/dags/warehouse_pipeline.py for tasks to queue
[2026-05-25T11:29:20.160+0000] {logging_mixin.py:188} INFO - [2026-05-25T11:29:20.159+0000] {dagbag.py:538} INFO - Filling up the DagBag from /opt/airflow/dags/warehouse_pipeline.py
[2026-05-25T11:29:20.179+0000] {processor.py:840} INFO - DAG(s) 'warehouse_pipeline' retrieved from /opt/airflow/dags/warehouse_pipeline.py
[2026-05-25T11:29:20.207+0000] {logging_mixin.py:188} INFO - [2026-05-25T11:29:20.207+0000] {dag.py:3036} INFO - Sync 1 DAGs
[2026-05-25T11:29:20.216+0000] {logging_mixin.py:188} INFO - [2026-05-25T11:29:20.216+0000] {dag.py:3823} INFO - Setting next_dagrun for warehouse_pipeline to None, run_after=None
[2026-05-25T11:29:20.229+0000] {processor.py:183} INFO - Processing /opt/airflow/dags/warehouse_pipeline.py took 0.085 seconds
[2026-05-25T11:29:50.582+0000] {processor.py:161} INFO - Started process (PID=761) to work on /opt/airflow/dags/warehouse_pipeline.py
[2026-05-25T11:29:50.586+0000] {processor.py:830} INFO - Processing file /opt/airflow/dags/warehouse_pipeline.py for tasks to queue
[2026-05-25T11:29:50.587+0000] {logging_mixin.py:188} INFO - [2026-05-25T11:29:50.587+0000] {dagbag.py:538} INFO - Filling up the DagBag from /opt/airflow/dags/warehouse_pipeline.py
[2026-05-25T11:29:50.604+0000] {processor.py:840} INFO - DAG(s) 'warehouse_pipeline' retrieved from /opt/airflow/dags/warehouse_pipeline.py
[2026-05-25T11:29:50.628+0000] {logging_mixin.py:188} INFO - [2026-05-25T11:29:50.627+0000] {dag.py:3036} INFO - Sync 1 DAGs
[2026-05-25T11:29:50.640+0000] {logging_mixin.py:188} INFO - [2026-05-25T11:29:50.640+0000] {dag.py:3823} INFO - Setting next_dagrun for warehouse_pipeline to None, run_after=None
[2026-05-25T11:29:50.654+0000] {processor.py:183} INFO - Processing /opt/airflow/dags/warehouse_pipeline.py took 0.078 seconds
[2026-05-25T11:30:21.076+0000] {processor.py:161} INFO - Started process (PID=771) to work on /opt/airflow/dags/warehouse_pipeline.py
[2026-05-25T11:30:21.080+0000] {processor.py:830} INFO - Processing file /opt/airflow/dags/warehouse_pipeline.py for tasks to queue
[2026-05-25T11:30:21.081+0000] {logging_mixin.py:188} INFO - [2026-05-25T11:30:21.081+0000] {dagbag.py:538} INFO - Filling up the DagBag from /opt/airflow/dags/warehouse_pipeline.py
[2026-05-25T11:30:21.102+0000] {processor.py:840} INFO - DAG(s) 'warehouse_pipeline' retrieved from /opt/airflow/dags/warehouse_pipeline.py
[2026-05-25T11:30:21.127+0000] {logging_mixin.py:188} INFO - [2026-05-25T11:30:21.127+0000] {dag.py:3036} INFO - Sync 1 DAGs
[2026-05-25T11:30:21.137+0000] {logging_mixin.py:188} INFO - [2026-05-25T11:30:21.137+0000] {dag.py:3823} INFO - Setting next_dagrun for warehouse_pipeline to None, run_after=None
[2026-05-25T11:30:21.151+0000] {processor.py:183} INFO - Processing /opt/airflow/dags/warehouse_pipeline.py took 0.082 seconds
[2026-05-25T11:30:51.484+0000] {processor.py:161} INFO - Started process (PID=781) to work on /opt/airflow/dags/warehouse_pipeline.py
[2026-05-25T11:30:51.487+0000] {processor.py:830} INFO - Processing file /opt/airflow/dags/warehouse_pipeline.py for tasks to queue
[2026-05-25T11:30:51.488+0000] {logging_mixin.py:188} INFO - [2026-05-25T11:30:51.488+0000] {dagbag.py:538} INFO - Filling up the DagBag from /opt/airflow/dags/warehouse_pipeline.py
[2026-05-25T11:30:51.505+0000] {processor.py:840} INFO - DAG(s) 'warehouse_pipeline' retrieved from /opt/airflow/dags/warehouse_pipeline.py
[2026-05-25T11:30:51.528+0000] {logging_mixin.py:188} INFO - [2026-05-25T11:30:51.528+0000] {dag.py:3036} INFO - Sync 1 DAGs
[2026-05-25T11:30:51.537+0000] {logging_mixin.py:188} INFO - [2026-05-25T11:30:51.537+0000] {dag.py:3823} INFO - Setting next_dagrun for warehouse_pipeline to None, run_after=None
[2026-05-25T11:30:51.550+0000] {processor.py:183} INFO - Processing /opt/airflow/dags/warehouse_pipeline.py took 0.073 seconds
[2026-05-25T11:31:21.838+0000] {processor.py:161} INFO - Started process (PID=791) to work on /opt/airflow/dags/warehouse_pipeline.py
[2026-05-25T11:31:21.842+0000] {processor.py:830} INFO - Processing file /opt/airflow/dags/warehouse_pipeline.py for tasks to queue
[2026-05-25T11:31:21.843+0000] {logging_mixin.py:188} INFO - [2026-05-25T11:31:21.843+0000] {dagbag.py:538} INFO - Filling up the DagBag from /opt/airflow/dags/warehouse_pipeline.py
[2026-05-25T11:31:21.856+0000] {processor.py:840} INFO - DAG(s) 'warehouse_pipeline' retrieved from /opt/airflow/dags/warehouse_pipeline.py
[2026-05-25T11:31:21.881+0000] {logging_mixin.py:188} INFO - [2026-05-25T11:31:21.881+0000] {dag.py:3036} INFO - Sync 1 DAGs
[2026-05-25T11:31:21.889+0000] {logging_mixin.py:188} INFO - [2026-05-25T11:31:21.889+0000] {dag.py:3823} INFO - Setting next_dagrun for warehouse_pipeline to None, run_after=None
[2026-05-25T11:31:21.903+0000] {processor.py:183} INFO - Processing /opt/airflow/dags/warehouse_pipeline.py took 0.070 seconds
[2026-05-25T11:31:52.219+0000] {processor.py:161} INFO - Started process (PID=801) to work on /opt/airflow/dags/warehouse_pipeline.py
[2026-05-25T11:31:52.223+0000] {processor.py:830} INFO - Processing file /opt/airflow/dags/warehouse_pipeline.py for tasks to queue
[2026-05-25T11:31:52.224+0000] {logging_mixin.py:188} INFO - [2026-05-25T11:31:52.223+0000] {dagbag.py:538} INFO - Filling up the DagBag from /opt/airflow/dags/warehouse_pipeline.py
[2026-05-25T11:31:52.243+0000] {processor.py:840} INFO - DAG(s) 'warehouse_pipeline' retrieved from /opt/airflow/dags/warehouse_pipeline.py
[2026-05-25T11:31:52.268+0000] {logging_mixin.py:188} INFO - [2026-05-25T11:31:52.268+0000] {dag.py:3036} INFO - Sync 1 DAGs
[2026-05-25T11:31:52.278+0000] {logging_mixin.py:188} INFO - [2026-05-25T11:31:52.277+0000] {dag.py:3823} INFO - Setting next_dagrun for warehouse_pipeline to None, run_after=None
[2026-05-25T11:31:52.291+0000] {processor.py:183} INFO - Processing /opt/airflow/dags/warehouse_pipeline.py took 0.080 seconds
[2026-05-25T11:32:22.578+0000] {processor.py:161} INFO - Started process (PID=811) to work on /opt/airflow/dags/warehouse_pipeline.py
[2026-05-25T11:32:22.584+0000] {processor.py:830} INFO - Processing file /opt/airflow/dags/warehouse_pipeline.py for tasks to queue
[2026-05-25T11:32:22.586+0000] {logging_mixin.py:188} INFO - [2026-05-25T11:32:22.585+0000] {dagbag.py:538} INFO - Filling up the DagBag from /opt/airflow/dags/warehouse_pipeline.py
[2026-05-25T11:32:22.602+0000] {processor.py:840} INFO - DAG(s) 'warehouse_pipeline' retrieved from /opt/airflow/dags/warehouse_pipeline.py
[2026-05-25T11:32:22.627+0000] {logging_mixin.py:188} INFO - [2026-05-25T11:32:22.627+0000] {dag.py:3036} INFO - Sync 1 DAGs
[2026-05-25T11:32:22.635+0000] {logging_mixin.py:188} INFO - [2026-05-25T11:32:22.635+0000] {dag.py:3823} INFO - Setting next_dagrun for warehouse_pipeline to None, run_after=None
[2026-05-25T11:32:22.649+0000] {processor.py:183} INFO - Processing /opt/airflow/dags/warehouse_pipeline.py took 0.078 seconds
[2026-05-25T11:32:53.049+0000] {processor.py:161} INFO - Started process (PID=821) to work on /opt/airflow/dags/warehouse_pipeline.py
[2026-05-25T11:32:53.054+0000] {processor.py:830} INFO - Processing file /opt/airflow/dags/warehouse_pipeline.py for tasks to queue
[2026-05-25T11:32:53.057+0000] {logging_mixin.py:188} INFO - [2026-05-25T11:32:53.056+0000] {dagbag.py:538} INFO - Filling up the DagBag from /opt/airflow/dags/warehouse_pipeline.py
[2026-05-25T11:32:53.073+0000] {processor.py:840} INFO - DAG(s) 'warehouse_pipeline' retrieved from /opt/airflow/dags/warehouse_pipeline.py
[2026-05-25T11:32:53.101+0000] {logging_mixin.py:188} INFO - [2026-05-25T11:32:53.101+0000] {dag.py:3036} INFO - Sync 1 DAGs
[2026-05-25T11:32:53.112+0000] {logging_mixin.py:188} INFO - [2026-05-25T11:32:53.111+0000] {dag.py:3823} INFO - Setting next_dagrun for warehouse_pipeline to None, run_after=None
[2026-05-25T11:32:53.124+0000] {processor.py:183} INFO - Processing /opt/airflow/dags/warehouse_pipeline.py took 0.083 seconds
[2026-05-25T11:33:23.493+0000] {processor.py:161} INFO - Started process (PID=831) to work on /opt/airflow/dags/warehouse_pipeline.py
[2026-05-25T11:33:23.498+0000] {processor.py:830} INFO - Processing file /opt/airflow/dags/warehouse_pipeline.py for tasks to queue
[2026-05-25T11:33:23.499+0000] {logging_mixin.py:188} INFO - [2026-05-25T11:33:23.499+0000] {dagbag.py:538} INFO - Filling up the DagBag from /opt/airflow/dags/warehouse_pipeline.py
[2026-05-25T11:33:23.517+0000] {processor.py:840} INFO - DAG(s) 'warehouse_pipeline' retrieved from /opt/airflow/dags/warehouse_pipeline.py
[2026-05-25T11:33:23.543+0000] {logging_mixin.py:188} INFO - [2026-05-25T11:33:23.543+0000] {dag.py:3036} INFO - Sync 1 DAGs
[2026-05-25T11:33:23.555+0000] {logging_mixin.py:188} INFO - [2026-05-25T11:33:23.555+0000] {dag.py:3823} INFO - Setting next_dagrun for warehouse_pipeline to None, run_after=None
[2026-05-25T11:33:23.568+0000] {processor.py:183} INFO - Processing /opt/airflow/dags/warehouse_pipeline.py took 0.082 seconds
