[2026-05-22T14:25:02.026+0000] {processor.py:161} INFO - Started process (PID=206) to work on /opt/airflow/dags/warehouse_pipeline.py
[2026-05-22T14:25:02.028+0000] {processor.py:830} INFO - Processing file /opt/airflow/dags/warehouse_pipeline.py for tasks to queue
[2026-05-22T14:25:02.030+0000] {logging_mixin.py:188} INFO - [2026-05-22T14:25:02.030+0000] {dagbag.py:538} INFO - Filling up the DagBag from /opt/airflow/dags/warehouse_pipeline.py
[2026-05-22T14:25:02.070+0000] {processor.py:840} INFO - DAG(s) 'warehouse_pipeline' retrieved from /opt/airflow/dags/warehouse_pipeline.py
[2026-05-22T14:25:02.112+0000] {logging_mixin.py:188} INFO - [2026-05-22T14:25:02.111+0000] {dag.py:3036} INFO - Sync 1 DAGs
[2026-05-22T14:25:02.119+0000] {logging_mixin.py:188} INFO - [2026-05-22T14:25:02.119+0000] {dag.py:3823} INFO - Setting next_dagrun for warehouse_pipeline to None, run_after=None
[2026-05-22T14:25:02.130+0000] {processor.py:183} INFO - Processing /opt/airflow/dags/warehouse_pipeline.py took 0.107 seconds
[2026-05-22T14:25:32.298+0000] {processor.py:161} INFO - Started process (PID=252) to work on /opt/airflow/dags/warehouse_pipeline.py
[2026-05-22T14:25:32.300+0000] {processor.py:830} INFO - Processing file /opt/airflow/dags/warehouse_pipeline.py for tasks to queue
[2026-05-22T14:25:32.300+0000] {logging_mixin.py:188} INFO - [2026-05-22T14:25:32.300+0000] {dagbag.py:538} INFO - Filling up the DagBag from /opt/airflow/dags/warehouse_pipeline.py
[2026-05-22T14:25:32.310+0000] {processor.py:840} INFO - DAG(s) 'warehouse_pipeline' retrieved from /opt/airflow/dags/warehouse_pipeline.py
[2026-05-22T14:25:32.331+0000] {logging_mixin.py:188} INFO - [2026-05-22T14:25:32.331+0000] {dag.py:3036} INFO - Sync 1 DAGs
[2026-05-22T14:25:32.341+0000] {logging_mixin.py:188} INFO - [2026-05-22T14:25:32.341+0000] {dag.py:3823} INFO - Setting next_dagrun for warehouse_pipeline to None, run_after=None
[2026-05-22T14:25:32.354+0000] {processor.py:183} INFO - Processing /opt/airflow/dags/warehouse_pipeline.py took 0.060 seconds
[2026-05-22T14:26:02.644+0000] {processor.py:161} INFO - Started process (PID=262) to work on /opt/airflow/dags/warehouse_pipeline.py
[2026-05-22T14:26:02.647+0000] {processor.py:830} INFO - Processing file /opt/airflow/dags/warehouse_pipeline.py for tasks to queue
[2026-05-22T14:26:02.648+0000] {logging_mixin.py:188} INFO - [2026-05-22T14:26:02.648+0000] {dagbag.py:538} INFO - Filling up the DagBag from /opt/airflow/dags/warehouse_pipeline.py
[2026-05-22T14:26:02.665+0000] {processor.py:840} INFO - DAG(s) 'warehouse_pipeline' retrieved from /opt/airflow/dags/warehouse_pipeline.py
[2026-05-22T14:26:02.692+0000] {logging_mixin.py:188} INFO - [2026-05-22T14:26:02.692+0000] {dag.py:3036} INFO - Sync 1 DAGs
[2026-05-22T14:26:02.701+0000] {logging_mixin.py:188} INFO - [2026-05-22T14:26:02.701+0000] {dag.py:3823} INFO - Setting next_dagrun for warehouse_pipeline to None, run_after=None
[2026-05-22T14:26:02.714+0000] {processor.py:183} INFO - Processing /opt/airflow/dags/warehouse_pipeline.py took 0.088 seconds
[2026-05-22T14:26:32.982+0000] {processor.py:161} INFO - Started process (PID=272) to work on /opt/airflow/dags/warehouse_pipeline.py
[2026-05-22T14:26:32.984+0000] {processor.py:830} INFO - Processing file /opt/airflow/dags/warehouse_pipeline.py for tasks to queue
[2026-05-22T14:26:32.987+0000] {logging_mixin.py:188} INFO - [2026-05-22T14:26:32.986+0000] {dagbag.py:538} INFO - Filling up the DagBag from /opt/airflow/dags/warehouse_pipeline.py
[2026-05-22T14:26:33.011+0000] {processor.py:840} INFO - DAG(s) 'warehouse_pipeline' retrieved from /opt/airflow/dags/warehouse_pipeline.py
[2026-05-22T14:26:33.035+0000] {logging_mixin.py:188} INFO - [2026-05-22T14:26:33.035+0000] {dag.py:3036} INFO - Sync 1 DAGs
[2026-05-22T14:26:33.044+0000] {logging_mixin.py:188} INFO - [2026-05-22T14:26:33.044+0000] {dag.py:3823} INFO - Setting next_dagrun for warehouse_pipeline to None, run_after=None
[2026-05-22T14:26:33.058+0000] {processor.py:183} INFO - Processing /opt/airflow/dags/warehouse_pipeline.py took 0.083 seconds
[2026-05-22T14:27:03.443+0000] {processor.py:161} INFO - Started process (PID=282) to work on /opt/airflow/dags/warehouse_pipeline.py
[2026-05-22T14:27:03.445+0000] {processor.py:830} INFO - Processing file /opt/airflow/dags/warehouse_pipeline.py for tasks to queue
[2026-05-22T14:27:03.446+0000] {logging_mixin.py:188} INFO - [2026-05-22T14:27:03.446+0000] {dagbag.py:538} INFO - Filling up the DagBag from /opt/airflow/dags/warehouse_pipeline.py
[2026-05-22T14:27:03.463+0000] {processor.py:840} INFO - DAG(s) 'warehouse_pipeline' retrieved from /opt/airflow/dags/warehouse_pipeline.py
[2026-05-22T14:27:03.499+0000] {logging_mixin.py:188} INFO - [2026-05-22T14:27:03.499+0000] {dag.py:3036} INFO - Sync 1 DAGs
[2026-05-22T14:27:03.507+0000] {logging_mixin.py:188} INFO - [2026-05-22T14:27:03.507+0000] {dag.py:3823} INFO - Setting next_dagrun for warehouse_pipeline to None, run_after=None
[2026-05-22T14:27:03.522+0000] {processor.py:183} INFO - Processing /opt/airflow/dags/warehouse_pipeline.py took 0.085 seconds
[2026-05-22T14:27:33.824+0000] {processor.py:161} INFO - Started process (PID=327) to work on /opt/airflow/dags/warehouse_pipeline.py
[2026-05-22T14:27:33.826+0000] {processor.py:830} INFO - Processing file /opt/airflow/dags/warehouse_pipeline.py for tasks to queue
[2026-05-22T14:27:33.829+0000] {logging_mixin.py:188} INFO - [2026-05-22T14:27:33.828+0000] {dagbag.py:538} INFO - Filling up the DagBag from /opt/airflow/dags/warehouse_pipeline.py
[2026-05-22T14:27:33.844+0000] {processor.py:840} INFO - DAG(s) 'warehouse_pipeline' retrieved from /opt/airflow/dags/warehouse_pipeline.py
[2026-05-22T14:27:33.868+0000] {logging_mixin.py:188} INFO - [2026-05-22T14:27:33.868+0000] {dag.py:3036} INFO - Sync 1 DAGs
[2026-05-22T14:27:33.876+0000] {logging_mixin.py:188} INFO - [2026-05-22T14:27:33.876+0000] {dag.py:3823} INFO - Setting next_dagrun for warehouse_pipeline to None, run_after=None
[2026-05-22T14:27:33.890+0000] {processor.py:183} INFO - Processing /opt/airflow/dags/warehouse_pipeline.py took 0.073 seconds
[2026-05-22T14:28:04.202+0000] {processor.py:161} INFO - Started process (PID=337) to work on /opt/airflow/dags/warehouse_pipeline.py
[2026-05-22T14:28:04.205+0000] {processor.py:830} INFO - Processing file /opt/airflow/dags/warehouse_pipeline.py for tasks to queue
[2026-05-22T14:28:04.207+0000] {logging_mixin.py:188} INFO - [2026-05-22T14:28:04.207+0000] {dagbag.py:538} INFO - Filling up the DagBag from /opt/airflow/dags/warehouse_pipeline.py
[2026-05-22T14:28:04.225+0000] {processor.py:840} INFO - DAG(s) 'warehouse_pipeline' retrieved from /opt/airflow/dags/warehouse_pipeline.py
[2026-05-22T14:28:04.258+0000] {logging_mixin.py:188} INFO - [2026-05-22T14:28:04.258+0000] {dag.py:3036} INFO - Sync 1 DAGs
[2026-05-22T14:28:04.272+0000] {logging_mixin.py:188} INFO - [2026-05-22T14:28:04.272+0000] {dag.py:3823} INFO - Setting next_dagrun for warehouse_pipeline to None, run_after=None
[2026-05-22T14:28:04.288+0000] {processor.py:183} INFO - Processing /opt/airflow/dags/warehouse_pipeline.py took 0.094 seconds
[2026-05-22T14:28:34.615+0000] {processor.py:161} INFO - Started process (PID=347) to work on /opt/airflow/dags/warehouse_pipeline.py
[2026-05-22T14:28:34.618+0000] {processor.py:830} INFO - Processing file /opt/airflow/dags/warehouse_pipeline.py for tasks to queue
[2026-05-22T14:28:34.620+0000] {logging_mixin.py:188} INFO - [2026-05-22T14:28:34.620+0000] {dagbag.py:538} INFO - Filling up the DagBag from /opt/airflow/dags/warehouse_pipeline.py
[2026-05-22T14:28:34.643+0000] {processor.py:840} INFO - DAG(s) 'warehouse_pipeline' retrieved from /opt/airflow/dags/warehouse_pipeline.py
[2026-05-22T14:28:34.670+0000] {logging_mixin.py:188} INFO - [2026-05-22T14:28:34.670+0000] {dag.py:3036} INFO - Sync 1 DAGs
[2026-05-22T14:28:34.680+0000] {logging_mixin.py:188} INFO - [2026-05-22T14:28:34.679+0000] {dag.py:3823} INFO - Setting next_dagrun for warehouse_pipeline to None, run_after=None
[2026-05-22T14:28:34.696+0000] {processor.py:183} INFO - Processing /opt/airflow/dags/warehouse_pipeline.py took 0.101 seconds
[2026-05-22T14:29:05.096+0000] {processor.py:161} INFO - Started process (PID=357) to work on /opt/airflow/dags/warehouse_pipeline.py
[2026-05-22T14:29:05.099+0000] {processor.py:830} INFO - Processing file /opt/airflow/dags/warehouse_pipeline.py for tasks to queue
[2026-05-22T14:29:05.102+0000] {logging_mixin.py:188} INFO - [2026-05-22T14:29:05.101+0000] {dagbag.py:538} INFO - Filling up the DagBag from /opt/airflow/dags/warehouse_pipeline.py
[2026-05-22T14:29:05.123+0000] {processor.py:840} INFO - DAG(s) 'warehouse_pipeline' retrieved from /opt/airflow/dags/warehouse_pipeline.py
[2026-05-22T14:29:05.152+0000] {logging_mixin.py:188} INFO - [2026-05-22T14:29:05.151+0000] {dag.py:3036} INFO - Sync 1 DAGs
[2026-05-22T14:29:05.163+0000] {logging_mixin.py:188} INFO - [2026-05-22T14:29:05.163+0000] {dag.py:3823} INFO - Setting next_dagrun for warehouse_pipeline to None, run_after=None
[2026-05-22T14:29:05.180+0000] {processor.py:183} INFO - Processing /opt/airflow/dags/warehouse_pipeline.py took 0.092 seconds
[2026-05-22T14:29:35.582+0000] {processor.py:161} INFO - Started process (PID=367) to work on /opt/airflow/dags/warehouse_pipeline.py
[2026-05-22T14:29:35.586+0000] {processor.py:830} INFO - Processing file /opt/airflow/dags/warehouse_pipeline.py for tasks to queue
[2026-05-22T14:29:35.590+0000] {logging_mixin.py:188} INFO - [2026-05-22T14:29:35.588+0000] {dagbag.py:538} INFO - Filling up the DagBag from /opt/airflow/dags/warehouse_pipeline.py
[2026-05-22T14:29:35.624+0000] {processor.py:840} INFO - DAG(s) 'warehouse_pipeline' retrieved from /opt/airflow/dags/warehouse_pipeline.py
[2026-05-22T14:29:35.652+0000] {logging_mixin.py:188} INFO - [2026-05-22T14:29:35.652+0000] {dag.py:3036} INFO - Sync 1 DAGs
[2026-05-22T14:29:35.665+0000] {logging_mixin.py:188} INFO - [2026-05-22T14:29:35.664+0000] {dag.py:3823} INFO - Setting next_dagrun for warehouse_pipeline to None, run_after=None
[2026-05-22T14:29:35.678+0000] {processor.py:183} INFO - Processing /opt/airflow/dags/warehouse_pipeline.py took 0.106 seconds
[2026-05-22T14:30:05.932+0000] {processor.py:161} INFO - Started process (PID=377) to work on /opt/airflow/dags/warehouse_pipeline.py
[2026-05-22T14:30:05.933+0000] {processor.py:830} INFO - Processing file /opt/airflow/dags/warehouse_pipeline.py for tasks to queue
[2026-05-22T14:30:05.935+0000] {logging_mixin.py:188} INFO - [2026-05-22T14:30:05.934+0000] {dagbag.py:538} INFO - Filling up the DagBag from /opt/airflow/dags/warehouse_pipeline.py
[2026-05-22T14:30:05.958+0000] {processor.py:840} INFO - DAG(s) 'warehouse_pipeline' retrieved from /opt/airflow/dags/warehouse_pipeline.py
[2026-05-22T14:30:05.985+0000] {logging_mixin.py:188} INFO - [2026-05-22T14:30:05.985+0000] {dag.py:3036} INFO - Sync 1 DAGs
[2026-05-22T14:30:05.994+0000] {logging_mixin.py:188} INFO - [2026-05-22T14:30:05.994+0000] {dag.py:3823} INFO - Setting next_dagrun for warehouse_pipeline to None, run_after=None
[2026-05-22T14:30:06.009+0000] {processor.py:183} INFO - Processing /opt/airflow/dags/warehouse_pipeline.py took 0.085 seconds
[2026-05-22T14:30:36.279+0000] {processor.py:161} INFO - Started process (PID=387) to work on /opt/airflow/dags/warehouse_pipeline.py
[2026-05-22T14:30:36.282+0000] {processor.py:830} INFO - Processing file /opt/airflow/dags/warehouse_pipeline.py for tasks to queue
[2026-05-22T14:30:36.283+0000] {logging_mixin.py:188} INFO - [2026-05-22T14:30:36.283+0000] {dagbag.py:538} INFO - Filling up the DagBag from /opt/airflow/dags/warehouse_pipeline.py
[2026-05-22T14:30:36.303+0000] {processor.py:840} INFO - DAG(s) 'warehouse_pipeline' retrieved from /opt/airflow/dags/warehouse_pipeline.py
[2026-05-22T14:30:36.331+0000] {logging_mixin.py:188} INFO - [2026-05-22T14:30:36.331+0000] {dag.py:3036} INFO - Sync 1 DAGs
[2026-05-22T14:30:36.340+0000] {logging_mixin.py:188} INFO - [2026-05-22T14:30:36.340+0000] {dag.py:3823} INFO - Setting next_dagrun for warehouse_pipeline to None, run_after=None
[2026-05-22T14:30:36.355+0000] {processor.py:183} INFO - Processing /opt/airflow/dags/warehouse_pipeline.py took 0.094 seconds
[2026-05-22T14:31:06.675+0000] {processor.py:161} INFO - Started process (PID=397) to work on /opt/airflow/dags/warehouse_pipeline.py
[2026-05-22T14:31:06.678+0000] {processor.py:830} INFO - Processing file /opt/airflow/dags/warehouse_pipeline.py for tasks to queue
[2026-05-22T14:31:06.681+0000] {logging_mixin.py:188} INFO - [2026-05-22T14:31:06.679+0000] {dagbag.py:538} INFO - Filling up the DagBag from /opt/airflow/dags/warehouse_pipeline.py
[2026-05-22T14:31:06.697+0000] {processor.py:840} INFO - DAG(s) 'warehouse_pipeline' retrieved from /opt/airflow/dags/warehouse_pipeline.py
[2026-05-22T14:31:06.734+0000] {logging_mixin.py:188} INFO - [2026-05-22T14:31:06.734+0000] {dag.py:3036} INFO - Sync 1 DAGs
[2026-05-22T14:31:06.744+0000] {logging_mixin.py:188} INFO - [2026-05-22T14:31:06.744+0000] {dag.py:3823} INFO - Setting next_dagrun for warehouse_pipeline to None, run_after=None
[2026-05-22T14:31:06.763+0000] {processor.py:183} INFO - Processing /opt/airflow/dags/warehouse_pipeline.py took 0.096 seconds
[2026-05-22T14:31:37.021+0000] {processor.py:161} INFO - Started process (PID=407) to work on /opt/airflow/dags/warehouse_pipeline.py
[2026-05-22T14:31:37.023+0000] {processor.py:830} INFO - Processing file /opt/airflow/dags/warehouse_pipeline.py for tasks to queue
[2026-05-22T14:31:37.025+0000] {logging_mixin.py:188} INFO - [2026-05-22T14:31:37.024+0000] {dagbag.py:538} INFO - Filling up the DagBag from /opt/airflow/dags/warehouse_pipeline.py
[2026-05-22T14:31:37.039+0000] {processor.py:840} INFO - DAG(s) 'warehouse_pipeline' retrieved from /opt/airflow/dags/warehouse_pipeline.py
[2026-05-22T14:31:37.068+0000] {logging_mixin.py:188} INFO - [2026-05-22T14:31:37.068+0000] {dag.py:3036} INFO - Sync 1 DAGs
[2026-05-22T14:31:37.081+0000] {logging_mixin.py:188} INFO - [2026-05-22T14:31:37.081+0000] {dag.py:3823} INFO - Setting next_dagrun for warehouse_pipeline to None, run_after=None
[2026-05-22T14:31:37.097+0000] {processor.py:183} INFO - Processing /opt/airflow/dags/warehouse_pipeline.py took 0.086 seconds
[2026-05-22T14:32:07.523+0000] {processor.py:161} INFO - Started process (PID=417) to work on /opt/airflow/dags/warehouse_pipeline.py
[2026-05-22T14:32:07.526+0000] {processor.py:830} INFO - Processing file /opt/airflow/dags/warehouse_pipeline.py for tasks to queue
[2026-05-22T14:32:07.528+0000] {logging_mixin.py:188} INFO - [2026-05-22T14:32:07.528+0000] {dagbag.py:538} INFO - Filling up the DagBag from /opt/airflow/dags/warehouse_pipeline.py
[2026-05-22T14:32:07.544+0000] {processor.py:840} INFO - DAG(s) 'warehouse_pipeline' retrieved from /opt/airflow/dags/warehouse_pipeline.py
[2026-05-22T14:32:07.574+0000] {logging_mixin.py:188} INFO - [2026-05-22T14:32:07.574+0000] {dag.py:3036} INFO - Sync 1 DAGs
[2026-05-22T14:32:07.582+0000] {logging_mixin.py:188} INFO - [2026-05-22T14:32:07.582+0000] {dag.py:3823} INFO - Setting next_dagrun for warehouse_pipeline to None, run_after=None
[2026-05-22T14:32:07.611+0000] {processor.py:183} INFO - Processing /opt/airflow/dags/warehouse_pipeline.py took 0.099 seconds
[2026-05-22T14:32:37.955+0000] {processor.py:161} INFO - Started process (PID=427) to work on /opt/airflow/dags/warehouse_pipeline.py
[2026-05-22T14:32:37.962+0000] {processor.py:830} INFO - Processing file /opt/airflow/dags/warehouse_pipeline.py for tasks to queue
[2026-05-22T14:32:37.964+0000] {logging_mixin.py:188} INFO - [2026-05-22T14:32:37.963+0000] {dagbag.py:538} INFO - Filling up the DagBag from /opt/airflow/dags/warehouse_pipeline.py
[2026-05-22T14:32:37.985+0000] {processor.py:840} INFO - DAG(s) 'warehouse_pipeline' retrieved from /opt/airflow/dags/warehouse_pipeline.py
[2026-05-22T14:32:38.015+0000] {logging_mixin.py:188} INFO - [2026-05-22T14:32:38.015+0000] {dag.py:3036} INFO - Sync 1 DAGs
[2026-05-22T14:32:38.027+0000] {logging_mixin.py:188} INFO - [2026-05-22T14:32:38.027+0000] {dag.py:3823} INFO - Setting next_dagrun for warehouse_pipeline to None, run_after=None
[2026-05-22T14:32:38.042+0000] {processor.py:183} INFO - Processing /opt/airflow/dags/warehouse_pipeline.py took 0.104 seconds
[2026-05-22T14:33:08.347+0000] {processor.py:161} INFO - Started process (PID=437) to work on /opt/airflow/dags/warehouse_pipeline.py
[2026-05-22T14:33:08.351+0000] {processor.py:830} INFO - Processing file /opt/airflow/dags/warehouse_pipeline.py for tasks to queue
[2026-05-22T14:33:08.355+0000] {logging_mixin.py:188} INFO - [2026-05-22T14:33:08.353+0000] {dagbag.py:538} INFO - Filling up the DagBag from /opt/airflow/dags/warehouse_pipeline.py
[2026-05-22T14:33:08.386+0000] {processor.py:840} INFO - DAG(s) 'warehouse_pipeline' retrieved from /opt/airflow/dags/warehouse_pipeline.py
[2026-05-22T14:33:08.412+0000] {logging_mixin.py:188} INFO - [2026-05-22T14:33:08.412+0000] {dag.py:3036} INFO - Sync 1 DAGs
[2026-05-22T14:33:08.423+0000] {logging_mixin.py:188} INFO - [2026-05-22T14:33:08.423+0000] {dag.py:3823} INFO - Setting next_dagrun for warehouse_pipeline to None, run_after=None
[2026-05-22T14:33:08.437+0000] {processor.py:183} INFO - Processing /opt/airflow/dags/warehouse_pipeline.py took 0.095 seconds
[2026-05-22T14:33:38.754+0000] {processor.py:161} INFO - Started process (PID=447) to work on /opt/airflow/dags/warehouse_pipeline.py
[2026-05-22T14:33:38.756+0000] {processor.py:830} INFO - Processing file /opt/airflow/dags/warehouse_pipeline.py for tasks to queue
[2026-05-22T14:33:38.757+0000] {logging_mixin.py:188} INFO - [2026-05-22T14:33:38.757+0000] {dagbag.py:538} INFO - Filling up the DagBag from /opt/airflow/dags/warehouse_pipeline.py
[2026-05-22T14:33:38.774+0000] {processor.py:840} INFO - DAG(s) 'warehouse_pipeline' retrieved from /opt/airflow/dags/warehouse_pipeline.py
[2026-05-22T14:33:38.804+0000] {logging_mixin.py:188} INFO - [2026-05-22T14:33:38.803+0000] {dag.py:3036} INFO - Sync 1 DAGs
[2026-05-22T14:33:38.812+0000] {logging_mixin.py:188} INFO - [2026-05-22T14:33:38.812+0000] {dag.py:3823} INFO - Setting next_dagrun for warehouse_pipeline to None, run_after=None
[2026-05-22T14:33:38.828+0000] {processor.py:183} INFO - Processing /opt/airflow/dags/warehouse_pipeline.py took 0.082 seconds
[2026-05-22T14:34:09.069+0000] {processor.py:161} INFO - Started process (PID=457) to work on /opt/airflow/dags/warehouse_pipeline.py
[2026-05-22T14:34:09.070+0000] {processor.py:830} INFO - Processing file /opt/airflow/dags/warehouse_pipeline.py for tasks to queue
[2026-05-22T14:34:09.071+0000] {logging_mixin.py:188} INFO - [2026-05-22T14:34:09.071+0000] {dagbag.py:538} INFO - Filling up the DagBag from /opt/airflow/dags/warehouse_pipeline.py
[2026-05-22T14:34:09.082+0000] {processor.py:840} INFO - DAG(s) 'warehouse_pipeline' retrieved from /opt/airflow/dags/warehouse_pipeline.py
[2026-05-22T14:34:09.103+0000] {logging_mixin.py:188} INFO - [2026-05-22T14:34:09.103+0000] {dag.py:3036} INFO - Sync 1 DAGs
[2026-05-22T14:34:09.111+0000] {logging_mixin.py:188} INFO - [2026-05-22T14:34:09.111+0000] {dag.py:3823} INFO - Setting next_dagrun for warehouse_pipeline to None, run_after=None
[2026-05-22T14:34:09.121+0000] {processor.py:183} INFO - Processing /opt/airflow/dags/warehouse_pipeline.py took 0.057 seconds
[2026-05-22T14:34:39.474+0000] {processor.py:161} INFO - Started process (PID=467) to work on /opt/airflow/dags/warehouse_pipeline.py
[2026-05-22T14:34:39.478+0000] {processor.py:830} INFO - Processing file /opt/airflow/dags/warehouse_pipeline.py for tasks to queue
[2026-05-22T14:34:39.482+0000] {logging_mixin.py:188} INFO - [2026-05-22T14:34:39.481+0000] {dagbag.py:538} INFO - Filling up the DagBag from /opt/airflow/dags/warehouse_pipeline.py
[2026-05-22T14:34:39.505+0000] {processor.py:840} INFO - DAG(s) 'warehouse_pipeline' retrieved from /opt/airflow/dags/warehouse_pipeline.py
[2026-05-22T14:34:39.534+0000] {logging_mixin.py:188} INFO - [2026-05-22T14:34:39.534+0000] {dag.py:3036} INFO - Sync 1 DAGs
[2026-05-22T14:34:39.546+0000] {logging_mixin.py:188} INFO - [2026-05-22T14:34:39.546+0000] {dag.py:3823} INFO - Setting next_dagrun for warehouse_pipeline to None, run_after=None
[2026-05-22T14:34:39.562+0000] {processor.py:183} INFO - Processing /opt/airflow/dags/warehouse_pipeline.py took 0.097 seconds
[2026-05-22T14:35:09.864+0000] {processor.py:161} INFO - Started process (PID=477) to work on /opt/airflow/dags/warehouse_pipeline.py
[2026-05-22T14:35:09.867+0000] {processor.py:830} INFO - Processing file /opt/airflow/dags/warehouse_pipeline.py for tasks to queue
[2026-05-22T14:35:09.870+0000] {logging_mixin.py:188} INFO - [2026-05-22T14:35:09.869+0000] {dagbag.py:538} INFO - Filling up the DagBag from /opt/airflow/dags/warehouse_pipeline.py
[2026-05-22T14:35:09.887+0000] {processor.py:840} INFO - DAG(s) 'warehouse_pipeline' retrieved from /opt/airflow/dags/warehouse_pipeline.py
[2026-05-22T14:35:09.922+0000] {logging_mixin.py:188} INFO - [2026-05-22T14:35:09.921+0000] {dag.py:3036} INFO - Sync 1 DAGs
[2026-05-22T14:35:09.939+0000] {logging_mixin.py:188} INFO - [2026-05-22T14:35:09.938+0000] {dag.py:3823} INFO - Setting next_dagrun for warehouse_pipeline to None, run_after=None
[2026-05-22T14:35:09.957+0000] {processor.py:183} INFO - Processing /opt/airflow/dags/warehouse_pipeline.py took 0.100 seconds
[2026-05-22T14:35:40.328+0000] {processor.py:161} INFO - Started process (PID=487) to work on /opt/airflow/dags/warehouse_pipeline.py
[2026-05-22T14:35:40.331+0000] {processor.py:830} INFO - Processing file /opt/airflow/dags/warehouse_pipeline.py for tasks to queue
[2026-05-22T14:35:40.333+0000] {logging_mixin.py:188} INFO - [2026-05-22T14:35:40.332+0000] {dagbag.py:538} INFO - Filling up the DagBag from /opt/airflow/dags/warehouse_pipeline.py
[2026-05-22T14:35:40.351+0000] {processor.py:840} INFO - DAG(s) 'warehouse_pipeline' retrieved from /opt/airflow/dags/warehouse_pipeline.py
[2026-05-22T14:35:40.374+0000] {logging_mixin.py:188} INFO - [2026-05-22T14:35:40.374+0000] {dag.py:3036} INFO - Sync 1 DAGs
[2026-05-22T14:35:40.382+0000] {logging_mixin.py:188} INFO - [2026-05-22T14:35:40.382+0000] {dag.py:3823} INFO - Setting next_dagrun for warehouse_pipeline to None, run_after=None
[2026-05-22T14:35:40.393+0000] {processor.py:183} INFO - Processing /opt/airflow/dags/warehouse_pipeline.py took 0.081 seconds
[2026-05-22T14:36:10.715+0000] {processor.py:161} INFO - Started process (PID=497) to work on /opt/airflow/dags/warehouse_pipeline.py
[2026-05-22T14:36:10.719+0000] {processor.py:830} INFO - Processing file /opt/airflow/dags/warehouse_pipeline.py for tasks to queue
[2026-05-22T14:36:10.720+0000] {logging_mixin.py:188} INFO - [2026-05-22T14:36:10.719+0000] {dagbag.py:538} INFO - Filling up the DagBag from /opt/airflow/dags/warehouse_pipeline.py
[2026-05-22T14:36:10.739+0000] {processor.py:840} INFO - DAG(s) 'warehouse_pipeline' retrieved from /opt/airflow/dags/warehouse_pipeline.py
[2026-05-22T14:36:10.767+0000] {logging_mixin.py:188} INFO - [2026-05-22T14:36:10.767+0000] {dag.py:3036} INFO - Sync 1 DAGs
[2026-05-22T14:36:10.776+0000] {logging_mixin.py:188} INFO - [2026-05-22T14:36:10.776+0000] {dag.py:3823} INFO - Setting next_dagrun for warehouse_pipeline to None, run_after=None
[2026-05-22T14:36:10.789+0000] {processor.py:183} INFO - Processing /opt/airflow/dags/warehouse_pipeline.py took 0.095 seconds
[2026-05-22T14:36:41.109+0000] {processor.py:161} INFO - Started process (PID=507) to work on /opt/airflow/dags/warehouse_pipeline.py
[2026-05-22T14:36:41.111+0000] {processor.py:830} INFO - Processing file /opt/airflow/dags/warehouse_pipeline.py for tasks to queue
[2026-05-22T14:36:41.113+0000] {logging_mixin.py:188} INFO - [2026-05-22T14:36:41.113+0000] {dagbag.py:538} INFO - Filling up the DagBag from /opt/airflow/dags/warehouse_pipeline.py
[2026-05-22T14:36:41.132+0000] {processor.py:840} INFO - DAG(s) 'warehouse_pipeline' retrieved from /opt/airflow/dags/warehouse_pipeline.py
[2026-05-22T14:36:41.174+0000] {logging_mixin.py:188} INFO - [2026-05-22T14:36:41.173+0000] {dag.py:3036} INFO - Sync 1 DAGs
[2026-05-22T14:36:41.183+0000] {logging_mixin.py:188} INFO - [2026-05-22T14:36:41.183+0000] {dag.py:3823} INFO - Setting next_dagrun for warehouse_pipeline to None, run_after=None
[2026-05-22T14:36:41.195+0000] {processor.py:183} INFO - Processing /opt/airflow/dags/warehouse_pipeline.py took 0.095 seconds
[2026-05-22T14:37:11.470+0000] {processor.py:161} INFO - Started process (PID=517) to work on /opt/airflow/dags/warehouse_pipeline.py
[2026-05-22T14:37:11.472+0000] {processor.py:830} INFO - Processing file /opt/airflow/dags/warehouse_pipeline.py for tasks to queue
[2026-05-22T14:37:11.474+0000] {logging_mixin.py:188} INFO - [2026-05-22T14:37:11.474+0000] {dagbag.py:538} INFO - Filling up the DagBag from /opt/airflow/dags/warehouse_pipeline.py
[2026-05-22T14:37:11.486+0000] {processor.py:840} INFO - DAG(s) 'warehouse_pipeline' retrieved from /opt/airflow/dags/warehouse_pipeline.py
[2026-05-22T14:37:11.506+0000] {logging_mixin.py:188} INFO - [2026-05-22T14:37:11.506+0000] {dag.py:3036} INFO - Sync 1 DAGs
[2026-05-22T14:37:11.515+0000] {logging_mixin.py:188} INFO - [2026-05-22T14:37:11.515+0000] {dag.py:3823} INFO - Setting next_dagrun for warehouse_pipeline to None, run_after=None
[2026-05-22T14:37:11.526+0000] {processor.py:183} INFO - Processing /opt/airflow/dags/warehouse_pipeline.py took 0.064 seconds
[2026-05-22T14:37:41.851+0000] {processor.py:161} INFO - Started process (PID=527) to work on /opt/airflow/dags/warehouse_pipeline.py
[2026-05-22T14:37:41.853+0000] {processor.py:830} INFO - Processing file /opt/airflow/dags/warehouse_pipeline.py for tasks to queue
[2026-05-22T14:37:41.855+0000] {logging_mixin.py:188} INFO - [2026-05-22T14:37:41.854+0000] {dagbag.py:538} INFO - Filling up the DagBag from /opt/airflow/dags/warehouse_pipeline.py
[2026-05-22T14:37:41.879+0000] {processor.py:840} INFO - DAG(s) 'warehouse_pipeline' retrieved from /opt/airflow/dags/warehouse_pipeline.py
[2026-05-22T14:37:41.916+0000] {logging_mixin.py:188} INFO - [2026-05-22T14:37:41.915+0000] {dag.py:3036} INFO - Sync 1 DAGs
[2026-05-22T14:37:41.924+0000] {logging_mixin.py:188} INFO - [2026-05-22T14:37:41.924+0000] {dag.py:3823} INFO - Setting next_dagrun for warehouse_pipeline to None, run_after=None
[2026-05-22T14:37:41.935+0000] {processor.py:183} INFO - Processing /opt/airflow/dags/warehouse_pipeline.py took 0.090 seconds
[2026-05-22T14:38:12.239+0000] {processor.py:161} INFO - Started process (PID=537) to work on /opt/airflow/dags/warehouse_pipeline.py
[2026-05-22T14:38:12.241+0000] {processor.py:830} INFO - Processing file /opt/airflow/dags/warehouse_pipeline.py for tasks to queue
[2026-05-22T14:38:12.243+0000] {logging_mixin.py:188} INFO - [2026-05-22T14:38:12.242+0000] {dagbag.py:538} INFO - Filling up the DagBag from /opt/airflow/dags/warehouse_pipeline.py
[2026-05-22T14:38:12.261+0000] {processor.py:840} INFO - DAG(s) 'warehouse_pipeline' retrieved from /opt/airflow/dags/warehouse_pipeline.py
[2026-05-22T14:38:12.286+0000] {logging_mixin.py:188} INFO - [2026-05-22T14:38:12.286+0000] {dag.py:3036} INFO - Sync 1 DAGs
[2026-05-22T14:38:12.298+0000] {logging_mixin.py:188} INFO - [2026-05-22T14:38:12.298+0000] {dag.py:3823} INFO - Setting next_dagrun for warehouse_pipeline to None, run_after=None
[2026-05-22T14:38:12.314+0000] {processor.py:183} INFO - Processing /opt/airflow/dags/warehouse_pipeline.py took 0.085 seconds
[2026-05-22T14:38:42.610+0000] {processor.py:161} INFO - Started process (PID=547) to work on /opt/airflow/dags/warehouse_pipeline.py
[2026-05-22T14:38:42.612+0000] {processor.py:830} INFO - Processing file /opt/airflow/dags/warehouse_pipeline.py for tasks to queue
[2026-05-22T14:38:42.613+0000] {logging_mixin.py:188} INFO - [2026-05-22T14:38:42.613+0000] {dagbag.py:538} INFO - Filling up the DagBag from /opt/airflow/dags/warehouse_pipeline.py
[2026-05-22T14:38:42.628+0000] {processor.py:840} INFO - DAG(s) 'warehouse_pipeline' retrieved from /opt/airflow/dags/warehouse_pipeline.py
[2026-05-22T14:38:42.650+0000] {logging_mixin.py:188} INFO - [2026-05-22T14:38:42.650+0000] {dag.py:3036} INFO - Sync 1 DAGs
[2026-05-22T14:38:42.659+0000] {logging_mixin.py:188} INFO - [2026-05-22T14:38:42.659+0000] {dag.py:3823} INFO - Setting next_dagrun for warehouse_pipeline to None, run_after=None
[2026-05-22T14:38:42.668+0000] {processor.py:183} INFO - Processing /opt/airflow/dags/warehouse_pipeline.py took 0.063 seconds
[2026-05-22T14:39:13.004+0000] {processor.py:161} INFO - Started process (PID=557) to work on /opt/airflow/dags/warehouse_pipeline.py
[2026-05-22T14:39:13.007+0000] {processor.py:830} INFO - Processing file /opt/airflow/dags/warehouse_pipeline.py for tasks to queue
[2026-05-22T14:39:13.008+0000] {logging_mixin.py:188} INFO - [2026-05-22T14:39:13.008+0000] {dagbag.py:538} INFO - Filling up the DagBag from /opt/airflow/dags/warehouse_pipeline.py
[2026-05-22T14:39:13.023+0000] {processor.py:840} INFO - DAG(s) 'warehouse_pipeline' retrieved from /opt/airflow/dags/warehouse_pipeline.py
[2026-05-22T14:39:13.059+0000] {logging_mixin.py:188} INFO - [2026-05-22T14:39:13.058+0000] {dag.py:3036} INFO - Sync 1 DAGs
[2026-05-22T14:39:13.069+0000] {logging_mixin.py:188} INFO - [2026-05-22T14:39:13.069+0000] {dag.py:3823} INFO - Setting next_dagrun for warehouse_pipeline to None, run_after=None
[2026-05-22T14:39:13.087+0000] {processor.py:183} INFO - Processing /opt/airflow/dags/warehouse_pipeline.py took 0.090 seconds
[2026-05-22T14:39:43.376+0000] {processor.py:161} INFO - Started process (PID=567) to work on /opt/airflow/dags/warehouse_pipeline.py
[2026-05-22T14:39:43.379+0000] {processor.py:830} INFO - Processing file /opt/airflow/dags/warehouse_pipeline.py for tasks to queue
[2026-05-22T14:39:43.380+0000] {logging_mixin.py:188} INFO - [2026-05-22T14:39:43.380+0000] {dagbag.py:538} INFO - Filling up the DagBag from /opt/airflow/dags/warehouse_pipeline.py
[2026-05-22T14:39:43.398+0000] {processor.py:840} INFO - DAG(s) 'warehouse_pipeline' retrieved from /opt/airflow/dags/warehouse_pipeline.py
[2026-05-22T14:39:43.422+0000] {logging_mixin.py:188} INFO - [2026-05-22T14:39:43.422+0000] {dag.py:3036} INFO - Sync 1 DAGs
[2026-05-22T14:39:43.430+0000] {logging_mixin.py:188} INFO - [2026-05-22T14:39:43.430+0000] {dag.py:3823} INFO - Setting next_dagrun for warehouse_pipeline to None, run_after=None
[2026-05-22T14:39:43.441+0000] {processor.py:183} INFO - Processing /opt/airflow/dags/warehouse_pipeline.py took 0.071 seconds
[2026-05-22T14:40:13.715+0000] {processor.py:161} INFO - Started process (PID=577) to work on /opt/airflow/dags/warehouse_pipeline.py
[2026-05-22T14:40:13.717+0000] {processor.py:830} INFO - Processing file /opt/airflow/dags/warehouse_pipeline.py for tasks to queue
[2026-05-22T14:40:13.718+0000] {logging_mixin.py:188} INFO - [2026-05-22T14:40:13.718+0000] {dagbag.py:538} INFO - Filling up the DagBag from /opt/airflow/dags/warehouse_pipeline.py
[2026-05-22T14:40:13.728+0000] {processor.py:840} INFO - DAG(s) 'warehouse_pipeline' retrieved from /opt/airflow/dags/warehouse_pipeline.py
[2026-05-22T14:40:13.751+0000] {logging_mixin.py:188} INFO - [2026-05-22T14:40:13.750+0000] {dag.py:3036} INFO - Sync 1 DAGs
[2026-05-22T14:40:13.761+0000] {logging_mixin.py:188} INFO - [2026-05-22T14:40:13.761+0000] {dag.py:3823} INFO - Setting next_dagrun for warehouse_pipeline to None, run_after=None
[2026-05-22T14:40:13.770+0000] {processor.py:183} INFO - Processing /opt/airflow/dags/warehouse_pipeline.py took 0.060 seconds
[2026-05-22T14:40:44.185+0000] {processor.py:161} INFO - Started process (PID=587) to work on /opt/airflow/dags/warehouse_pipeline.py
[2026-05-22T14:40:44.187+0000] {processor.py:830} INFO - Processing file /opt/airflow/dags/warehouse_pipeline.py for tasks to queue
[2026-05-22T14:40:44.189+0000] {logging_mixin.py:188} INFO - [2026-05-22T14:40:44.188+0000] {dagbag.py:538} INFO - Filling up the DagBag from /opt/airflow/dags/warehouse_pipeline.py
[2026-05-22T14:40:44.206+0000] {processor.py:840} INFO - DAG(s) 'warehouse_pipeline' retrieved from /opt/airflow/dags/warehouse_pipeline.py
[2026-05-22T14:40:44.231+0000] {logging_mixin.py:188} INFO - [2026-05-22T14:40:44.231+0000] {dag.py:3036} INFO - Sync 1 DAGs
[2026-05-22T14:40:44.239+0000] {logging_mixin.py:188} INFO - [2026-05-22T14:40:44.239+0000] {dag.py:3823} INFO - Setting next_dagrun for warehouse_pipeline to None, run_after=None
[2026-05-22T14:40:44.252+0000] {processor.py:183} INFO - Processing /opt/airflow/dags/warehouse_pipeline.py took 0.076 seconds
[2026-05-22T14:41:14.544+0000] {processor.py:161} INFO - Started process (PID=597) to work on /opt/airflow/dags/warehouse_pipeline.py
[2026-05-22T14:41:14.547+0000] {processor.py:830} INFO - Processing file /opt/airflow/dags/warehouse_pipeline.py for tasks to queue
[2026-05-22T14:41:14.549+0000] {logging_mixin.py:188} INFO - [2026-05-22T14:41:14.548+0000] {dagbag.py:538} INFO - Filling up the DagBag from /opt/airflow/dags/warehouse_pipeline.py
[2026-05-22T14:41:14.564+0000] {processor.py:840} INFO - DAG(s) 'warehouse_pipeline' retrieved from /opt/airflow/dags/warehouse_pipeline.py
[2026-05-22T14:41:14.590+0000] {logging_mixin.py:188} INFO - [2026-05-22T14:41:14.590+0000] {dag.py:3036} INFO - Sync 1 DAGs
[2026-05-22T14:41:14.602+0000] {logging_mixin.py:188} INFO - [2026-05-22T14:41:14.602+0000] {dag.py:3823} INFO - Setting next_dagrun for warehouse_pipeline to None, run_after=None
[2026-05-22T14:41:14.622+0000] {processor.py:183} INFO - Processing /opt/airflow/dags/warehouse_pipeline.py took 0.091 seconds
[2026-05-22T14:41:44.989+0000] {processor.py:161} INFO - Started process (PID=607) to work on /opt/airflow/dags/warehouse_pipeline.py
[2026-05-22T14:41:44.992+0000] {processor.py:830} INFO - Processing file /opt/airflow/dags/warehouse_pipeline.py for tasks to queue
[2026-05-22T14:41:44.994+0000] {logging_mixin.py:188} INFO - [2026-05-22T14:41:44.993+0000] {dagbag.py:538} INFO - Filling up the DagBag from /opt/airflow/dags/warehouse_pipeline.py
[2026-05-22T14:41:45.013+0000] {processor.py:840} INFO - DAG(s) 'warehouse_pipeline' retrieved from /opt/airflow/dags/warehouse_pipeline.py
[2026-05-22T14:41:45.038+0000] {logging_mixin.py:188} INFO - [2026-05-22T14:41:45.037+0000] {dag.py:3036} INFO - Sync 1 DAGs
[2026-05-22T14:41:45.047+0000] {logging_mixin.py:188} INFO - [2026-05-22T14:41:45.047+0000] {dag.py:3823} INFO - Setting next_dagrun for warehouse_pipeline to None, run_after=None
[2026-05-22T14:41:45.057+0000] {processor.py:183} INFO - Processing /opt/airflow/dags/warehouse_pipeline.py took 0.078 seconds
[2026-05-22T14:42:15.379+0000] {processor.py:161} INFO - Started process (PID=617) to work on /opt/airflow/dags/warehouse_pipeline.py
[2026-05-22T14:42:15.383+0000] {processor.py:830} INFO - Processing file /opt/airflow/dags/warehouse_pipeline.py for tasks to queue
[2026-05-22T14:42:15.384+0000] {logging_mixin.py:188} INFO - [2026-05-22T14:42:15.384+0000] {dagbag.py:538} INFO - Filling up the DagBag from /opt/airflow/dags/warehouse_pipeline.py
[2026-05-22T14:42:15.408+0000] {processor.py:840} INFO - DAG(s) 'warehouse_pipeline' retrieved from /opt/airflow/dags/warehouse_pipeline.py
[2026-05-22T14:42:15.431+0000] {logging_mixin.py:188} INFO - [2026-05-22T14:42:15.431+0000] {dag.py:3036} INFO - Sync 1 DAGs
[2026-05-22T14:42:15.441+0000] {logging_mixin.py:188} INFO - [2026-05-22T14:42:15.440+0000] {dag.py:3823} INFO - Setting next_dagrun for warehouse_pipeline to None, run_after=None
[2026-05-22T14:42:15.450+0000] {processor.py:183} INFO - Processing /opt/airflow/dags/warehouse_pipeline.py took 0.080 seconds
[2026-05-22T14:42:45.769+0000] {processor.py:161} INFO - Started process (PID=627) to work on /opt/airflow/dags/warehouse_pipeline.py
[2026-05-22T14:42:45.771+0000] {processor.py:830} INFO - Processing file /opt/airflow/dags/warehouse_pipeline.py for tasks to queue
[2026-05-22T14:42:45.773+0000] {logging_mixin.py:188} INFO - [2026-05-22T14:42:45.773+0000] {dagbag.py:538} INFO - Filling up the DagBag from /opt/airflow/dags/warehouse_pipeline.py
[2026-05-22T14:42:45.785+0000] {processor.py:840} INFO - DAG(s) 'warehouse_pipeline' retrieved from /opt/airflow/dags/warehouse_pipeline.py
[2026-05-22T14:42:45.805+0000] {logging_mixin.py:188} INFO - [2026-05-22T14:42:45.805+0000] {dag.py:3036} INFO - Sync 1 DAGs
[2026-05-22T14:42:45.815+0000] {logging_mixin.py:188} INFO - [2026-05-22T14:42:45.815+0000] {dag.py:3823} INFO - Setting next_dagrun for warehouse_pipeline to None, run_after=None
[2026-05-22T14:42:45.824+0000] {processor.py:183} INFO - Processing /opt/airflow/dags/warehouse_pipeline.py took 0.060 seconds
[2026-05-22T14:43:16.169+0000] {processor.py:161} INFO - Started process (PID=637) to work on /opt/airflow/dags/warehouse_pipeline.py
[2026-05-22T14:43:16.171+0000] {processor.py:830} INFO - Processing file /opt/airflow/dags/warehouse_pipeline.py for tasks to queue
[2026-05-22T14:43:16.173+0000] {logging_mixin.py:188} INFO - [2026-05-22T14:43:16.172+0000] {dagbag.py:538} INFO - Filling up the DagBag from /opt/airflow/dags/warehouse_pipeline.py
[2026-05-22T14:43:16.190+0000] {processor.py:840} INFO - DAG(s) 'warehouse_pipeline' retrieved from /opt/airflow/dags/warehouse_pipeline.py
[2026-05-22T14:43:16.228+0000] {logging_mixin.py:188} INFO - [2026-05-22T14:43:16.228+0000] {dag.py:3036} INFO - Sync 1 DAGs
[2026-05-22T14:43:16.236+0000] {logging_mixin.py:188} INFO - [2026-05-22T14:43:16.236+0000] {dag.py:3823} INFO - Setting next_dagrun for warehouse_pipeline to None, run_after=None
[2026-05-22T14:43:16.246+0000] {processor.py:183} INFO - Processing /opt/airflow/dags/warehouse_pipeline.py took 0.086 seconds
[2026-05-22T14:43:46.545+0000] {processor.py:161} INFO - Started process (PID=647) to work on /opt/airflow/dags/warehouse_pipeline.py
[2026-05-22T14:43:46.547+0000] {processor.py:830} INFO - Processing file /opt/airflow/dags/warehouse_pipeline.py for tasks to queue
[2026-05-22T14:43:46.549+0000] {logging_mixin.py:188} INFO - [2026-05-22T14:43:46.548+0000] {dagbag.py:538} INFO - Filling up the DagBag from /opt/airflow/dags/warehouse_pipeline.py
[2026-05-22T14:43:46.561+0000] {processor.py:840} INFO - DAG(s) 'warehouse_pipeline' retrieved from /opt/airflow/dags/warehouse_pipeline.py
[2026-05-22T14:43:46.583+0000] {logging_mixin.py:188} INFO - [2026-05-22T14:43:46.583+0000] {dag.py:3036} INFO - Sync 1 DAGs
[2026-05-22T14:43:46.591+0000] {logging_mixin.py:188} INFO - [2026-05-22T14:43:46.591+0000] {dag.py:3823} INFO - Setting next_dagrun for warehouse_pipeline to None, run_after=None
[2026-05-22T14:43:46.605+0000] {processor.py:183} INFO - Processing /opt/airflow/dags/warehouse_pipeline.py took 0.065 seconds
[2026-05-22T14:44:16.963+0000] {processor.py:161} INFO - Started process (PID=657) to work on /opt/airflow/dags/warehouse_pipeline.py
[2026-05-22T14:44:16.966+0000] {processor.py:830} INFO - Processing file /opt/airflow/dags/warehouse_pipeline.py for tasks to queue
[2026-05-22T14:44:16.968+0000] {logging_mixin.py:188} INFO - [2026-05-22T14:44:16.968+0000] {dagbag.py:538} INFO - Filling up the DagBag from /opt/airflow/dags/warehouse_pipeline.py
[2026-05-22T14:44:16.984+0000] {processor.py:840} INFO - DAG(s) 'warehouse_pipeline' retrieved from /opt/airflow/dags/warehouse_pipeline.py
[2026-05-22T14:44:17.009+0000] {logging_mixin.py:188} INFO - [2026-05-22T14:44:17.009+0000] {dag.py:3036} INFO - Sync 1 DAGs
[2026-05-22T14:44:17.020+0000] {logging_mixin.py:188} INFO - [2026-05-22T14:44:17.020+0000] {dag.py:3823} INFO - Setting next_dagrun for warehouse_pipeline to None, run_after=None
[2026-05-22T14:44:17.034+0000] {processor.py:183} INFO - Processing /opt/airflow/dags/warehouse_pipeline.py took 0.080 seconds
[2026-05-22T14:44:47.360+0000] {processor.py:161} INFO - Started process (PID=667) to work on /opt/airflow/dags/warehouse_pipeline.py
[2026-05-22T14:44:47.362+0000] {processor.py:830} INFO - Processing file /opt/airflow/dags/warehouse_pipeline.py for tasks to queue
[2026-05-22T14:44:47.363+0000] {logging_mixin.py:188} INFO - [2026-05-22T14:44:47.363+0000] {dagbag.py:538} INFO - Filling up the DagBag from /opt/airflow/dags/warehouse_pipeline.py
[2026-05-22T14:44:47.374+0000] {processor.py:840} INFO - DAG(s) 'warehouse_pipeline' retrieved from /opt/airflow/dags/warehouse_pipeline.py
[2026-05-22T14:44:47.393+0000] {logging_mixin.py:188} INFO - [2026-05-22T14:44:47.392+0000] {dag.py:3036} INFO - Sync 1 DAGs
[2026-05-22T14:44:47.399+0000] {logging_mixin.py:188} INFO - [2026-05-22T14:44:47.399+0000] {dag.py:3823} INFO - Setting next_dagrun for warehouse_pipeline to None, run_after=None
[2026-05-22T14:44:47.413+0000] {processor.py:183} INFO - Processing /opt/airflow/dags/warehouse_pipeline.py took 0.058 seconds
[2026-05-22T14:45:17.711+0000] {processor.py:161} INFO - Started process (PID=677) to work on /opt/airflow/dags/warehouse_pipeline.py
[2026-05-22T14:45:17.714+0000] {processor.py:830} INFO - Processing file /opt/airflow/dags/warehouse_pipeline.py for tasks to queue
[2026-05-22T14:45:17.718+0000] {logging_mixin.py:188} INFO - [2026-05-22T14:45:17.717+0000] {dagbag.py:538} INFO - Filling up the DagBag from /opt/airflow/dags/warehouse_pipeline.py
[2026-05-22T14:45:17.732+0000] {processor.py:840} INFO - DAG(s) 'warehouse_pipeline' retrieved from /opt/airflow/dags/warehouse_pipeline.py
[2026-05-22T14:45:17.768+0000] {logging_mixin.py:188} INFO - [2026-05-22T14:45:17.767+0000] {dag.py:3036} INFO - Sync 1 DAGs
[2026-05-22T14:45:17.782+0000] {logging_mixin.py:188} INFO - [2026-05-22T14:45:17.782+0000] {dag.py:3823} INFO - Setting next_dagrun for warehouse_pipeline to None, run_after=None
[2026-05-22T14:45:17.798+0000] {processor.py:183} INFO - Processing /opt/airflow/dags/warehouse_pipeline.py took 0.092 seconds
[2026-05-22T14:45:48.222+0000] {processor.py:161} INFO - Started process (PID=687) to work on /opt/airflow/dags/warehouse_pipeline.py
[2026-05-22T14:45:48.228+0000] {processor.py:830} INFO - Processing file /opt/airflow/dags/warehouse_pipeline.py for tasks to queue
[2026-05-22T14:45:48.229+0000] {logging_mixin.py:188} INFO - [2026-05-22T14:45:48.228+0000] {dagbag.py:538} INFO - Filling up the DagBag from /opt/airflow/dags/warehouse_pipeline.py
[2026-05-22T14:45:48.247+0000] {processor.py:840} INFO - DAG(s) 'warehouse_pipeline' retrieved from /opt/airflow/dags/warehouse_pipeline.py
[2026-05-22T14:45:48.276+0000] {logging_mixin.py:188} INFO - [2026-05-22T14:45:48.276+0000] {dag.py:3036} INFO - Sync 1 DAGs
[2026-05-22T14:45:48.286+0000] {logging_mixin.py:188} INFO - [2026-05-22T14:45:48.286+0000] {dag.py:3823} INFO - Setting next_dagrun for warehouse_pipeline to None, run_after=None
[2026-05-22T14:45:48.299+0000] {processor.py:183} INFO - Processing /opt/airflow/dags/warehouse_pipeline.py took 0.091 seconds
[2026-05-22T14:46:18.664+0000] {processor.py:161} INFO - Started process (PID=697) to work on /opt/airflow/dags/warehouse_pipeline.py
[2026-05-22T14:46:18.666+0000] {processor.py:830} INFO - Processing file /opt/airflow/dags/warehouse_pipeline.py for tasks to queue
[2026-05-22T14:46:18.668+0000] {logging_mixin.py:188} INFO - [2026-05-22T14:46:18.668+0000] {dagbag.py:538} INFO - Filling up the DagBag from /opt/airflow/dags/warehouse_pipeline.py
[2026-05-22T14:46:18.691+0000] {processor.py:840} INFO - DAG(s) 'warehouse_pipeline' retrieved from /opt/airflow/dags/warehouse_pipeline.py
[2026-05-22T14:46:18.714+0000] {logging_mixin.py:188} INFO - [2026-05-22T14:46:18.714+0000] {dag.py:3036} INFO - Sync 1 DAGs
[2026-05-22T14:46:18.722+0000] {logging_mixin.py:188} INFO - [2026-05-22T14:46:18.722+0000] {dag.py:3823} INFO - Setting next_dagrun for warehouse_pipeline to None, run_after=None
[2026-05-22T14:46:18.737+0000] {processor.py:183} INFO - Processing /opt/airflow/dags/warehouse_pipeline.py took 0.081 seconds
[2026-05-22T14:46:49.056+0000] {processor.py:161} INFO - Started process (PID=707) to work on /opt/airflow/dags/warehouse_pipeline.py
[2026-05-22T14:46:49.058+0000] {processor.py:830} INFO - Processing file /opt/airflow/dags/warehouse_pipeline.py for tasks to queue
[2026-05-22T14:46:49.059+0000] {logging_mixin.py:188} INFO - [2026-05-22T14:46:49.059+0000] {dagbag.py:538} INFO - Filling up the DagBag from /opt/airflow/dags/warehouse_pipeline.py
[2026-05-22T14:46:49.071+0000] {processor.py:840} INFO - DAG(s) 'warehouse_pipeline' retrieved from /opt/airflow/dags/warehouse_pipeline.py
[2026-05-22T14:46:49.093+0000] {logging_mixin.py:188} INFO - [2026-05-22T14:46:49.093+0000] {dag.py:3036} INFO - Sync 1 DAGs
[2026-05-22T14:46:49.104+0000] {logging_mixin.py:188} INFO - [2026-05-22T14:46:49.104+0000] {dag.py:3823} INFO - Setting next_dagrun for warehouse_pipeline to None, run_after=None
[2026-05-22T14:46:49.115+0000] {processor.py:183} INFO - Processing /opt/airflow/dags/warehouse_pipeline.py took 0.064 seconds
[2026-05-22T14:47:19.426+0000] {processor.py:161} INFO - Started process (PID=717) to work on /opt/airflow/dags/warehouse_pipeline.py
[2026-05-22T14:47:19.428+0000] {processor.py:830} INFO - Processing file /opt/airflow/dags/warehouse_pipeline.py for tasks to queue
[2026-05-22T14:47:19.432+0000] {logging_mixin.py:188} INFO - [2026-05-22T14:47:19.431+0000] {dagbag.py:538} INFO - Filling up the DagBag from /opt/airflow/dags/warehouse_pipeline.py
[2026-05-22T14:47:19.450+0000] {processor.py:840} INFO - DAG(s) 'warehouse_pipeline' retrieved from /opt/airflow/dags/warehouse_pipeline.py
[2026-05-22T14:47:19.475+0000] {logging_mixin.py:188} INFO - [2026-05-22T14:47:19.474+0000] {dag.py:3036} INFO - Sync 1 DAGs
[2026-05-22T14:47:19.492+0000] {logging_mixin.py:188} INFO - [2026-05-22T14:47:19.492+0000] {dag.py:3823} INFO - Setting next_dagrun for warehouse_pipeline to None, run_after=None
[2026-05-22T14:47:19.506+0000] {processor.py:183} INFO - Processing /opt/airflow/dags/warehouse_pipeline.py took 0.087 seconds
[2026-05-22T14:47:49.803+0000] {processor.py:161} INFO - Started process (PID=727) to work on /opt/airflow/dags/warehouse_pipeline.py
[2026-05-22T14:47:49.808+0000] {processor.py:830} INFO - Processing file /opt/airflow/dags/warehouse_pipeline.py for tasks to queue
[2026-05-22T14:47:49.813+0000] {logging_mixin.py:188} INFO - [2026-05-22T14:47:49.812+0000] {dagbag.py:538} INFO - Filling up the DagBag from /opt/airflow/dags/warehouse_pipeline.py
[2026-05-22T14:47:49.838+0000] {processor.py:840} INFO - DAG(s) 'warehouse_pipeline' retrieved from /opt/airflow/dags/warehouse_pipeline.py
[2026-05-22T14:47:49.869+0000] {logging_mixin.py:188} INFO - [2026-05-22T14:47:49.869+0000] {dag.py:3036} INFO - Sync 1 DAGs
[2026-05-22T14:47:49.883+0000] {logging_mixin.py:188} INFO - [2026-05-22T14:47:49.883+0000] {dag.py:3823} INFO - Setting next_dagrun for warehouse_pipeline to None, run_after=None
[2026-05-22T14:47:49.899+0000] {processor.py:183} INFO - Processing /opt/airflow/dags/warehouse_pipeline.py took 0.109 seconds
[2026-05-22T14:48:20.138+0000] {processor.py:161} INFO - Started process (PID=737) to work on /opt/airflow/dags/warehouse_pipeline.py
[2026-05-22T14:48:20.143+0000] {processor.py:830} INFO - Processing file /opt/airflow/dags/warehouse_pipeline.py for tasks to queue
[2026-05-22T14:48:20.145+0000] {logging_mixin.py:188} INFO - [2026-05-22T14:48:20.144+0000] {dagbag.py:538} INFO - Filling up the DagBag from /opt/airflow/dags/warehouse_pipeline.py
[2026-05-22T14:48:20.163+0000] {processor.py:840} INFO - DAG(s) 'warehouse_pipeline' retrieved from /opt/airflow/dags/warehouse_pipeline.py
[2026-05-22T14:48:20.199+0000] {logging_mixin.py:188} INFO - [2026-05-22T14:48:20.199+0000] {dag.py:3036} INFO - Sync 1 DAGs
[2026-05-22T14:48:20.211+0000] {logging_mixin.py:188} INFO - [2026-05-22T14:48:20.211+0000] {dag.py:3823} INFO - Setting next_dagrun for warehouse_pipeline to None, run_after=None
[2026-05-22T14:48:20.227+0000] {processor.py:183} INFO - Processing /opt/airflow/dags/warehouse_pipeline.py took 0.096 seconds
[2026-05-22T14:48:50.601+0000] {processor.py:161} INFO - Started process (PID=747) to work on /opt/airflow/dags/warehouse_pipeline.py
[2026-05-22T14:48:50.604+0000] {processor.py:830} INFO - Processing file /opt/airflow/dags/warehouse_pipeline.py for tasks to queue
[2026-05-22T14:48:50.605+0000] {logging_mixin.py:188} INFO - [2026-05-22T14:48:50.605+0000] {dagbag.py:538} INFO - Filling up the DagBag from /opt/airflow/dags/warehouse_pipeline.py
[2026-05-22T14:48:50.631+0000] {processor.py:840} INFO - DAG(s) 'warehouse_pipeline' retrieved from /opt/airflow/dags/warehouse_pipeline.py
[2026-05-22T14:48:50.656+0000] {logging_mixin.py:188} INFO - [2026-05-22T14:48:50.656+0000] {dag.py:3036} INFO - Sync 1 DAGs
[2026-05-22T14:48:50.666+0000] {logging_mixin.py:188} INFO - [2026-05-22T14:48:50.666+0000] {dag.py:3823} INFO - Setting next_dagrun for warehouse_pipeline to None, run_after=None
[2026-05-22T14:48:50.680+0000] {processor.py:183} INFO - Processing /opt/airflow/dags/warehouse_pipeline.py took 0.089 seconds
[2026-05-22T14:49:20.936+0000] {processor.py:161} INFO - Started process (PID=757) to work on /opt/airflow/dags/warehouse_pipeline.py
[2026-05-22T14:49:20.937+0000] {processor.py:830} INFO - Processing file /opt/airflow/dags/warehouse_pipeline.py for tasks to queue
[2026-05-22T14:49:20.939+0000] {logging_mixin.py:188} INFO - [2026-05-22T14:49:20.938+0000] {dagbag.py:538} INFO - Filling up the DagBag from /opt/airflow/dags/warehouse_pipeline.py
[2026-05-22T14:49:20.959+0000] {processor.py:840} INFO - DAG(s) 'warehouse_pipeline' retrieved from /opt/airflow/dags/warehouse_pipeline.py
[2026-05-22T14:49:20.995+0000] {logging_mixin.py:188} INFO - [2026-05-22T14:49:20.994+0000] {dag.py:3036} INFO - Sync 1 DAGs
[2026-05-22T14:49:21.005+0000] {logging_mixin.py:188} INFO - [2026-05-22T14:49:21.005+0000] {dag.py:3823} INFO - Setting next_dagrun for warehouse_pipeline to None, run_after=None
[2026-05-22T14:49:21.022+0000] {processor.py:183} INFO - Processing /opt/airflow/dags/warehouse_pipeline.py took 0.093 seconds
[2026-05-22T14:49:51.293+0000] {processor.py:161} INFO - Started process (PID=767) to work on /opt/airflow/dags/warehouse_pipeline.py
[2026-05-22T14:49:51.296+0000] {processor.py:830} INFO - Processing file /opt/airflow/dags/warehouse_pipeline.py for tasks to queue
[2026-05-22T14:49:51.298+0000] {logging_mixin.py:188} INFO - [2026-05-22T14:49:51.298+0000] {dagbag.py:538} INFO - Filling up the DagBag from /opt/airflow/dags/warehouse_pipeline.py
[2026-05-22T14:49:51.314+0000] {processor.py:840} INFO - DAG(s) 'warehouse_pipeline' retrieved from /opt/airflow/dags/warehouse_pipeline.py
[2026-05-22T14:49:51.340+0000] {logging_mixin.py:188} INFO - [2026-05-22T14:49:51.340+0000] {dag.py:3036} INFO - Sync 1 DAGs
[2026-05-22T14:49:51.352+0000] {logging_mixin.py:188} INFO - [2026-05-22T14:49:51.352+0000] {dag.py:3823} INFO - Setting next_dagrun for warehouse_pipeline to None, run_after=None
[2026-05-22T14:49:51.365+0000] {processor.py:183} INFO - Processing /opt/airflow/dags/warehouse_pipeline.py took 0.080 seconds
[2026-05-22T14:50:21.676+0000] {processor.py:161} INFO - Started process (PID=777) to work on /opt/airflow/dags/warehouse_pipeline.py
[2026-05-22T14:50:21.678+0000] {processor.py:830} INFO - Processing file /opt/airflow/dags/warehouse_pipeline.py for tasks to queue
[2026-05-22T14:50:21.680+0000] {logging_mixin.py:188} INFO - [2026-05-22T14:50:21.680+0000] {dagbag.py:538} INFO - Filling up the DagBag from /opt/airflow/dags/warehouse_pipeline.py
[2026-05-22T14:50:21.701+0000] {processor.py:840} INFO - DAG(s) 'warehouse_pipeline' retrieved from /opt/airflow/dags/warehouse_pipeline.py
[2026-05-22T14:50:21.720+0000] {logging_mixin.py:188} INFO - [2026-05-22T14:50:21.720+0000] {dag.py:3036} INFO - Sync 1 DAGs
[2026-05-22T14:50:21.727+0000] {logging_mixin.py:188} INFO - [2026-05-22T14:50:21.727+0000] {dag.py:3823} INFO - Setting next_dagrun for warehouse_pipeline to None, run_after=None
[2026-05-22T14:50:21.737+0000] {processor.py:183} INFO - Processing /opt/airflow/dags/warehouse_pipeline.py took 0.066 seconds
[2026-05-22T14:50:52.066+0000] {processor.py:161} INFO - Started process (PID=787) to work on /opt/airflow/dags/warehouse_pipeline.py
[2026-05-22T14:50:52.070+0000] {processor.py:830} INFO - Processing file /opt/airflow/dags/warehouse_pipeline.py for tasks to queue
[2026-05-22T14:50:52.071+0000] {logging_mixin.py:188} INFO - [2026-05-22T14:50:52.071+0000] {dagbag.py:538} INFO - Filling up the DagBag from /opt/airflow/dags/warehouse_pipeline.py
[2026-05-22T14:50:52.088+0000] {processor.py:840} INFO - DAG(s) 'warehouse_pipeline' retrieved from /opt/airflow/dags/warehouse_pipeline.py
[2026-05-22T14:50:52.114+0000] {logging_mixin.py:188} INFO - [2026-05-22T14:50:52.114+0000] {dag.py:3036} INFO - Sync 1 DAGs
[2026-05-22T14:50:52.122+0000] {logging_mixin.py:188} INFO - [2026-05-22T14:50:52.122+0000] {dag.py:3823} INFO - Setting next_dagrun for warehouse_pipeline to None, run_after=None
[2026-05-22T14:50:52.137+0000] {processor.py:183} INFO - Processing /opt/airflow/dags/warehouse_pipeline.py took 0.080 seconds
[2026-05-22T14:51:22.446+0000] {processor.py:161} INFO - Started process (PID=797) to work on /opt/airflow/dags/warehouse_pipeline.py
[2026-05-22T14:51:22.449+0000] {processor.py:830} INFO - Processing file /opt/airflow/dags/warehouse_pipeline.py for tasks to queue
[2026-05-22T14:51:22.451+0000] {logging_mixin.py:188} INFO - [2026-05-22T14:51:22.451+0000] {dagbag.py:538} INFO - Filling up the DagBag from /opt/airflow/dags/warehouse_pipeline.py
[2026-05-22T14:51:22.467+0000] {processor.py:840} INFO - DAG(s) 'warehouse_pipeline' retrieved from /opt/airflow/dags/warehouse_pipeline.py
[2026-05-22T14:51:22.494+0000] {logging_mixin.py:188} INFO - [2026-05-22T14:51:22.494+0000] {dag.py:3036} INFO - Sync 1 DAGs
[2026-05-22T14:51:22.506+0000] {logging_mixin.py:188} INFO - [2026-05-22T14:51:22.506+0000] {dag.py:3823} INFO - Setting next_dagrun for warehouse_pipeline to None, run_after=None
[2026-05-22T14:51:22.520+0000] {processor.py:183} INFO - Processing /opt/airflow/dags/warehouse_pipeline.py took 0.084 seconds
[2026-05-22T14:51:52.853+0000] {processor.py:161} INFO - Started process (PID=807) to work on /opt/airflow/dags/warehouse_pipeline.py
[2026-05-22T14:51:52.856+0000] {processor.py:830} INFO - Processing file /opt/airflow/dags/warehouse_pipeline.py for tasks to queue
[2026-05-22T14:51:52.859+0000] {logging_mixin.py:188} INFO - [2026-05-22T14:51:52.859+0000] {dagbag.py:538} INFO - Filling up the DagBag from /opt/airflow/dags/warehouse_pipeline.py
[2026-05-22T14:51:52.876+0000] {processor.py:840} INFO - DAG(s) 'warehouse_pipeline' retrieved from /opt/airflow/dags/warehouse_pipeline.py
[2026-05-22T14:51:52.903+0000] {logging_mixin.py:188} INFO - [2026-05-22T14:51:52.903+0000] {dag.py:3036} INFO - Sync 1 DAGs
[2026-05-22T14:51:52.911+0000] {logging_mixin.py:188} INFO - [2026-05-22T14:51:52.911+0000] {dag.py:3823} INFO - Setting next_dagrun for warehouse_pipeline to None, run_after=None
[2026-05-22T14:51:52.926+0000] {processor.py:183} INFO - Processing /opt/airflow/dags/warehouse_pipeline.py took 0.081 seconds
[2026-05-22T14:52:23.243+0000] {processor.py:161} INFO - Started process (PID=817) to work on /opt/airflow/dags/warehouse_pipeline.py
[2026-05-22T14:52:23.244+0000] {processor.py:830} INFO - Processing file /opt/airflow/dags/warehouse_pipeline.py for tasks to queue
[2026-05-22T14:52:23.245+0000] {logging_mixin.py:188} INFO - [2026-05-22T14:52:23.245+0000] {dagbag.py:538} INFO - Filling up the DagBag from /opt/airflow/dags/warehouse_pipeline.py
[2026-05-22T14:52:23.259+0000] {processor.py:840} INFO - DAG(s) 'warehouse_pipeline' retrieved from /opt/airflow/dags/warehouse_pipeline.py
[2026-05-22T14:52:23.284+0000] {logging_mixin.py:188} INFO - [2026-05-22T14:52:23.284+0000] {dag.py:3036} INFO - Sync 1 DAGs
[2026-05-22T14:52:23.292+0000] {logging_mixin.py:188} INFO - [2026-05-22T14:52:23.292+0000] {dag.py:3823} INFO - Setting next_dagrun for warehouse_pipeline to None, run_after=None
[2026-05-22T14:52:23.307+0000] {processor.py:183} INFO - Processing /opt/airflow/dags/warehouse_pipeline.py took 0.069 seconds
[2026-05-22T14:52:53.665+0000] {processor.py:161} INFO - Started process (PID=827) to work on /opt/airflow/dags/warehouse_pipeline.py
[2026-05-22T14:52:53.669+0000] {processor.py:830} INFO - Processing file /opt/airflow/dags/warehouse_pipeline.py for tasks to queue
[2026-05-22T14:52:53.670+0000] {logging_mixin.py:188} INFO - [2026-05-22T14:52:53.670+0000] {dagbag.py:538} INFO - Filling up the DagBag from /opt/airflow/dags/warehouse_pipeline.py
[2026-05-22T14:52:53.710+0000] {processor.py:840} INFO - DAG(s) 'warehouse_pipeline' retrieved from /opt/airflow/dags/warehouse_pipeline.py
[2026-05-22T14:52:53.736+0000] {logging_mixin.py:188} INFO - [2026-05-22T14:52:53.736+0000] {dag.py:3036} INFO - Sync 1 DAGs
[2026-05-22T14:52:53.745+0000] {logging_mixin.py:188} INFO - [2026-05-22T14:52:53.744+0000] {dag.py:3823} INFO - Setting next_dagrun for warehouse_pipeline to None, run_after=None
[2026-05-22T14:52:53.759+0000] {processor.py:183} INFO - Processing /opt/airflow/dags/warehouse_pipeline.py took 0.103 seconds
[2026-05-22T14:53:23.979+0000] {processor.py:161} INFO - Started process (PID=837) to work on /opt/airflow/dags/warehouse_pipeline.py
[2026-05-22T14:53:23.981+0000] {processor.py:830} INFO - Processing file /opt/airflow/dags/warehouse_pipeline.py for tasks to queue
[2026-05-22T14:53:23.983+0000] {logging_mixin.py:188} INFO - [2026-05-22T14:53:23.983+0000] {dagbag.py:538} INFO - Filling up the DagBag from /opt/airflow/dags/warehouse_pipeline.py
[2026-05-22T14:53:23.995+0000] {processor.py:840} INFO - DAG(s) 'warehouse_pipeline' retrieved from /opt/airflow/dags/warehouse_pipeline.py
[2026-05-22T14:53:24.024+0000] {logging_mixin.py:188} INFO - [2026-05-22T14:53:24.024+0000] {dag.py:3036} INFO - Sync 1 DAGs
[2026-05-22T14:53:24.032+0000] {logging_mixin.py:188} INFO - [2026-05-22T14:53:24.032+0000] {dag.py:3823} INFO - Setting next_dagrun for warehouse_pipeline to None, run_after=None
[2026-05-22T14:53:24.048+0000] {processor.py:183} INFO - Processing /opt/airflow/dags/warehouse_pipeline.py took 0.074 seconds
[2026-05-22T14:53:54.415+0000] {processor.py:161} INFO - Started process (PID=847) to work on /opt/airflow/dags/warehouse_pipeline.py
[2026-05-22T14:53:54.420+0000] {processor.py:830} INFO - Processing file /opt/airflow/dags/warehouse_pipeline.py for tasks to queue
[2026-05-22T14:53:54.424+0000] {logging_mixin.py:188} INFO - [2026-05-22T14:53:54.422+0000] {dagbag.py:538} INFO - Filling up the DagBag from /opt/airflow/dags/warehouse_pipeline.py
[2026-05-22T14:53:54.449+0000] {processor.py:840} INFO - DAG(s) 'warehouse_pipeline' retrieved from /opt/airflow/dags/warehouse_pipeline.py
[2026-05-22T14:53:54.478+0000] {logging_mixin.py:188} INFO - [2026-05-22T14:53:54.478+0000] {dag.py:3036} INFO - Sync 1 DAGs
[2026-05-22T14:53:54.486+0000] {logging_mixin.py:188} INFO - [2026-05-22T14:53:54.486+0000] {dag.py:3823} INFO - Setting next_dagrun for warehouse_pipeline to None, run_after=None
[2026-05-22T14:53:54.501+0000] {processor.py:183} INFO - Processing /opt/airflow/dags/warehouse_pipeline.py took 0.096 seconds
[2026-05-22T14:54:24.875+0000] {processor.py:161} INFO - Started process (PID=857) to work on /opt/airflow/dags/warehouse_pipeline.py
[2026-05-22T14:54:24.878+0000] {processor.py:830} INFO - Processing file /opt/airflow/dags/warehouse_pipeline.py for tasks to queue
[2026-05-22T14:54:24.880+0000] {logging_mixin.py:188} INFO - [2026-05-22T14:54:24.880+0000] {dagbag.py:538} INFO - Filling up the DagBag from /opt/airflow/dags/warehouse_pipeline.py
[2026-05-22T14:54:24.899+0000] {processor.py:840} INFO - DAG(s) 'warehouse_pipeline' retrieved from /opt/airflow/dags/warehouse_pipeline.py
[2026-05-22T14:54:24.927+0000] {logging_mixin.py:188} INFO - [2026-05-22T14:54:24.926+0000] {dag.py:3036} INFO - Sync 1 DAGs
[2026-05-22T14:54:24.938+0000] {logging_mixin.py:188} INFO - [2026-05-22T14:54:24.938+0000] {dag.py:3823} INFO - Setting next_dagrun for warehouse_pipeline to None, run_after=None
[2026-05-22T14:54:24.955+0000] {processor.py:183} INFO - Processing /opt/airflow/dags/warehouse_pipeline.py took 0.092 seconds
[2026-05-22T14:54:55.234+0000] {processor.py:161} INFO - Started process (PID=867) to work on /opt/airflow/dags/warehouse_pipeline.py
[2026-05-22T14:54:55.237+0000] {processor.py:830} INFO - Processing file /opt/airflow/dags/warehouse_pipeline.py for tasks to queue
[2026-05-22T14:54:55.238+0000] {logging_mixin.py:188} INFO - [2026-05-22T14:54:55.237+0000] {dagbag.py:538} INFO - Filling up the DagBag from /opt/airflow/dags/warehouse_pipeline.py
[2026-05-22T14:54:55.255+0000] {processor.py:840} INFO - DAG(s) 'warehouse_pipeline' retrieved from /opt/airflow/dags/warehouse_pipeline.py
[2026-05-22T14:54:55.288+0000] {logging_mixin.py:188} INFO - [2026-05-22T14:54:55.288+0000] {dag.py:3036} INFO - Sync 1 DAGs
[2026-05-22T14:54:55.298+0000] {logging_mixin.py:188} INFO - [2026-05-22T14:54:55.298+0000] {dag.py:3823} INFO - Setting next_dagrun for warehouse_pipeline to None, run_after=None
[2026-05-22T14:54:55.311+0000] {processor.py:183} INFO - Processing /opt/airflow/dags/warehouse_pipeline.py took 0.093 seconds
[2026-05-22T14:55:25.530+0000] {processor.py:161} INFO - Started process (PID=877) to work on /opt/airflow/dags/warehouse_pipeline.py
[2026-05-22T14:55:25.533+0000] {processor.py:830} INFO - Processing file /opt/airflow/dags/warehouse_pipeline.py for tasks to queue
[2026-05-22T14:55:25.534+0000] {logging_mixin.py:188} INFO - [2026-05-22T14:55:25.534+0000] {dagbag.py:538} INFO - Filling up the DagBag from /opt/airflow/dags/warehouse_pipeline.py
[2026-05-22T14:55:25.547+0000] {processor.py:840} INFO - DAG(s) 'warehouse_pipeline' retrieved from /opt/airflow/dags/warehouse_pipeline.py
[2026-05-22T14:55:25.567+0000] {logging_mixin.py:188} INFO - [2026-05-22T14:55:25.567+0000] {dag.py:3036} INFO - Sync 1 DAGs
[2026-05-22T14:55:25.575+0000] {logging_mixin.py:188} INFO - [2026-05-22T14:55:25.575+0000] {dag.py:3823} INFO - Setting next_dagrun for warehouse_pipeline to None, run_after=None
[2026-05-22T14:55:25.585+0000] {processor.py:183} INFO - Processing /opt/airflow/dags/warehouse_pipeline.py took 0.059 seconds
[2026-05-22T14:55:55.916+0000] {processor.py:161} INFO - Started process (PID=887) to work on /opt/airflow/dags/warehouse_pipeline.py
[2026-05-22T14:55:55.920+0000] {processor.py:830} INFO - Processing file /opt/airflow/dags/warehouse_pipeline.py for tasks to queue
[2026-05-22T14:55:55.922+0000] {logging_mixin.py:188} INFO - [2026-05-22T14:55:55.921+0000] {dagbag.py:538} INFO - Filling up the DagBag from /opt/airflow/dags/warehouse_pipeline.py
[2026-05-22T14:55:55.938+0000] {processor.py:840} INFO - DAG(s) 'warehouse_pipeline' retrieved from /opt/airflow/dags/warehouse_pipeline.py
[2026-05-22T14:55:55.963+0000] {logging_mixin.py:188} INFO - [2026-05-22T14:55:55.963+0000] {dag.py:3036} INFO - Sync 1 DAGs
[2026-05-22T14:55:55.978+0000] {logging_mixin.py:188} INFO - [2026-05-22T14:55:55.978+0000] {dag.py:3823} INFO - Setting next_dagrun for warehouse_pipeline to None, run_after=None
[2026-05-22T14:55:55.994+0000] {processor.py:183} INFO - Processing /opt/airflow/dags/warehouse_pipeline.py took 0.085 seconds
[2026-05-22T14:56:26.305+0000] {processor.py:161} INFO - Started process (PID=897) to work on /opt/airflow/dags/warehouse_pipeline.py
[2026-05-22T14:56:26.307+0000] {processor.py:830} INFO - Processing file /opt/airflow/dags/warehouse_pipeline.py for tasks to queue
[2026-05-22T14:56:26.309+0000] {logging_mixin.py:188} INFO - [2026-05-22T14:56:26.308+0000] {dagbag.py:538} INFO - Filling up the DagBag from /opt/airflow/dags/warehouse_pipeline.py
[2026-05-22T14:56:26.329+0000] {processor.py:840} INFO - DAG(s) 'warehouse_pipeline' retrieved from /opt/airflow/dags/warehouse_pipeline.py
[2026-05-22T14:56:26.356+0000] {logging_mixin.py:188} INFO - [2026-05-22T14:56:26.356+0000] {dag.py:3036} INFO - Sync 1 DAGs
[2026-05-22T14:56:26.364+0000] {logging_mixin.py:188} INFO - [2026-05-22T14:56:26.364+0000] {dag.py:3823} INFO - Setting next_dagrun for warehouse_pipeline to None, run_after=None
[2026-05-22T14:56:26.376+0000] {processor.py:183} INFO - Processing /opt/airflow/dags/warehouse_pipeline.py took 0.079 seconds
[2026-05-22T14:56:56.759+0000] {processor.py:161} INFO - Started process (PID=907) to work on /opt/airflow/dags/warehouse_pipeline.py
[2026-05-22T14:56:56.763+0000] {processor.py:830} INFO - Processing file /opt/airflow/dags/warehouse_pipeline.py for tasks to queue
[2026-05-22T14:56:56.764+0000] {logging_mixin.py:188} INFO - [2026-05-22T14:56:56.764+0000] {dagbag.py:538} INFO - Filling up the DagBag from /opt/airflow/dags/warehouse_pipeline.py
[2026-05-22T14:56:56.792+0000] {processor.py:840} INFO - DAG(s) 'warehouse_pipeline' retrieved from /opt/airflow/dags/warehouse_pipeline.py
[2026-05-22T14:56:56.819+0000] {logging_mixin.py:188} INFO - [2026-05-22T14:56:56.819+0000] {dag.py:3036} INFO - Sync 1 DAGs
[2026-05-22T14:56:56.828+0000] {logging_mixin.py:188} INFO - [2026-05-22T14:56:56.828+0000] {dag.py:3823} INFO - Setting next_dagrun for warehouse_pipeline to None, run_after=None
[2026-05-22T14:56:56.844+0000] {processor.py:183} INFO - Processing /opt/airflow/dags/warehouse_pipeline.py took 0.095 seconds
[2026-05-22T14:57:27.264+0000] {processor.py:161} INFO - Started process (PID=917) to work on /opt/airflow/dags/warehouse_pipeline.py
[2026-05-22T14:57:27.267+0000] {processor.py:830} INFO - Processing file /opt/airflow/dags/warehouse_pipeline.py for tasks to queue
[2026-05-22T14:57:27.269+0000] {logging_mixin.py:188} INFO - [2026-05-22T14:57:27.268+0000] {dagbag.py:538} INFO - Filling up the DagBag from /opt/airflow/dags/warehouse_pipeline.py
[2026-05-22T14:57:27.287+0000] {processor.py:840} INFO - DAG(s) 'warehouse_pipeline' retrieved from /opt/airflow/dags/warehouse_pipeline.py
[2026-05-22T14:57:27.314+0000] {logging_mixin.py:188} INFO - [2026-05-22T14:57:27.314+0000] {dag.py:3036} INFO - Sync 1 DAGs
[2026-05-22T14:57:27.322+0000] {logging_mixin.py:188} INFO - [2026-05-22T14:57:27.322+0000] {dag.py:3823} INFO - Setting next_dagrun for warehouse_pipeline to None, run_after=None
[2026-05-22T14:57:27.338+0000] {processor.py:183} INFO - Processing /opt/airflow/dags/warehouse_pipeline.py took 0.082 seconds
[2026-05-22T14:57:57.644+0000] {processor.py:161} INFO - Started process (PID=927) to work on /opt/airflow/dags/warehouse_pipeline.py
[2026-05-22T14:57:57.647+0000] {processor.py:830} INFO - Processing file /opt/airflow/dags/warehouse_pipeline.py for tasks to queue
[2026-05-22T14:57:57.649+0000] {logging_mixin.py:188} INFO - [2026-05-22T14:57:57.649+0000] {dagbag.py:538} INFO - Filling up the DagBag from /opt/airflow/dags/warehouse_pipeline.py
[2026-05-22T14:57:57.662+0000] {processor.py:840} INFO - DAG(s) 'warehouse_pipeline' retrieved from /opt/airflow/dags/warehouse_pipeline.py
[2026-05-22T14:57:57.682+0000] {logging_mixin.py:188} INFO - [2026-05-22T14:57:57.682+0000] {dag.py:3036} INFO - Sync 1 DAGs
[2026-05-22T14:57:57.690+0000] {logging_mixin.py:188} INFO - [2026-05-22T14:57:57.690+0000] {dag.py:3823} INFO - Setting next_dagrun for warehouse_pipeline to None, run_after=None
[2026-05-22T14:57:57.703+0000] {processor.py:183} INFO - Processing /opt/airflow/dags/warehouse_pipeline.py took 0.067 seconds
[2026-05-22T14:58:27.989+0000] {processor.py:161} INFO - Started process (PID=937) to work on /opt/airflow/dags/warehouse_pipeline.py
[2026-05-22T14:58:27.992+0000] {processor.py:830} INFO - Processing file /opt/airflow/dags/warehouse_pipeline.py for tasks to queue
[2026-05-22T14:58:27.997+0000] {logging_mixin.py:188} INFO - [2026-05-22T14:58:27.996+0000] {dagbag.py:538} INFO - Filling up the DagBag from /opt/airflow/dags/warehouse_pipeline.py
[2026-05-22T14:58:28.015+0000] {processor.py:840} INFO - DAG(s) 'warehouse_pipeline' retrieved from /opt/airflow/dags/warehouse_pipeline.py
[2026-05-22T14:58:28.048+0000] {logging_mixin.py:188} INFO - [2026-05-22T14:58:28.048+0000] {dag.py:3036} INFO - Sync 1 DAGs
[2026-05-22T14:58:28.064+0000] {logging_mixin.py:188} INFO - [2026-05-22T14:58:28.063+0000] {dag.py:3823} INFO - Setting next_dagrun for warehouse_pipeline to None, run_after=None
[2026-05-22T14:58:28.080+0000] {processor.py:183} INFO - Processing /opt/airflow/dags/warehouse_pipeline.py took 0.095 seconds
[2026-05-22T14:58:58.498+0000] {processor.py:161} INFO - Started process (PID=947) to work on /opt/airflow/dags/warehouse_pipeline.py
[2026-05-22T14:58:58.500+0000] {processor.py:830} INFO - Processing file /opt/airflow/dags/warehouse_pipeline.py for tasks to queue
[2026-05-22T14:58:58.502+0000] {logging_mixin.py:188} INFO - [2026-05-22T14:58:58.502+0000] {dagbag.py:538} INFO - Filling up the DagBag from /opt/airflow/dags/warehouse_pipeline.py
[2026-05-22T14:58:58.516+0000] {processor.py:840} INFO - DAG(s) 'warehouse_pipeline' retrieved from /opt/airflow/dags/warehouse_pipeline.py
[2026-05-22T14:58:58.540+0000] {logging_mixin.py:188} INFO - [2026-05-22T14:58:58.540+0000] {dag.py:3036} INFO - Sync 1 DAGs
[2026-05-22T14:58:58.551+0000] {logging_mixin.py:188} INFO - [2026-05-22T14:58:58.551+0000] {dag.py:3823} INFO - Setting next_dagrun for warehouse_pipeline to None, run_after=None
[2026-05-22T14:58:58.563+0000] {processor.py:183} INFO - Processing /opt/airflow/dags/warehouse_pipeline.py took 0.071 seconds
[2026-05-22T14:59:28.794+0000] {processor.py:161} INFO - Started process (PID=992) to work on /opt/airflow/dags/warehouse_pipeline.py
[2026-05-22T14:59:28.797+0000] {processor.py:830} INFO - Processing file /opt/airflow/dags/warehouse_pipeline.py for tasks to queue
[2026-05-22T14:59:28.798+0000] {logging_mixin.py:188} INFO - [2026-05-22T14:59:28.798+0000] {dagbag.py:538} INFO - Filling up the DagBag from /opt/airflow/dags/warehouse_pipeline.py
[2026-05-22T14:59:28.810+0000] {processor.py:840} INFO - DAG(s) 'warehouse_pipeline' retrieved from /opt/airflow/dags/warehouse_pipeline.py
[2026-05-22T14:59:28.835+0000] {logging_mixin.py:188} INFO - [2026-05-22T14:59:28.835+0000] {dag.py:3036} INFO - Sync 1 DAGs
[2026-05-22T14:59:28.844+0000] {logging_mixin.py:188} INFO - [2026-05-22T14:59:28.843+0000] {dag.py:3823} INFO - Setting next_dagrun for warehouse_pipeline to None, run_after=None
[2026-05-22T14:59:28.857+0000] {processor.py:183} INFO - Processing /opt/airflow/dags/warehouse_pipeline.py took 0.068 seconds
[2026-05-22T14:59:59.102+0000] {processor.py:161} INFO - Started process (PID=1002) to work on /opt/airflow/dags/warehouse_pipeline.py
[2026-05-22T14:59:59.106+0000] {processor.py:830} INFO - Processing file /opt/airflow/dags/warehouse_pipeline.py for tasks to queue
[2026-05-22T14:59:59.108+0000] {logging_mixin.py:188} INFO - [2026-05-22T14:59:59.108+0000] {dagbag.py:538} INFO - Filling up the DagBag from /opt/airflow/dags/warehouse_pipeline.py
[2026-05-22T14:59:59.125+0000] {processor.py:840} INFO - DAG(s) 'warehouse_pipeline' retrieved from /opt/airflow/dags/warehouse_pipeline.py
[2026-05-22T14:59:59.149+0000] {logging_mixin.py:188} INFO - [2026-05-22T14:59:59.149+0000] {dag.py:3036} INFO - Sync 1 DAGs
[2026-05-22T14:59:59.157+0000] {logging_mixin.py:188} INFO - [2026-05-22T14:59:59.157+0000] {dag.py:3823} INFO - Setting next_dagrun for warehouse_pipeline to None, run_after=None
[2026-05-22T14:59:59.173+0000] {processor.py:183} INFO - Processing /opt/airflow/dags/warehouse_pipeline.py took 0.077 seconds
[2026-05-22T15:00:29.429+0000] {processor.py:161} INFO - Started process (PID=1012) to work on /opt/airflow/dags/warehouse_pipeline.py
[2026-05-22T15:00:29.432+0000] {processor.py:830} INFO - Processing file /opt/airflow/dags/warehouse_pipeline.py for tasks to queue
[2026-05-22T15:00:29.434+0000] {logging_mixin.py:188} INFO - [2026-05-22T15:00:29.434+0000] {dagbag.py:538} INFO - Filling up the DagBag from /opt/airflow/dags/warehouse_pipeline.py
[2026-05-22T15:00:29.451+0000] {processor.py:840} INFO - DAG(s) 'warehouse_pipeline' retrieved from /opt/airflow/dags/warehouse_pipeline.py
[2026-05-22T15:00:29.476+0000] {logging_mixin.py:188} INFO - [2026-05-22T15:00:29.476+0000] {dag.py:3036} INFO - Sync 1 DAGs
[2026-05-22T15:00:29.487+0000] {logging_mixin.py:188} INFO - [2026-05-22T15:00:29.487+0000] {dag.py:3823} INFO - Setting next_dagrun for warehouse_pipeline to None, run_after=None
[2026-05-22T15:00:29.501+0000] {processor.py:183} INFO - Processing /opt/airflow/dags/warehouse_pipeline.py took 0.080 seconds
[2026-05-22T15:00:59.853+0000] {processor.py:161} INFO - Started process (PID=1022) to work on /opt/airflow/dags/warehouse_pipeline.py
[2026-05-22T15:00:59.858+0000] {processor.py:830} INFO - Processing file /opt/airflow/dags/warehouse_pipeline.py for tasks to queue
[2026-05-22T15:00:59.860+0000] {logging_mixin.py:188} INFO - [2026-05-22T15:00:59.859+0000] {dagbag.py:538} INFO - Filling up the DagBag from /opt/airflow/dags/warehouse_pipeline.py
[2026-05-22T15:00:59.878+0000] {processor.py:840} INFO - DAG(s) 'warehouse_pipeline' retrieved from /opt/airflow/dags/warehouse_pipeline.py
[2026-05-22T15:00:59.904+0000] {logging_mixin.py:188} INFO - [2026-05-22T15:00:59.904+0000] {dag.py:3036} INFO - Sync 1 DAGs
[2026-05-22T15:00:59.911+0000] {logging_mixin.py:188} INFO - [2026-05-22T15:00:59.911+0000] {dag.py:3823} INFO - Setting next_dagrun for warehouse_pipeline to None, run_after=None
[2026-05-22T15:00:59.925+0000] {processor.py:183} INFO - Processing /opt/airflow/dags/warehouse_pipeline.py took 0.084 seconds
[2026-05-22T15:01:30.292+0000] {processor.py:161} INFO - Started process (PID=1032) to work on /opt/airflow/dags/warehouse_pipeline.py
[2026-05-22T15:01:30.295+0000] {processor.py:830} INFO - Processing file /opt/airflow/dags/warehouse_pipeline.py for tasks to queue
[2026-05-22T15:01:30.297+0000] {logging_mixin.py:188} INFO - [2026-05-22T15:01:30.297+0000] {dagbag.py:538} INFO - Filling up the DagBag from /opt/airflow/dags/warehouse_pipeline.py
[2026-05-22T15:01:30.319+0000] {processor.py:840} INFO - DAG(s) 'warehouse_pipeline' retrieved from /opt/airflow/dags/warehouse_pipeline.py
[2026-05-22T15:01:30.375+0000] {logging_mixin.py:188} INFO - [2026-05-22T15:01:30.375+0000] {dag.py:3036} INFO - Sync 1 DAGs
[2026-05-22T15:01:30.385+0000] {logging_mixin.py:188} INFO - [2026-05-22T15:01:30.385+0000] {dag.py:3823} INFO - Setting next_dagrun for warehouse_pipeline to None, run_after=None
[2026-05-22T15:01:30.403+0000] {processor.py:183} INFO - Processing /opt/airflow/dags/warehouse_pipeline.py took 0.120 seconds
[2026-05-22T15:02:00.838+0000] {processor.py:161} INFO - Started process (PID=1042) to work on /opt/airflow/dags/warehouse_pipeline.py
[2026-05-22T15:02:00.840+0000] {processor.py:830} INFO - Processing file /opt/airflow/dags/warehouse_pipeline.py for tasks to queue
[2026-05-22T15:02:00.843+0000] {logging_mixin.py:188} INFO - [2026-05-22T15:02:00.843+0000] {dagbag.py:538} INFO - Filling up the DagBag from /opt/airflow/dags/warehouse_pipeline.py
[2026-05-22T15:02:00.858+0000] {processor.py:840} INFO - DAG(s) 'warehouse_pipeline' retrieved from /opt/airflow/dags/warehouse_pipeline.py
[2026-05-22T15:02:00.891+0000] {logging_mixin.py:188} INFO - [2026-05-22T15:02:00.890+0000] {dag.py:3036} INFO - Sync 1 DAGs
[2026-05-22T15:02:00.900+0000] {logging_mixin.py:188} INFO - [2026-05-22T15:02:00.900+0000] {dag.py:3823} INFO - Setting next_dagrun for warehouse_pipeline to None, run_after=None
[2026-05-22T15:02:00.916+0000] {processor.py:183} INFO - Processing /opt/airflow/dags/warehouse_pipeline.py took 0.093 seconds
[2026-05-22T15:02:31.334+0000] {processor.py:161} INFO - Started process (PID=1064) to work on /opt/airflow/dags/warehouse_pipeline.py
[2026-05-22T15:02:31.337+0000] {processor.py:830} INFO - Processing file /opt/airflow/dags/warehouse_pipeline.py for tasks to queue
[2026-05-22T15:02:31.339+0000] {logging_mixin.py:188} INFO - [2026-05-22T15:02:31.338+0000] {dagbag.py:538} INFO - Filling up the DagBag from /opt/airflow/dags/warehouse_pipeline.py
[2026-05-22T15:02:31.358+0000] {processor.py:840} INFO - DAG(s) 'warehouse_pipeline' retrieved from /opt/airflow/dags/warehouse_pipeline.py
[2026-05-22T15:02:31.384+0000] {logging_mixin.py:188} INFO - [2026-05-22T15:02:31.384+0000] {dag.py:3036} INFO - Sync 1 DAGs
[2026-05-22T15:02:31.394+0000] {logging_mixin.py:188} INFO - [2026-05-22T15:02:31.394+0000] {dag.py:3823} INFO - Setting next_dagrun for warehouse_pipeline to None, run_after=None
[2026-05-22T15:02:31.409+0000] {processor.py:183} INFO - Processing /opt/airflow/dags/warehouse_pipeline.py took 0.084 seconds
[2026-05-22T15:03:01.690+0000] {processor.py:161} INFO - Started process (PID=1074) to work on /opt/airflow/dags/warehouse_pipeline.py
[2026-05-22T15:03:01.694+0000] {processor.py:830} INFO - Processing file /opt/airflow/dags/warehouse_pipeline.py for tasks to queue
[2026-05-22T15:03:01.697+0000] {logging_mixin.py:188} INFO - [2026-05-22T15:03:01.695+0000] {dagbag.py:538} INFO - Filling up the DagBag from /opt/airflow/dags/warehouse_pipeline.py
[2026-05-22T15:03:01.725+0000] {processor.py:840} INFO - DAG(s) 'warehouse_pipeline' retrieved from /opt/airflow/dags/warehouse_pipeline.py
[2026-05-22T15:03:01.749+0000] {logging_mixin.py:188} INFO - [2026-05-22T15:03:01.749+0000] {dag.py:3036} INFO - Sync 1 DAGs
[2026-05-22T15:03:01.761+0000] {logging_mixin.py:188} INFO - [2026-05-22T15:03:01.761+0000] {dag.py:3823} INFO - Setting next_dagrun for warehouse_pipeline to None, run_after=None
[2026-05-22T15:03:01.775+0000] {processor.py:183} INFO - Processing /opt/airflow/dags/warehouse_pipeline.py took 0.092 seconds
[2026-05-22T15:03:32.116+0000] {processor.py:161} INFO - Started process (PID=1084) to work on /opt/airflow/dags/warehouse_pipeline.py
[2026-05-22T15:03:32.120+0000] {processor.py:830} INFO - Processing file /opt/airflow/dags/warehouse_pipeline.py for tasks to queue
[2026-05-22T15:03:32.122+0000] {logging_mixin.py:188} INFO - [2026-05-22T15:03:32.121+0000] {dagbag.py:538} INFO - Filling up the DagBag from /opt/airflow/dags/warehouse_pipeline.py
[2026-05-22T15:03:32.139+0000] {processor.py:840} INFO - DAG(s) 'warehouse_pipeline' retrieved from /opt/airflow/dags/warehouse_pipeline.py
[2026-05-22T15:03:32.167+0000] {logging_mixin.py:188} INFO - [2026-05-22T15:03:32.167+0000] {dag.py:3036} INFO - Sync 1 DAGs
[2026-05-22T15:03:32.175+0000] {logging_mixin.py:188} INFO - [2026-05-22T15:03:32.175+0000] {dag.py:3823} INFO - Setting next_dagrun for warehouse_pipeline to None, run_after=None
[2026-05-22T15:03:32.190+0000] {processor.py:183} INFO - Processing /opt/airflow/dags/warehouse_pipeline.py took 0.087 seconds
[2026-05-22T15:04:09.539+0000] {processor.py:161} INFO - Started process (PID=208) to work on /opt/airflow/dags/warehouse_pipeline.py
[2026-05-22T15:04:09.544+0000] {processor.py:830} INFO - Processing file /opt/airflow/dags/warehouse_pipeline.py for tasks to queue
[2026-05-22T15:04:09.544+0000] {logging_mixin.py:188} INFO - [2026-05-22T15:04:09.544+0000] {dagbag.py:538} INFO - Filling up the DagBag from /opt/airflow/dags/warehouse_pipeline.py
[2026-05-22T15:04:09.573+0000] {processor.py:840} INFO - DAG(s) 'warehouse_pipeline' retrieved from /opt/airflow/dags/warehouse_pipeline.py
[2026-05-22T15:04:09.608+0000] {logging_mixin.py:188} INFO - [2026-05-22T15:04:09.608+0000] {dag.py:3036} INFO - Sync 1 DAGs
[2026-05-22T15:04:09.624+0000] {logging_mixin.py:188} INFO - [2026-05-22T15:04:09.623+0000] {dag.py:3823} INFO - Setting next_dagrun for warehouse_pipeline to None, run_after=None
[2026-05-22T15:04:09.637+0000] {processor.py:183} INFO - Processing /opt/airflow/dags/warehouse_pipeline.py took 0.101 seconds
[2026-05-22T15:04:39.990+0000] {processor.py:161} INFO - Started process (PID=218) to work on /opt/airflow/dags/warehouse_pipeline.py
[2026-05-22T15:04:39.993+0000] {processor.py:830} INFO - Processing file /opt/airflow/dags/warehouse_pipeline.py for tasks to queue
[2026-05-22T15:04:39.994+0000] {logging_mixin.py:188} INFO - [2026-05-22T15:04:39.994+0000] {dagbag.py:538} INFO - Filling up the DagBag from /opt/airflow/dags/warehouse_pipeline.py
[2026-05-22T15:04:40.014+0000] {processor.py:840} INFO - DAG(s) 'warehouse_pipeline' retrieved from /opt/airflow/dags/warehouse_pipeline.py
[2026-05-22T15:04:40.042+0000] {logging_mixin.py:188} INFO - [2026-05-22T15:04:40.042+0000] {dag.py:3036} INFO - Sync 1 DAGs
[2026-05-22T15:04:40.052+0000] {logging_mixin.py:188} INFO - [2026-05-22T15:04:40.052+0000] {dag.py:3823} INFO - Setting next_dagrun for warehouse_pipeline to None, run_after=None
[2026-05-22T15:04:40.067+0000] {processor.py:183} INFO - Processing /opt/airflow/dags/warehouse_pipeline.py took 0.084 seconds
[2026-05-22T15:05:10.365+0000] {processor.py:161} INFO - Started process (PID=228) to work on /opt/airflow/dags/warehouse_pipeline.py
[2026-05-22T15:05:10.369+0000] {processor.py:830} INFO - Processing file /opt/airflow/dags/warehouse_pipeline.py for tasks to queue
[2026-05-22T15:05:10.372+0000] {logging_mixin.py:188} INFO - [2026-05-22T15:05:10.371+0000] {dagbag.py:538} INFO - Filling up the DagBag from /opt/airflow/dags/warehouse_pipeline.py
[2026-05-22T15:05:10.400+0000] {processor.py:840} INFO - DAG(s) 'warehouse_pipeline' retrieved from /opt/airflow/dags/warehouse_pipeline.py
[2026-05-22T15:05:10.440+0000] {logging_mixin.py:188} INFO - [2026-05-22T15:05:10.439+0000] {dag.py:3036} INFO - Sync 1 DAGs
[2026-05-22T15:05:10.450+0000] {logging_mixin.py:188} INFO - [2026-05-22T15:05:10.450+0000] {dag.py:3823} INFO - Setting next_dagrun for warehouse_pipeline to None, run_after=None
[2026-05-22T15:05:10.465+0000] {processor.py:183} INFO - Processing /opt/airflow/dags/warehouse_pipeline.py took 0.107 seconds
[2026-05-22T15:05:40.806+0000] {processor.py:161} INFO - Started process (PID=238) to work on /opt/airflow/dags/warehouse_pipeline.py
[2026-05-22T15:05:40.809+0000] {processor.py:830} INFO - Processing file /opt/airflow/dags/warehouse_pipeline.py for tasks to queue
[2026-05-22T15:05:40.811+0000] {logging_mixin.py:188} INFO - [2026-05-22T15:05:40.810+0000] {dagbag.py:538} INFO - Filling up the DagBag from /opt/airflow/dags/warehouse_pipeline.py
[2026-05-22T15:05:40.823+0000] {processor.py:840} INFO - DAG(s) 'warehouse_pipeline' retrieved from /opt/airflow/dags/warehouse_pipeline.py
[2026-05-22T15:05:40.846+0000] {logging_mixin.py:188} INFO - [2026-05-22T15:05:40.846+0000] {dag.py:3036} INFO - Sync 1 DAGs
[2026-05-22T15:05:40.855+0000] {logging_mixin.py:188} INFO - [2026-05-22T15:05:40.855+0000] {dag.py:3823} INFO - Setting next_dagrun for warehouse_pipeline to None, run_after=None
[2026-05-22T15:05:40.865+0000] {processor.py:183} INFO - Processing /opt/airflow/dags/warehouse_pipeline.py took 0.066 seconds
[2026-05-22T15:06:11.178+0000] {processor.py:161} INFO - Started process (PID=248) to work on /opt/airflow/dags/warehouse_pipeline.py
[2026-05-22T15:06:11.181+0000] {processor.py:830} INFO - Processing file /opt/airflow/dags/warehouse_pipeline.py for tasks to queue
[2026-05-22T15:06:11.184+0000] {logging_mixin.py:188} INFO - [2026-05-22T15:06:11.183+0000] {dagbag.py:538} INFO - Filling up the DagBag from /opt/airflow/dags/warehouse_pipeline.py
[2026-05-22T15:06:11.201+0000] {processor.py:840} INFO - DAG(s) 'warehouse_pipeline' retrieved from /opt/airflow/dags/warehouse_pipeline.py
[2026-05-22T15:06:11.227+0000] {logging_mixin.py:188} INFO - [2026-05-22T15:06:11.227+0000] {dag.py:3036} INFO - Sync 1 DAGs
[2026-05-22T15:06:11.235+0000] {logging_mixin.py:188} INFO - [2026-05-22T15:06:11.235+0000] {dag.py:3823} INFO - Setting next_dagrun for warehouse_pipeline to None, run_after=None
[2026-05-22T15:06:11.250+0000] {processor.py:183} INFO - Processing /opt/airflow/dags/warehouse_pipeline.py took 0.079 seconds
[2026-05-22T15:06:41.634+0000] {processor.py:161} INFO - Started process (PID=258) to work on /opt/airflow/dags/warehouse_pipeline.py
[2026-05-22T15:06:41.636+0000] {processor.py:830} INFO - Processing file /opt/airflow/dags/warehouse_pipeline.py for tasks to queue
[2026-05-22T15:06:41.637+0000] {logging_mixin.py:188} INFO - [2026-05-22T15:06:41.637+0000] {dagbag.py:538} INFO - Filling up the DagBag from /opt/airflow/dags/warehouse_pipeline.py
[2026-05-22T15:06:41.649+0000] {processor.py:840} INFO - DAG(s) 'warehouse_pipeline' retrieved from /opt/airflow/dags/warehouse_pipeline.py
[2026-05-22T15:06:41.672+0000] {logging_mixin.py:188} INFO - [2026-05-22T15:06:41.672+0000] {dag.py:3036} INFO - Sync 1 DAGs
[2026-05-22T15:06:41.679+0000] {logging_mixin.py:188} INFO - [2026-05-22T15:06:41.679+0000] {dag.py:3823} INFO - Setting next_dagrun for warehouse_pipeline to None, run_after=None
[2026-05-22T15:06:41.693+0000] {processor.py:183} INFO - Processing /opt/airflow/dags/warehouse_pipeline.py took 0.063 seconds
[2026-05-22T15:07:12.083+0000] {processor.py:161} INFO - Started process (PID=268) to work on /opt/airflow/dags/warehouse_pipeline.py
[2026-05-22T15:07:12.085+0000] {processor.py:830} INFO - Processing file /opt/airflow/dags/warehouse_pipeline.py for tasks to queue
[2026-05-22T15:07:12.086+0000] {logging_mixin.py:188} INFO - [2026-05-22T15:07:12.086+0000] {dagbag.py:538} INFO - Filling up the DagBag from /opt/airflow/dags/warehouse_pipeline.py
[2026-05-22T15:07:12.100+0000] {processor.py:840} INFO - DAG(s) 'warehouse_pipeline' retrieved from /opt/airflow/dags/warehouse_pipeline.py
[2026-05-22T15:07:12.123+0000] {logging_mixin.py:188} INFO - [2026-05-22T15:07:12.123+0000] {dag.py:3036} INFO - Sync 1 DAGs
[2026-05-22T15:07:12.131+0000] {logging_mixin.py:188} INFO - [2026-05-22T15:07:12.131+0000] {dag.py:3823} INFO - Setting next_dagrun for warehouse_pipeline to None, run_after=None
[2026-05-22T15:07:12.145+0000] {processor.py:183} INFO - Processing /opt/airflow/dags/warehouse_pipeline.py took 0.066 seconds
[2026-05-22T15:07:42.902+0000] {processor.py:161} INFO - Started process (PID=278) to work on /opt/airflow/dags/warehouse_pipeline.py
[2026-05-22T15:07:42.906+0000] {processor.py:830} INFO - Processing file /opt/airflow/dags/warehouse_pipeline.py for tasks to queue
[2026-05-22T15:07:42.922+0000] {logging_mixin.py:188} INFO - [2026-05-22T15:07:42.920+0000] {dagbag.py:538} INFO - Filling up the DagBag from /opt/airflow/dags/warehouse_pipeline.py
[2026-05-22T15:07:42.954+0000] {processor.py:840} INFO - DAG(s) 'warehouse_pipeline' retrieved from /opt/airflow/dags/warehouse_pipeline.py
[2026-05-22T15:07:43.052+0000] {logging_mixin.py:188} INFO - [2026-05-22T15:07:43.052+0000] {dag.py:3036} INFO - Sync 1 DAGs
[2026-05-22T15:07:43.101+0000] {logging_mixin.py:188} INFO - [2026-05-22T15:07:43.101+0000] {dag.py:3823} INFO - Setting next_dagrun for warehouse_pipeline to None, run_after=None
[2026-05-22T15:07:43.143+0000] {processor.py:183} INFO - Processing /opt/airflow/dags/warehouse_pipeline.py took 0.276 seconds
[2026-05-22T15:08:13.728+0000] {processor.py:161} INFO - Started process (PID=288) to work on /opt/airflow/dags/warehouse_pipeline.py
[2026-05-22T15:08:13.731+0000] {processor.py:830} INFO - Processing file /opt/airflow/dags/warehouse_pipeline.py for tasks to queue
[2026-05-22T15:08:13.733+0000] {logging_mixin.py:188} INFO - [2026-05-22T15:08:13.732+0000] {dagbag.py:538} INFO - Filling up the DagBag from /opt/airflow/dags/warehouse_pipeline.py
[2026-05-22T15:08:13.759+0000] {processor.py:840} INFO - DAG(s) 'warehouse_pipeline' retrieved from /opt/airflow/dags/warehouse_pipeline.py
[2026-05-22T15:08:13.788+0000] {logging_mixin.py:188} INFO - [2026-05-22T15:08:13.788+0000] {dag.py:3036} INFO - Sync 1 DAGs
[2026-05-22T15:08:13.796+0000] {logging_mixin.py:188} INFO - [2026-05-22T15:08:13.796+0000] {dag.py:3823} INFO - Setting next_dagrun for warehouse_pipeline to None, run_after=None
[2026-05-22T15:08:13.812+0000] {processor.py:183} INFO - Processing /opt/airflow/dags/warehouse_pipeline.py took 0.093 seconds
[2026-05-22T15:11:56.196+0000] {processor.py:161} INFO - Started process (PID=166) to work on /opt/airflow/dags/warehouse_pipeline.py
[2026-05-22T15:11:56.200+0000] {processor.py:830} INFO - Processing file /opt/airflow/dags/warehouse_pipeline.py for tasks to queue
[2026-05-22T15:11:56.202+0000] {logging_mixin.py:188} INFO - [2026-05-22T15:11:56.202+0000] {dagbag.py:538} INFO - Filling up the DagBag from /opt/airflow/dags/warehouse_pipeline.py
[2026-05-22T15:11:56.226+0000] {processor.py:840} INFO - DAG(s) 'warehouse_pipeline' retrieved from /opt/airflow/dags/warehouse_pipeline.py
[2026-05-22T15:11:56.395+0000] {logging_mixin.py:188} INFO - [2026-05-22T15:11:56.394+0000] {override.py:1769} INFO - Created Permission View: can delete on DAG:warehouse_pipeline
[2026-05-22T15:11:56.405+0000] {logging_mixin.py:188} INFO - [2026-05-22T15:11:56.405+0000] {override.py:1769} INFO - Created Permission View: can edit on DAG:warehouse_pipeline
[2026-05-22T15:11:56.409+0000] {logging_mixin.py:188} INFO - [2026-05-22T15:11:56.409+0000] {override.py:1769} INFO - Created Permission View: can read on DAG:warehouse_pipeline
[2026-05-22T15:11:56.410+0000] {logging_mixin.py:188} INFO - [2026-05-22T15:11:56.410+0000] {dag.py:3036} INFO - Sync 1 DAGs
[2026-05-22T15:11:56.418+0000] {logging_mixin.py:188} INFO - [2026-05-22T15:11:56.418+0000] {dag.py:3058} INFO - Creating ORM DAG for warehouse_pipeline
[2026-05-22T15:11:56.419+0000] {logging_mixin.py:188} INFO - [2026-05-22T15:11:56.419+0000] {dag.py:3823} INFO - Setting next_dagrun for warehouse_pipeline to None, run_after=None
[2026-05-22T15:11:56.436+0000] {processor.py:183} INFO - Processing /opt/airflow/dags/warehouse_pipeline.py took 0.245 seconds
[2026-05-22T15:12:26.543+0000] {processor.py:161} INFO - Started process (PID=177) to work on /opt/airflow/dags/warehouse_pipeline.py
[2026-05-22T15:12:26.546+0000] {processor.py:830} INFO - Processing file /opt/airflow/dags/warehouse_pipeline.py for tasks to queue
[2026-05-22T15:12:26.547+0000] {logging_mixin.py:188} INFO - [2026-05-22T15:12:26.547+0000] {dagbag.py:538} INFO - Filling up the DagBag from /opt/airflow/dags/warehouse_pipeline.py
[2026-05-22T15:12:26.565+0000] {processor.py:840} INFO - DAG(s) 'warehouse_pipeline' retrieved from /opt/airflow/dags/warehouse_pipeline.py
[2026-05-22T15:12:26.609+0000] {logging_mixin.py:188} INFO - [2026-05-22T15:12:26.609+0000] {dag.py:3036} INFO - Sync 1 DAGs
[2026-05-22T15:12:26.622+0000] {logging_mixin.py:188} INFO - [2026-05-22T15:12:26.622+0000] {dag.py:3823} INFO - Setting next_dagrun for warehouse_pipeline to None, run_after=None
[2026-05-22T15:12:26.637+0000] {processor.py:183} INFO - Processing /opt/airflow/dags/warehouse_pipeline.py took 0.102 seconds
[2026-05-22T15:12:56.887+0000] {processor.py:161} INFO - Started process (PID=187) to work on /opt/airflow/dags/warehouse_pipeline.py
[2026-05-22T15:12:56.892+0000] {processor.py:830} INFO - Processing file /opt/airflow/dags/warehouse_pipeline.py for tasks to queue
[2026-05-22T15:12:56.893+0000] {logging_mixin.py:188} INFO - [2026-05-22T15:12:56.893+0000] {dagbag.py:538} INFO - Filling up the DagBag from /opt/airflow/dags/warehouse_pipeline.py
[2026-05-22T15:12:56.913+0000] {processor.py:840} INFO - DAG(s) 'warehouse_pipeline' retrieved from /opt/airflow/dags/warehouse_pipeline.py
[2026-05-22T15:12:56.954+0000] {logging_mixin.py:188} INFO - [2026-05-22T15:12:56.954+0000] {dag.py:3036} INFO - Sync 1 DAGs
[2026-05-22T15:12:56.965+0000] {logging_mixin.py:188} INFO - [2026-05-22T15:12:56.965+0000] {dag.py:3823} INFO - Setting next_dagrun for warehouse_pipeline to None, run_after=None
[2026-05-22T15:12:56.979+0000] {processor.py:183} INFO - Processing /opt/airflow/dags/warehouse_pipeline.py took 0.099 seconds
[2026-05-22T15:13:27.231+0000] {processor.py:161} INFO - Started process (PID=211) to work on /opt/airflow/dags/warehouse_pipeline.py
[2026-05-22T15:13:27.233+0000] {processor.py:830} INFO - Processing file /opt/airflow/dags/warehouse_pipeline.py for tasks to queue
[2026-05-22T15:13:27.234+0000] {logging_mixin.py:188} INFO - [2026-05-22T15:13:27.234+0000] {dagbag.py:538} INFO - Filling up the DagBag from /opt/airflow/dags/warehouse_pipeline.py
[2026-05-22T15:13:27.250+0000] {processor.py:840} INFO - DAG(s) 'warehouse_pipeline' retrieved from /opt/airflow/dags/warehouse_pipeline.py
[2026-05-22T15:13:27.271+0000] {logging_mixin.py:188} INFO - [2026-05-22T15:13:27.271+0000] {dag.py:3036} INFO - Sync 1 DAGs
[2026-05-22T15:13:27.278+0000] {logging_mixin.py:188} INFO - [2026-05-22T15:13:27.278+0000] {dag.py:3823} INFO - Setting next_dagrun for warehouse_pipeline to None, run_after=None
[2026-05-22T15:13:27.292+0000] {processor.py:183} INFO - Processing /opt/airflow/dags/warehouse_pipeline.py took 0.066 seconds
[2026-05-22T15:13:57.616+0000] {processor.py:161} INFO - Started process (PID=221) to work on /opt/airflow/dags/warehouse_pipeline.py
[2026-05-22T15:13:57.623+0000] {processor.py:830} INFO - Processing file /opt/airflow/dags/warehouse_pipeline.py for tasks to queue
[2026-05-22T15:13:57.624+0000] {logging_mixin.py:188} INFO - [2026-05-22T15:13:57.624+0000] {dagbag.py:538} INFO - Filling up the DagBag from /opt/airflow/dags/warehouse_pipeline.py
[2026-05-22T15:13:57.641+0000] {processor.py:840} INFO - DAG(s) 'warehouse_pipeline' retrieved from /opt/airflow/dags/warehouse_pipeline.py
[2026-05-22T15:13:57.668+0000] {logging_mixin.py:188} INFO - [2026-05-22T15:13:57.668+0000] {dag.py:3036} INFO - Sync 1 DAGs
[2026-05-22T15:13:57.679+0000] {logging_mixin.py:188} INFO - [2026-05-22T15:13:57.679+0000] {dag.py:3823} INFO - Setting next_dagrun for warehouse_pipeline to None, run_after=None
[2026-05-22T15:13:57.695+0000] {processor.py:183} INFO - Processing /opt/airflow/dags/warehouse_pipeline.py took 0.091 seconds
[2026-05-22T15:14:28.045+0000] {processor.py:161} INFO - Started process (PID=231) to work on /opt/airflow/dags/warehouse_pipeline.py
[2026-05-22T15:14:28.048+0000] {processor.py:830} INFO - Processing file /opt/airflow/dags/warehouse_pipeline.py for tasks to queue
[2026-05-22T15:14:28.050+0000] {logging_mixin.py:188} INFO - [2026-05-22T15:14:28.050+0000] {dagbag.py:538} INFO - Filling up the DagBag from /opt/airflow/dags/warehouse_pipeline.py
[2026-05-22T15:14:28.076+0000] {processor.py:840} INFO - DAG(s) 'warehouse_pipeline' retrieved from /opt/airflow/dags/warehouse_pipeline.py
[2026-05-22T15:14:28.111+0000] {logging_mixin.py:188} INFO - [2026-05-22T15:14:28.111+0000] {dag.py:3036} INFO - Sync 1 DAGs
[2026-05-22T15:14:28.120+0000] {logging_mixin.py:188} INFO - [2026-05-22T15:14:28.120+0000] {dag.py:3823} INFO - Setting next_dagrun for warehouse_pipeline to None, run_after=None
[2026-05-22T15:14:28.139+0000] {processor.py:183} INFO - Processing /opt/airflow/dags/warehouse_pipeline.py took 0.102 seconds
[2026-05-22T15:16:01.774+0000] {processor.py:161} INFO - Started process (PID=167) to work on /opt/airflow/dags/warehouse_pipeline.py
[2026-05-22T15:16:01.777+0000] {processor.py:830} INFO - Processing file /opt/airflow/dags/warehouse_pipeline.py for tasks to queue
[2026-05-22T15:16:01.778+0000] {logging_mixin.py:188} INFO - [2026-05-22T15:16:01.778+0000] {dagbag.py:538} INFO - Filling up the DagBag from /opt/airflow/dags/warehouse_pipeline.py
[2026-05-22T15:16:01.795+0000] {processor.py:840} INFO - DAG(s) 'warehouse_pipeline' retrieved from /opt/airflow/dags/warehouse_pipeline.py
[2026-05-22T15:16:01.832+0000] {logging_mixin.py:188} INFO - [2026-05-22T15:16:01.831+0000] {dag.py:3036} INFO - Sync 1 DAGs
[2026-05-22T15:16:01.839+0000] {logging_mixin.py:188} INFO - [2026-05-22T15:16:01.839+0000] {dag.py:3823} INFO - Setting next_dagrun for warehouse_pipeline to None, run_after=None
[2026-05-22T15:16:01.854+0000] {processor.py:183} INFO - Processing /opt/airflow/dags/warehouse_pipeline.py took 0.083 seconds
[2026-05-22T15:16:32.121+0000] {processor.py:161} INFO - Started process (PID=177) to work on /opt/airflow/dags/warehouse_pipeline.py
[2026-05-22T15:16:32.124+0000] {processor.py:830} INFO - Processing file /opt/airflow/dags/warehouse_pipeline.py for tasks to queue
[2026-05-22T15:16:32.126+0000] {logging_mixin.py:188} INFO - [2026-05-22T15:16:32.125+0000] {dagbag.py:538} INFO - Filling up the DagBag from /opt/airflow/dags/warehouse_pipeline.py
[2026-05-22T15:16:32.141+0000] {processor.py:840} INFO - DAG(s) 'warehouse_pipeline' retrieved from /opt/airflow/dags/warehouse_pipeline.py
[2026-05-22T15:16:32.171+0000] {logging_mixin.py:188} INFO - [2026-05-22T15:16:32.171+0000] {dag.py:3036} INFO - Sync 1 DAGs
[2026-05-22T15:16:32.182+0000] {logging_mixin.py:188} INFO - [2026-05-22T15:16:32.182+0000] {dag.py:3823} INFO - Setting next_dagrun for warehouse_pipeline to None, run_after=None
[2026-05-22T15:16:32.195+0000] {processor.py:183} INFO - Processing /opt/airflow/dags/warehouse_pipeline.py took 0.081 seconds
[2026-05-22T15:17:02.621+0000] {processor.py:161} INFO - Started process (PID=187) to work on /opt/airflow/dags/warehouse_pipeline.py
[2026-05-22T15:17:02.625+0000] {processor.py:830} INFO - Processing file /opt/airflow/dags/warehouse_pipeline.py for tasks to queue
[2026-05-22T15:17:02.626+0000] {logging_mixin.py:188} INFO - [2026-05-22T15:17:02.626+0000] {dagbag.py:538} INFO - Filling up the DagBag from /opt/airflow/dags/warehouse_pipeline.py
[2026-05-22T15:17:02.661+0000] {processor.py:840} INFO - DAG(s) 'warehouse_pipeline' retrieved from /opt/airflow/dags/warehouse_pipeline.py
[2026-05-22T15:17:02.689+0000] {logging_mixin.py:188} INFO - [2026-05-22T15:17:02.689+0000] {dag.py:3036} INFO - Sync 1 DAGs
[2026-05-22T15:17:02.701+0000] {logging_mixin.py:188} INFO - [2026-05-22T15:17:02.701+0000] {dag.py:3823} INFO - Setting next_dagrun for warehouse_pipeline to None, run_after=None
[2026-05-22T15:17:02.719+0000] {processor.py:183} INFO - Processing /opt/airflow/dags/warehouse_pipeline.py took 0.106 seconds
[2026-05-22T15:17:33.019+0000] {processor.py:161} INFO - Started process (PID=197) to work on /opt/airflow/dags/warehouse_pipeline.py
[2026-05-22T15:17:33.024+0000] {processor.py:830} INFO - Processing file /opt/airflow/dags/warehouse_pipeline.py for tasks to queue
[2026-05-22T15:17:33.025+0000] {logging_mixin.py:188} INFO - [2026-05-22T15:17:33.025+0000] {dagbag.py:538} INFO - Filling up the DagBag from /opt/airflow/dags/warehouse_pipeline.py
[2026-05-22T15:17:33.041+0000] {processor.py:840} INFO - DAG(s) 'warehouse_pipeline' retrieved from /opt/airflow/dags/warehouse_pipeline.py
[2026-05-22T15:17:33.073+0000] {logging_mixin.py:188} INFO - [2026-05-22T15:17:33.072+0000] {dag.py:3036} INFO - Sync 1 DAGs
[2026-05-22T15:17:33.083+0000] {logging_mixin.py:188} INFO - [2026-05-22T15:17:33.082+0000] {dag.py:3823} INFO - Setting next_dagrun for warehouse_pipeline to None, run_after=None
[2026-05-22T15:17:33.098+0000] {processor.py:183} INFO - Processing /opt/airflow/dags/warehouse_pipeline.py took 0.086 seconds
[2026-05-22T15:18:03.487+0000] {processor.py:161} INFO - Started process (PID=207) to work on /opt/airflow/dags/warehouse_pipeline.py
[2026-05-22T15:18:03.490+0000] {processor.py:830} INFO - Processing file /opt/airflow/dags/warehouse_pipeline.py for tasks to queue
[2026-05-22T15:18:03.495+0000] {logging_mixin.py:188} INFO - [2026-05-22T15:18:03.493+0000] {dagbag.py:538} INFO - Filling up the DagBag from /opt/airflow/dags/warehouse_pipeline.py
[2026-05-22T15:18:03.515+0000] {processor.py:840} INFO - DAG(s) 'warehouse_pipeline' retrieved from /opt/airflow/dags/warehouse_pipeline.py
[2026-05-22T15:18:03.539+0000] {logging_mixin.py:188} INFO - [2026-05-22T15:18:03.539+0000] {dag.py:3036} INFO - Sync 1 DAGs
[2026-05-22T15:18:03.549+0000] {logging_mixin.py:188} INFO - [2026-05-22T15:18:03.549+0000] {dag.py:3823} INFO - Setting next_dagrun for warehouse_pipeline to None, run_after=None
[2026-05-22T15:18:03.562+0000] {processor.py:183} INFO - Processing /opt/airflow/dags/warehouse_pipeline.py took 0.083 seconds
[2026-05-22T15:18:33.869+0000] {processor.py:161} INFO - Started process (PID=217) to work on /opt/airflow/dags/warehouse_pipeline.py
[2026-05-22T15:18:33.875+0000] {processor.py:830} INFO - Processing file /opt/airflow/dags/warehouse_pipeline.py for tasks to queue
[2026-05-22T15:18:33.877+0000] {logging_mixin.py:188} INFO - [2026-05-22T15:18:33.876+0000] {dagbag.py:538} INFO - Filling up the DagBag from /opt/airflow/dags/warehouse_pipeline.py
[2026-05-22T15:18:33.894+0000] {processor.py:840} INFO - DAG(s) 'warehouse_pipeline' retrieved from /opt/airflow/dags/warehouse_pipeline.py
[2026-05-22T15:18:33.936+0000] {logging_mixin.py:188} INFO - [2026-05-22T15:18:33.935+0000] {dag.py:3036} INFO - Sync 1 DAGs
[2026-05-22T15:18:33.946+0000] {logging_mixin.py:188} INFO - [2026-05-22T15:18:33.946+0000] {dag.py:3823} INFO - Setting next_dagrun for warehouse_pipeline to None, run_after=None
[2026-05-22T15:18:33.962+0000] {processor.py:183} INFO - Processing /opt/airflow/dags/warehouse_pipeline.py took 0.102 seconds
[2026-05-22T15:19:04.246+0000] {processor.py:161} INFO - Started process (PID=227) to work on /opt/airflow/dags/warehouse_pipeline.py
[2026-05-22T15:19:04.251+0000] {processor.py:830} INFO - Processing file /opt/airflow/dags/warehouse_pipeline.py for tasks to queue
[2026-05-22T15:19:04.253+0000] {logging_mixin.py:188} INFO - [2026-05-22T15:19:04.253+0000] {dagbag.py:538} INFO - Filling up the DagBag from /opt/airflow/dags/warehouse_pipeline.py
[2026-05-22T15:19:04.269+0000] {processor.py:840} INFO - DAG(s) 'warehouse_pipeline' retrieved from /opt/airflow/dags/warehouse_pipeline.py
[2026-05-22T15:19:04.317+0000] {logging_mixin.py:188} INFO - [2026-05-22T15:19:04.317+0000] {dag.py:3036} INFO - Sync 1 DAGs
[2026-05-22T15:19:04.330+0000] {logging_mixin.py:188} INFO - [2026-05-22T15:19:04.330+0000] {dag.py:3823} INFO - Setting next_dagrun for warehouse_pipeline to None, run_after=None
[2026-05-22T15:19:04.346+0000] {processor.py:183} INFO - Processing /opt/airflow/dags/warehouse_pipeline.py took 0.104 seconds
[2026-05-22T15:19:34.648+0000] {processor.py:161} INFO - Started process (PID=237) to work on /opt/airflow/dags/warehouse_pipeline.py
[2026-05-22T15:19:34.653+0000] {processor.py:830} INFO - Processing file /opt/airflow/dags/warehouse_pipeline.py for tasks to queue
[2026-05-22T15:19:34.655+0000] {logging_mixin.py:188} INFO - [2026-05-22T15:19:34.654+0000] {dagbag.py:538} INFO - Filling up the DagBag from /opt/airflow/dags/warehouse_pipeline.py
[2026-05-22T15:19:34.671+0000] {processor.py:840} INFO - DAG(s) 'warehouse_pipeline' retrieved from /opt/airflow/dags/warehouse_pipeline.py
[2026-05-22T15:19:34.706+0000] {logging_mixin.py:188} INFO - [2026-05-22T15:19:34.706+0000] {dag.py:3036} INFO - Sync 1 DAGs
[2026-05-22T15:19:34.714+0000] {logging_mixin.py:188} INFO - [2026-05-22T15:19:34.714+0000] {dag.py:3823} INFO - Setting next_dagrun for warehouse_pipeline to None, run_after=None
[2026-05-22T15:19:34.729+0000] {processor.py:183} INFO - Processing /opt/airflow/dags/warehouse_pipeline.py took 0.088 seconds
[2026-05-22T15:20:05.053+0000] {processor.py:161} INFO - Started process (PID=247) to work on /opt/airflow/dags/warehouse_pipeline.py
[2026-05-22T15:20:05.056+0000] {processor.py:830} INFO - Processing file /opt/airflow/dags/warehouse_pipeline.py for tasks to queue
[2026-05-22T15:20:05.057+0000] {logging_mixin.py:188} INFO - [2026-05-22T15:20:05.057+0000] {dagbag.py:538} INFO - Filling up the DagBag from /opt/airflow/dags/warehouse_pipeline.py
[2026-05-22T15:20:05.071+0000] {processor.py:840} INFO - DAG(s) 'warehouse_pipeline' retrieved from /opt/airflow/dags/warehouse_pipeline.py
[2026-05-22T15:20:05.093+0000] {logging_mixin.py:188} INFO - [2026-05-22T15:20:05.093+0000] {dag.py:3036} INFO - Sync 1 DAGs
[2026-05-22T15:20:05.102+0000] {logging_mixin.py:188} INFO - [2026-05-22T15:20:05.102+0000] {dag.py:3823} INFO - Setting next_dagrun for warehouse_pipeline to None, run_after=None
[2026-05-22T15:20:05.112+0000] {processor.py:183} INFO - Processing /opt/airflow/dags/warehouse_pipeline.py took 0.064 seconds
[2026-05-22T15:20:35.396+0000] {processor.py:161} INFO - Started process (PID=257) to work on /opt/airflow/dags/warehouse_pipeline.py
[2026-05-22T15:20:35.399+0000] {processor.py:830} INFO - Processing file /opt/airflow/dags/warehouse_pipeline.py for tasks to queue
[2026-05-22T15:20:35.400+0000] {logging_mixin.py:188} INFO - [2026-05-22T15:20:35.399+0000] {dagbag.py:538} INFO - Filling up the DagBag from /opt/airflow/dags/warehouse_pipeline.py
[2026-05-22T15:20:35.418+0000] {processor.py:840} INFO - DAG(s) 'warehouse_pipeline' retrieved from /opt/airflow/dags/warehouse_pipeline.py
[2026-05-22T15:20:35.453+0000] {logging_mixin.py:188} INFO - [2026-05-22T15:20:35.453+0000] {dag.py:3036} INFO - Sync 1 DAGs
[2026-05-22T15:20:35.467+0000] {logging_mixin.py:188} INFO - [2026-05-22T15:20:35.467+0000] {dag.py:3823} INFO - Setting next_dagrun for warehouse_pipeline to None, run_after=None
[2026-05-22T15:20:35.486+0000] {processor.py:183} INFO - Processing /opt/airflow/dags/warehouse_pipeline.py took 0.105 seconds
[2026-05-22T15:21:05.863+0000] {processor.py:161} INFO - Started process (PID=267) to work on /opt/airflow/dags/warehouse_pipeline.py
[2026-05-22T15:21:05.866+0000] {processor.py:830} INFO - Processing file /opt/airflow/dags/warehouse_pipeline.py for tasks to queue
[2026-05-22T15:21:05.868+0000] {logging_mixin.py:188} INFO - [2026-05-22T15:21:05.867+0000] {dagbag.py:538} INFO - Filling up the DagBag from /opt/airflow/dags/warehouse_pipeline.py
[2026-05-22T15:21:05.885+0000] {processor.py:840} INFO - DAG(s) 'warehouse_pipeline' retrieved from /opt/airflow/dags/warehouse_pipeline.py
[2026-05-22T15:21:05.909+0000] {logging_mixin.py:188} INFO - [2026-05-22T15:21:05.909+0000] {dag.py:3036} INFO - Sync 1 DAGs
[2026-05-22T15:21:05.917+0000] {logging_mixin.py:188} INFO - [2026-05-22T15:21:05.917+0000] {dag.py:3823} INFO - Setting next_dagrun for warehouse_pipeline to None, run_after=None
[2026-05-22T15:21:05.932+0000] {processor.py:183} INFO - Processing /opt/airflow/dags/warehouse_pipeline.py took 0.073 seconds
[2026-05-22T15:21:36.273+0000] {processor.py:161} INFO - Started process (PID=277) to work on /opt/airflow/dags/warehouse_pipeline.py
[2026-05-22T15:21:36.275+0000] {processor.py:830} INFO - Processing file /opt/airflow/dags/warehouse_pipeline.py for tasks to queue
[2026-05-22T15:21:36.277+0000] {logging_mixin.py:188} INFO - [2026-05-22T15:21:36.277+0000] {dagbag.py:538} INFO - Filling up the DagBag from /opt/airflow/dags/warehouse_pipeline.py
[2026-05-22T15:21:36.292+0000] {processor.py:840} INFO - DAG(s) 'warehouse_pipeline' retrieved from /opt/airflow/dags/warehouse_pipeline.py
[2026-05-22T15:21:36.316+0000] {logging_mixin.py:188} INFO - [2026-05-22T15:21:36.316+0000] {dag.py:3036} INFO - Sync 1 DAGs
[2026-05-22T15:21:36.325+0000] {logging_mixin.py:188} INFO - [2026-05-22T15:21:36.325+0000] {dag.py:3823} INFO - Setting next_dagrun for warehouse_pipeline to None, run_after=None
[2026-05-22T15:21:36.338+0000] {processor.py:183} INFO - Processing /opt/airflow/dags/warehouse_pipeline.py took 0.070 seconds
[2026-05-22T15:22:06.648+0000] {processor.py:161} INFO - Started process (PID=299) to work on /opt/airflow/dags/warehouse_pipeline.py
[2026-05-22T15:22:06.651+0000] {processor.py:830} INFO - Processing file /opt/airflow/dags/warehouse_pipeline.py for tasks to queue
[2026-05-22T15:22:06.652+0000] {logging_mixin.py:188} INFO - [2026-05-22T15:22:06.652+0000] {dagbag.py:538} INFO - Filling up the DagBag from /opt/airflow/dags/warehouse_pipeline.py
[2026-05-22T15:22:06.668+0000] {processor.py:840} INFO - DAG(s) 'warehouse_pipeline' retrieved from /opt/airflow/dags/warehouse_pipeline.py
[2026-05-22T15:22:06.692+0000] {logging_mixin.py:188} INFO - [2026-05-22T15:22:06.692+0000] {dag.py:3036} INFO - Sync 1 DAGs
[2026-05-22T15:22:06.702+0000] {logging_mixin.py:188} INFO - [2026-05-22T15:22:06.702+0000] {dag.py:3823} INFO - Setting next_dagrun for warehouse_pipeline to None, run_after=None
[2026-05-22T15:22:06.718+0000] {processor.py:183} INFO - Processing /opt/airflow/dags/warehouse_pipeline.py took 0.076 seconds
[2026-05-22T15:22:37.085+0000] {processor.py:161} INFO - Started process (PID=309) to work on /opt/airflow/dags/warehouse_pipeline.py
[2026-05-22T15:22:37.088+0000] {processor.py:830} INFO - Processing file /opt/airflow/dags/warehouse_pipeline.py for tasks to queue
[2026-05-22T15:22:37.090+0000] {logging_mixin.py:188} INFO - [2026-05-22T15:22:37.090+0000] {dagbag.py:538} INFO - Filling up the DagBag from /opt/airflow/dags/warehouse_pipeline.py
[2026-05-22T15:22:37.109+0000] {processor.py:840} INFO - DAG(s) 'warehouse_pipeline' retrieved from /opt/airflow/dags/warehouse_pipeline.py
[2026-05-22T15:22:37.145+0000] {logging_mixin.py:188} INFO - [2026-05-22T15:22:37.145+0000] {dag.py:3036} INFO - Sync 1 DAGs
[2026-05-22T15:22:37.155+0000] {logging_mixin.py:188} INFO - [2026-05-22T15:22:37.155+0000] {dag.py:3823} INFO - Setting next_dagrun for warehouse_pipeline to None, run_after=None
[2026-05-22T15:22:37.171+0000] {processor.py:183} INFO - Processing /opt/airflow/dags/warehouse_pipeline.py took 0.095 seconds
[2026-05-22T15:23:07.440+0000] {processor.py:161} INFO - Started process (PID=319) to work on /opt/airflow/dags/warehouse_pipeline.py
[2026-05-22T15:23:07.442+0000] {processor.py:830} INFO - Processing file /opt/airflow/dags/warehouse_pipeline.py for tasks to queue
[2026-05-22T15:23:07.444+0000] {logging_mixin.py:188} INFO - [2026-05-22T15:23:07.443+0000] {dagbag.py:538} INFO - Filling up the DagBag from /opt/airflow/dags/warehouse_pipeline.py
[2026-05-22T15:23:07.458+0000] {processor.py:840} INFO - DAG(s) 'warehouse_pipeline' retrieved from /opt/airflow/dags/warehouse_pipeline.py
[2026-05-22T15:23:07.482+0000] {logging_mixin.py:188} INFO - [2026-05-22T15:23:07.481+0000] {dag.py:3036} INFO - Sync 1 DAGs
[2026-05-22T15:23:07.491+0000] {logging_mixin.py:188} INFO - [2026-05-22T15:23:07.491+0000] {dag.py:3823} INFO - Setting next_dagrun for warehouse_pipeline to None, run_after=None
[2026-05-22T15:23:07.505+0000] {processor.py:183} INFO - Processing /opt/airflow/dags/warehouse_pipeline.py took 0.073 seconds
[2026-05-22T15:23:37.870+0000] {processor.py:161} INFO - Started process (PID=329) to work on /opt/airflow/dags/warehouse_pipeline.py
[2026-05-22T15:23:37.874+0000] {processor.py:830} INFO - Processing file /opt/airflow/dags/warehouse_pipeline.py for tasks to queue
[2026-05-22T15:23:37.875+0000] {logging_mixin.py:188} INFO - [2026-05-22T15:23:37.875+0000] {dagbag.py:538} INFO - Filling up the DagBag from /opt/airflow/dags/warehouse_pipeline.py
[2026-05-22T15:23:37.889+0000] {processor.py:840} INFO - DAG(s) 'warehouse_pipeline' retrieved from /opt/airflow/dags/warehouse_pipeline.py
[2026-05-22T15:23:37.927+0000] {logging_mixin.py:188} INFO - [2026-05-22T15:23:37.927+0000] {dag.py:3036} INFO - Sync 1 DAGs
[2026-05-22T15:23:37.936+0000] {logging_mixin.py:188} INFO - [2026-05-22T15:23:37.936+0000] {dag.py:3823} INFO - Setting next_dagrun for warehouse_pipeline to None, run_after=None
[2026-05-22T15:23:37.951+0000] {processor.py:183} INFO - Processing /opt/airflow/dags/warehouse_pipeline.py took 0.087 seconds
[2026-05-22T15:24:08.339+0000] {processor.py:161} INFO - Started process (PID=339) to work on /opt/airflow/dags/warehouse_pipeline.py
[2026-05-22T15:24:08.342+0000] {processor.py:830} INFO - Processing file /opt/airflow/dags/warehouse_pipeline.py for tasks to queue
[2026-05-22T15:24:08.343+0000] {logging_mixin.py:188} INFO - [2026-05-22T15:24:08.343+0000] {dagbag.py:538} INFO - Filling up the DagBag from /opt/airflow/dags/warehouse_pipeline.py
[2026-05-22T15:24:08.355+0000] {processor.py:840} INFO - DAG(s) 'warehouse_pipeline' retrieved from /opt/airflow/dags/warehouse_pipeline.py
[2026-05-22T15:24:08.374+0000] {logging_mixin.py:188} INFO - [2026-05-22T15:24:08.374+0000] {dag.py:3036} INFO - Sync 1 DAGs
[2026-05-22T15:24:08.384+0000] {logging_mixin.py:188} INFO - [2026-05-22T15:24:08.384+0000] {dag.py:3823} INFO - Setting next_dagrun for warehouse_pipeline to None, run_after=None
[2026-05-22T15:24:08.398+0000] {processor.py:183} INFO - Processing /opt/airflow/dags/warehouse_pipeline.py took 0.064 seconds
[2026-05-22T15:24:38.658+0000] {processor.py:161} INFO - Started process (PID=365) to work on /opt/airflow/dags/warehouse_pipeline.py
[2026-05-22T15:24:38.663+0000] {processor.py:830} INFO - Processing file /opt/airflow/dags/warehouse_pipeline.py for tasks to queue
[2026-05-22T15:24:38.664+0000] {logging_mixin.py:188} INFO - [2026-05-22T15:24:38.663+0000] {dagbag.py:538} INFO - Filling up the DagBag from /opt/airflow/dags/warehouse_pipeline.py
[2026-05-22T15:24:38.675+0000] {processor.py:840} INFO - DAG(s) 'warehouse_pipeline' retrieved from /opt/airflow/dags/warehouse_pipeline.py
[2026-05-22T15:24:38.697+0000] {logging_mixin.py:188} INFO - [2026-05-22T15:24:38.697+0000] {dag.py:3036} INFO - Sync 1 DAGs
[2026-05-22T15:24:38.705+0000] {logging_mixin.py:188} INFO - [2026-05-22T15:24:38.704+0000] {dag.py:3823} INFO - Setting next_dagrun for warehouse_pipeline to None, run_after=None
[2026-05-22T15:24:38.716+0000] {processor.py:183} INFO - Processing /opt/airflow/dags/warehouse_pipeline.py took 0.065 seconds
[2026-05-22T15:25:09.045+0000] {processor.py:161} INFO - Started process (PID=375) to work on /opt/airflow/dags/warehouse_pipeline.py
[2026-05-22T15:25:09.052+0000] {processor.py:830} INFO - Processing file /opt/airflow/dags/warehouse_pipeline.py for tasks to queue
[2026-05-22T15:25:09.054+0000] {logging_mixin.py:188} INFO - [2026-05-22T15:25:09.053+0000] {dagbag.py:538} INFO - Filling up the DagBag from /opt/airflow/dags/warehouse_pipeline.py
[2026-05-22T15:25:09.077+0000] {processor.py:840} INFO - DAG(s) 'warehouse_pipeline' retrieved from /opt/airflow/dags/warehouse_pipeline.py
[2026-05-22T15:25:09.119+0000] {logging_mixin.py:188} INFO - [2026-05-22T15:25:09.118+0000] {dag.py:3036} INFO - Sync 1 DAGs
[2026-05-22T15:25:09.128+0000] {logging_mixin.py:188} INFO - [2026-05-22T15:25:09.128+0000] {dag.py:3823} INFO - Setting next_dagrun for warehouse_pipeline to None, run_after=None
[2026-05-22T15:25:09.144+0000] {processor.py:183} INFO - Processing /opt/airflow/dags/warehouse_pipeline.py took 0.118 seconds
[2026-05-22T15:25:39.532+0000] {processor.py:161} INFO - Started process (PID=385) to work on /opt/airflow/dags/warehouse_pipeline.py
[2026-05-22T15:25:39.540+0000] {processor.py:830} INFO - Processing file /opt/airflow/dags/warehouse_pipeline.py for tasks to queue
[2026-05-22T15:25:39.545+0000] {logging_mixin.py:188} INFO - [2026-05-22T15:25:39.544+0000] {dagbag.py:538} INFO - Filling up the DagBag from /opt/airflow/dags/warehouse_pipeline.py
[2026-05-22T15:25:39.573+0000] {processor.py:840} INFO - DAG(s) 'warehouse_pipeline' retrieved from /opt/airflow/dags/warehouse_pipeline.py
[2026-05-22T15:25:39.599+0000] {logging_mixin.py:188} INFO - [2026-05-22T15:25:39.599+0000] {dag.py:3036} INFO - Sync 1 DAGs
[2026-05-22T15:25:39.608+0000] {logging_mixin.py:188} INFO - [2026-05-22T15:25:39.608+0000] {dag.py:3823} INFO - Setting next_dagrun for warehouse_pipeline to None, run_after=None
[2026-05-22T15:25:39.624+0000] {processor.py:183} INFO - Processing /opt/airflow/dags/warehouse_pipeline.py took 0.096 seconds
[2026-05-22T15:26:10.040+0000] {processor.py:161} INFO - Started process (PID=395) to work on /opt/airflow/dags/warehouse_pipeline.py
[2026-05-22T15:26:10.044+0000] {processor.py:830} INFO - Processing file /opt/airflow/dags/warehouse_pipeline.py for tasks to queue
[2026-05-22T15:26:10.045+0000] {logging_mixin.py:188} INFO - [2026-05-22T15:26:10.044+0000] {dagbag.py:538} INFO - Filling up the DagBag from /opt/airflow/dags/warehouse_pipeline.py
[2026-05-22T15:26:10.062+0000] {processor.py:840} INFO - DAG(s) 'warehouse_pipeline' retrieved from /opt/airflow/dags/warehouse_pipeline.py
[2026-05-22T15:26:10.091+0000] {logging_mixin.py:188} INFO - [2026-05-22T15:26:10.091+0000] {dag.py:3036} INFO - Sync 1 DAGs
[2026-05-22T15:26:10.105+0000] {logging_mixin.py:188} INFO - [2026-05-22T15:26:10.105+0000] {dag.py:3823} INFO - Setting next_dagrun for warehouse_pipeline to None, run_after=None
[2026-05-22T15:26:10.127+0000] {processor.py:183} INFO - Processing /opt/airflow/dags/warehouse_pipeline.py took 0.108 seconds
[2026-05-22T15:26:38.762+0000] {processor.py:161} INFO - Started process (PID=167) to work on /opt/airflow/dags/warehouse_pipeline.py
[2026-05-22T15:26:38.764+0000] {processor.py:830} INFO - Processing file /opt/airflow/dags/warehouse_pipeline.py for tasks to queue
[2026-05-22T15:26:38.765+0000] {logging_mixin.py:188} INFO - [2026-05-22T15:26:38.765+0000] {dagbag.py:538} INFO - Filling up the DagBag from /opt/airflow/dags/warehouse_pipeline.py
[2026-05-22T15:26:38.775+0000] {processor.py:840} INFO - DAG(s) 'warehouse_pipeline' retrieved from /opt/airflow/dags/warehouse_pipeline.py
[2026-05-22T15:26:38.806+0000] {logging_mixin.py:188} INFO - [2026-05-22T15:26:38.806+0000] {dag.py:3036} INFO - Sync 1 DAGs
[2026-05-22T15:26:38.814+0000] {logging_mixin.py:188} INFO - [2026-05-22T15:26:38.814+0000] {dag.py:3823} INFO - Setting next_dagrun for warehouse_pipeline to None, run_after=None
[2026-05-22T15:26:38.828+0000] {processor.py:183} INFO - Processing /opt/airflow/dags/warehouse_pipeline.py took 0.069 seconds
[2026-05-22T15:27:09.200+0000] {processor.py:161} INFO - Started process (PID=177) to work on /opt/airflow/dags/warehouse_pipeline.py
[2026-05-22T15:27:09.203+0000] {processor.py:830} INFO - Processing file /opt/airflow/dags/warehouse_pipeline.py for tasks to queue
[2026-05-22T15:27:09.205+0000] {logging_mixin.py:188} INFO - [2026-05-22T15:27:09.205+0000] {dagbag.py:538} INFO - Filling up the DagBag from /opt/airflow/dags/warehouse_pipeline.py
[2026-05-22T15:27:09.234+0000] {processor.py:840} INFO - DAG(s) 'warehouse_pipeline' retrieved from /opt/airflow/dags/warehouse_pipeline.py
[2026-05-22T15:27:09.258+0000] {logging_mixin.py:188} INFO - [2026-05-22T15:27:09.258+0000] {dag.py:3036} INFO - Sync 1 DAGs
[2026-05-22T15:27:09.266+0000] {logging_mixin.py:188} INFO - [2026-05-22T15:27:09.266+0000] {dag.py:3823} INFO - Setting next_dagrun for warehouse_pipeline to None, run_after=None
[2026-05-22T15:27:09.283+0000] {processor.py:183} INFO - Processing /opt/airflow/dags/warehouse_pipeline.py took 0.089 seconds
[2026-05-22T15:27:39.627+0000] {processor.py:161} INFO - Started process (PID=203) to work on /opt/airflow/dags/warehouse_pipeline.py
[2026-05-22T15:27:39.630+0000] {processor.py:830} INFO - Processing file /opt/airflow/dags/warehouse_pipeline.py for tasks to queue
[2026-05-22T15:27:39.632+0000] {logging_mixin.py:188} INFO - [2026-05-22T15:27:39.632+0000] {dagbag.py:538} INFO - Filling up the DagBag from /opt/airflow/dags/warehouse_pipeline.py
[2026-05-22T15:27:39.673+0000] {processor.py:840} INFO - DAG(s) 'warehouse_pipeline' retrieved from /opt/airflow/dags/warehouse_pipeline.py
[2026-05-22T15:27:39.764+0000] {logging_mixin.py:188} INFO - [2026-05-22T15:27:39.764+0000] {dag.py:3036} INFO - Sync 1 DAGs
[2026-05-22T15:27:39.797+0000] {logging_mixin.py:188} INFO - [2026-05-22T15:27:39.797+0000] {dag.py:3823} INFO - Setting next_dagrun for warehouse_pipeline to None, run_after=None
[2026-05-22T15:27:39.814+0000] {processor.py:183} INFO - Processing /opt/airflow/dags/warehouse_pipeline.py took 0.193 seconds
[2026-05-22T15:28:09.977+0000] {processor.py:161} INFO - Started process (PID=213) to work on /opt/airflow/dags/warehouse_pipeline.py
[2026-05-22T15:28:09.984+0000] {processor.py:830} INFO - Processing file /opt/airflow/dags/warehouse_pipeline.py for tasks to queue
[2026-05-22T15:28:09.985+0000] {logging_mixin.py:188} INFO - [2026-05-22T15:28:09.985+0000] {dagbag.py:538} INFO - Filling up the DagBag from /opt/airflow/dags/warehouse_pipeline.py
[2026-05-22T15:28:10.020+0000] {processor.py:840} INFO - DAG(s) 'warehouse_pipeline' retrieved from /opt/airflow/dags/warehouse_pipeline.py
[2026-05-22T15:28:10.047+0000] {logging_mixin.py:188} INFO - [2026-05-22T15:28:10.046+0000] {dag.py:3036} INFO - Sync 1 DAGs
[2026-05-22T15:28:10.058+0000] {logging_mixin.py:188} INFO - [2026-05-22T15:28:10.057+0000] {dag.py:3823} INFO - Setting next_dagrun for warehouse_pipeline to None, run_after=None
[2026-05-22T15:28:10.072+0000] {processor.py:183} INFO - Processing /opt/airflow/dags/warehouse_pipeline.py took 0.102 seconds
[2026-05-22T15:28:40.446+0000] {processor.py:161} INFO - Started process (PID=223) to work on /opt/airflow/dags/warehouse_pipeline.py
[2026-05-22T15:28:40.448+0000] {processor.py:830} INFO - Processing file /opt/airflow/dags/warehouse_pipeline.py for tasks to queue
[2026-05-22T15:28:40.449+0000] {logging_mixin.py:188} INFO - [2026-05-22T15:28:40.449+0000] {dagbag.py:538} INFO - Filling up the DagBag from /opt/airflow/dags/warehouse_pipeline.py
[2026-05-22T15:28:40.461+0000] {processor.py:840} INFO - DAG(s) 'warehouse_pipeline' retrieved from /opt/airflow/dags/warehouse_pipeline.py
[2026-05-22T15:28:40.483+0000] {logging_mixin.py:188} INFO - [2026-05-22T15:28:40.482+0000] {dag.py:3036} INFO - Sync 1 DAGs
[2026-05-22T15:28:40.489+0000] {logging_mixin.py:188} INFO - [2026-05-22T15:28:40.489+0000] {dag.py:3823} INFO - Setting next_dagrun for warehouse_pipeline to None, run_after=None
[2026-05-22T15:28:40.503+0000] {processor.py:183} INFO - Processing /opt/airflow/dags/warehouse_pipeline.py took 0.063 seconds
[2026-05-22T15:29:10.829+0000] {processor.py:161} INFO - Started process (PID=233) to work on /opt/airflow/dags/warehouse_pipeline.py
[2026-05-22T15:29:10.833+0000] {processor.py:830} INFO - Processing file /opt/airflow/dags/warehouse_pipeline.py for tasks to queue
[2026-05-22T15:29:10.835+0000] {logging_mixin.py:188} INFO - [2026-05-22T15:29:10.835+0000] {dagbag.py:538} INFO - Filling up the DagBag from /opt/airflow/dags/warehouse_pipeline.py
[2026-05-22T15:29:10.855+0000] {processor.py:840} INFO - DAG(s) 'warehouse_pipeline' retrieved from /opt/airflow/dags/warehouse_pipeline.py
[2026-05-22T15:29:10.893+0000] {logging_mixin.py:188} INFO - [2026-05-22T15:29:10.893+0000] {dag.py:3036} INFO - Sync 1 DAGs
[2026-05-22T15:29:10.903+0000] {logging_mixin.py:188} INFO - [2026-05-22T15:29:10.903+0000] {dag.py:3823} INFO - Setting next_dagrun for warehouse_pipeline to None, run_after=None
[2026-05-22T15:29:10.920+0000] {processor.py:183} INFO - Processing /opt/airflow/dags/warehouse_pipeline.py took 0.097 seconds
[2026-05-22T15:29:41.165+0000] {processor.py:161} INFO - Started process (PID=243) to work on /opt/airflow/dags/warehouse_pipeline.py
[2026-05-22T15:29:41.167+0000] {processor.py:830} INFO - Processing file /opt/airflow/dags/warehouse_pipeline.py for tasks to queue
[2026-05-22T15:29:41.168+0000] {logging_mixin.py:188} INFO - [2026-05-22T15:29:41.167+0000] {dagbag.py:538} INFO - Filling up the DagBag from /opt/airflow/dags/warehouse_pipeline.py
[2026-05-22T15:29:41.181+0000] {processor.py:840} INFO - DAG(s) 'warehouse_pipeline' retrieved from /opt/airflow/dags/warehouse_pipeline.py
[2026-05-22T15:29:41.200+0000] {logging_mixin.py:188} INFO - [2026-05-22T15:29:41.200+0000] {dag.py:3036} INFO - Sync 1 DAGs
[2026-05-22T15:29:41.208+0000] {logging_mixin.py:188} INFO - [2026-05-22T15:29:41.207+0000] {dag.py:3823} INFO - Setting next_dagrun for warehouse_pipeline to None, run_after=None
[2026-05-22T15:29:41.222+0000] {processor.py:183} INFO - Processing /opt/airflow/dags/warehouse_pipeline.py took 0.062 seconds
[2026-05-22T15:30:11.596+0000] {processor.py:161} INFO - Started process (PID=253) to work on /opt/airflow/dags/warehouse_pipeline.py
[2026-05-22T15:30:11.599+0000] {processor.py:830} INFO - Processing file /opt/airflow/dags/warehouse_pipeline.py for tasks to queue
[2026-05-22T15:30:11.600+0000] {logging_mixin.py:188} INFO - [2026-05-22T15:30:11.600+0000] {dagbag.py:538} INFO - Filling up the DagBag from /opt/airflow/dags/warehouse_pipeline.py
[2026-05-22T15:30:11.611+0000] {processor.py:840} INFO - DAG(s) 'warehouse_pipeline' retrieved from /opt/airflow/dags/warehouse_pipeline.py
[2026-05-22T15:30:11.634+0000] {logging_mixin.py:188} INFO - [2026-05-22T15:30:11.633+0000] {dag.py:3036} INFO - Sync 1 DAGs
[2026-05-22T15:30:11.641+0000] {logging_mixin.py:188} INFO - [2026-05-22T15:30:11.641+0000] {dag.py:3823} INFO - Setting next_dagrun for warehouse_pipeline to None, run_after=None
[2026-05-22T15:30:11.655+0000] {processor.py:183} INFO - Processing /opt/airflow/dags/warehouse_pipeline.py took 0.064 seconds
[2026-05-22T15:30:42.034+0000] {processor.py:161} INFO - Started process (PID=263) to work on /opt/airflow/dags/warehouse_pipeline.py
[2026-05-22T15:30:42.037+0000] {processor.py:830} INFO - Processing file /opt/airflow/dags/warehouse_pipeline.py for tasks to queue
[2026-05-22T15:30:42.038+0000] {logging_mixin.py:188} INFO - [2026-05-22T15:30:42.038+0000] {dagbag.py:538} INFO - Filling up the DagBag from /opt/airflow/dags/warehouse_pipeline.py
[2026-05-22T15:30:42.056+0000] {processor.py:840} INFO - DAG(s) 'warehouse_pipeline' retrieved from /opt/airflow/dags/warehouse_pipeline.py
[2026-05-22T15:30:42.081+0000] {logging_mixin.py:188} INFO - [2026-05-22T15:30:42.081+0000] {dag.py:3036} INFO - Sync 1 DAGs
[2026-05-22T15:30:42.091+0000] {logging_mixin.py:188} INFO - [2026-05-22T15:30:42.091+0000] {dag.py:3823} INFO - Setting next_dagrun for warehouse_pipeline to None, run_after=None
[2026-05-22T15:30:42.103+0000] {processor.py:183} INFO - Processing /opt/airflow/dags/warehouse_pipeline.py took 0.082 seconds
[2026-05-22T15:31:12.447+0000] {processor.py:161} INFO - Started process (PID=273) to work on /opt/airflow/dags/warehouse_pipeline.py
[2026-05-22T15:31:12.452+0000] {processor.py:830} INFO - Processing file /opt/airflow/dags/warehouse_pipeline.py for tasks to queue
[2026-05-22T15:31:12.453+0000] {logging_mixin.py:188} INFO - [2026-05-22T15:31:12.453+0000] {dagbag.py:538} INFO - Filling up the DagBag from /opt/airflow/dags/warehouse_pipeline.py
[2026-05-22T15:31:12.474+0000] {processor.py:840} INFO - DAG(s) 'warehouse_pipeline' retrieved from /opt/airflow/dags/warehouse_pipeline.py
[2026-05-22T15:31:12.516+0000] {logging_mixin.py:188} INFO - [2026-05-22T15:31:12.516+0000] {dag.py:3036} INFO - Sync 1 DAGs
[2026-05-22T15:31:12.525+0000] {logging_mixin.py:188} INFO - [2026-05-22T15:31:12.525+0000] {dag.py:3823} INFO - Setting next_dagrun for warehouse_pipeline to None, run_after=None
[2026-05-22T15:31:12.540+0000] {processor.py:183} INFO - Processing /opt/airflow/dags/warehouse_pipeline.py took 0.100 seconds
[2026-05-22T15:31:42.801+0000] {processor.py:161} INFO - Started process (PID=283) to work on /opt/airflow/dags/warehouse_pipeline.py
[2026-05-22T15:31:42.807+0000] {processor.py:830} INFO - Processing file /opt/airflow/dags/warehouse_pipeline.py for tasks to queue
[2026-05-22T15:31:42.808+0000] {logging_mixin.py:188} INFO - [2026-05-22T15:31:42.807+0000] {dagbag.py:538} INFO - Filling up the DagBag from /opt/airflow/dags/warehouse_pipeline.py
[2026-05-22T15:31:42.825+0000] {processor.py:840} INFO - DAG(s) 'warehouse_pipeline' retrieved from /opt/airflow/dags/warehouse_pipeline.py
[2026-05-22T15:31:42.853+0000] {logging_mixin.py:188} INFO - [2026-05-22T15:31:42.852+0000] {dag.py:3036} INFO - Sync 1 DAGs
[2026-05-22T15:31:42.861+0000] {logging_mixin.py:188} INFO - [2026-05-22T15:31:42.861+0000] {dag.py:3823} INFO - Setting next_dagrun for warehouse_pipeline to None, run_after=None
[2026-05-22T15:31:42.883+0000] {processor.py:183} INFO - Processing /opt/airflow/dags/warehouse_pipeline.py took 0.094 seconds
[2026-05-22T15:32:13.254+0000] {processor.py:161} INFO - Started process (PID=293) to work on /opt/airflow/dags/warehouse_pipeline.py
[2026-05-22T15:32:13.259+0000] {processor.py:830} INFO - Processing file /opt/airflow/dags/warehouse_pipeline.py for tasks to queue
[2026-05-22T15:32:13.260+0000] {logging_mixin.py:188} INFO - [2026-05-22T15:32:13.259+0000] {dagbag.py:538} INFO - Filling up the DagBag from /opt/airflow/dags/warehouse_pipeline.py
[2026-05-22T15:32:13.276+0000] {processor.py:840} INFO - DAG(s) 'warehouse_pipeline' retrieved from /opt/airflow/dags/warehouse_pipeline.py
[2026-05-22T15:32:13.305+0000] {logging_mixin.py:188} INFO - [2026-05-22T15:32:13.305+0000] {dag.py:3036} INFO - Sync 1 DAGs
[2026-05-22T15:32:13.317+0000] {logging_mixin.py:188} INFO - [2026-05-22T15:32:13.317+0000] {dag.py:3823} INFO - Setting next_dagrun for warehouse_pipeline to None, run_after=None
[2026-05-22T15:32:13.330+0000] {processor.py:183} INFO - Processing /opt/airflow/dags/warehouse_pipeline.py took 0.085 seconds
[2026-05-22T15:32:28.543+0000] {processor.py:161} INFO - Started process (PID=303) to work on /opt/airflow/dags/warehouse_pipeline.py
[2026-05-22T15:32:28.545+0000] {processor.py:830} INFO - Processing file /opt/airflow/dags/warehouse_pipeline.py for tasks to queue
[2026-05-22T15:32:28.546+0000] {logging_mixin.py:188} INFO - [2026-05-22T15:32:28.546+0000] {dagbag.py:538} INFO - Filling up the DagBag from /opt/airflow/dags/warehouse_pipeline.py
[2026-05-22T15:32:28.551+0000] {logging_mixin.py:188} INFO - [2026-05-22T15:32:28.550+0000] {dagbag.py:348} ERROR - Failed to import: /opt/airflow/dags/warehouse_pipeline.py
Traceback (most recent call last):
  File "/home/airflow/.local/lib/python3.8/site-packages/airflow/models/dagbag.py", line 344, in parse
    loader.exec_module(new_module)
  File "<frozen importlib._bootstrap_external>", line 839, in exec_module
  File "<frozen importlib._bootstrap_external>", line 976, in get_code
  File "<frozen importlib._bootstrap_external>", line 906, in source_to_code
  File "<frozen importlib._bootstrap>", line 219, in _call_with_frames_removed
  File "/opt/airflow/dags/warehouse_pipeline.py", line 32
    cd /opt/airflow/dbt/ecommerce_warehouse && \
    ^
SyntaxError: invalid syntax
[2026-05-22T15:32:28.551+0000] {processor.py:842} WARNING - No viable dags retrieved from /opt/airflow/dags/warehouse_pipeline.py
[2026-05-22T15:32:28.571+0000] {processor.py:183} INFO - Processing /opt/airflow/dags/warehouse_pipeline.py took 0.032 seconds
[2026-05-22T15:32:58.958+0000] {processor.py:161} INFO - Started process (PID=313) to work on /opt/airflow/dags/warehouse_pipeline.py
[2026-05-22T15:32:58.965+0000] {processor.py:830} INFO - Processing file /opt/airflow/dags/warehouse_pipeline.py for tasks to queue
[2026-05-22T15:32:58.966+0000] {logging_mixin.py:188} INFO - [2026-05-22T15:32:58.966+0000] {dagbag.py:538} INFO - Filling up the DagBag from /opt/airflow/dags/warehouse_pipeline.py
[2026-05-22T15:32:58.971+0000] {logging_mixin.py:188} INFO - [2026-05-22T15:32:58.970+0000] {dagbag.py:348} ERROR - Failed to import: /opt/airflow/dags/warehouse_pipeline.py
Traceback (most recent call last):
  File "/home/airflow/.local/lib/python3.8/site-packages/airflow/models/dagbag.py", line 344, in parse
    loader.exec_module(new_module)
  File "<frozen importlib._bootstrap_external>", line 839, in exec_module
  File "<frozen importlib._bootstrap_external>", line 976, in get_code
  File "<frozen importlib._bootstrap_external>", line 906, in source_to_code
  File "<frozen importlib._bootstrap>", line 219, in _call_with_frames_removed
  File "/opt/airflow/dags/warehouse_pipeline.py", line 32
    cd /opt/airflow/dbt/ecommerce_warehouse && \
    ^
SyntaxError: invalid syntax
[2026-05-22T15:32:58.971+0000] {processor.py:842} WARNING - No viable dags retrieved from /opt/airflow/dags/warehouse_pipeline.py
[2026-05-22T15:32:58.989+0000] {processor.py:183} INFO - Processing /opt/airflow/dags/warehouse_pipeline.py took 0.035 seconds
[2026-05-22T15:33:29.312+0000] {processor.py:161} INFO - Started process (PID=323) to work on /opt/airflow/dags/warehouse_pipeline.py
[2026-05-22T15:33:29.314+0000] {processor.py:830} INFO - Processing file /opt/airflow/dags/warehouse_pipeline.py for tasks to queue
[2026-05-22T15:33:29.315+0000] {logging_mixin.py:188} INFO - [2026-05-22T15:33:29.314+0000] {dagbag.py:538} INFO - Filling up the DagBag from /opt/airflow/dags/warehouse_pipeline.py
[2026-05-22T15:33:29.318+0000] {logging_mixin.py:188} INFO - [2026-05-22T15:33:29.317+0000] {dagbag.py:348} ERROR - Failed to import: /opt/airflow/dags/warehouse_pipeline.py
Traceback (most recent call last):
  File "/home/airflow/.local/lib/python3.8/site-packages/airflow/models/dagbag.py", line 344, in parse
    loader.exec_module(new_module)
  File "<frozen importlib._bootstrap_external>", line 839, in exec_module
  File "<frozen importlib._bootstrap_external>", line 976, in get_code
  File "<frozen importlib._bootstrap_external>", line 906, in source_to_code
  File "<frozen importlib._bootstrap>", line 219, in _call_with_frames_removed
  File "/opt/airflow/dags/warehouse_pipeline.py", line 32
    cd /opt/airflow/dbt/ecommerce_warehouse && \
    ^
SyntaxError: invalid syntax
[2026-05-22T15:33:29.318+0000] {processor.py:842} WARNING - No viable dags retrieved from /opt/airflow/dags/warehouse_pipeline.py
[2026-05-22T15:33:29.334+0000] {processor.py:183} INFO - Processing /opt/airflow/dags/warehouse_pipeline.py took 0.027 seconds
[2026-05-22T15:33:48.596+0000] {processor.py:161} INFO - Started process (PID=333) to work on /opt/airflow/dags/warehouse_pipeline.py
[2026-05-22T15:33:48.600+0000] {processor.py:830} INFO - Processing file /opt/airflow/dags/warehouse_pipeline.py for tasks to queue
[2026-05-22T15:33:48.601+0000] {logging_mixin.py:188} INFO - [2026-05-22T15:33:48.601+0000] {dagbag.py:538} INFO - Filling up the DagBag from /opt/airflow/dags/warehouse_pipeline.py
[2026-05-22T15:33:48.605+0000] {logging_mixin.py:188} INFO - [2026-05-22T15:33:48.604+0000] {dagbag.py:348} ERROR - Failed to import: /opt/airflow/dags/warehouse_pipeline.py
Traceback (most recent call last):
  File "/home/airflow/.local/lib/python3.8/site-packages/airflow/models/dagbag.py", line 344, in parse
    loader.exec_module(new_module)
  File "<frozen importlib._bootstrap_external>", line 839, in exec_module
  File "<frozen importlib._bootstrap_external>", line 976, in get_code
  File "<frozen importlib._bootstrap_external>", line 906, in source_to_code
  File "<frozen importlib._bootstrap>", line 219, in _call_with_frames_removed
  File "/opt/airflow/dags/warehouse_pipeline.py", line 34
    bash_command=""" 
        bash_command='cd /opt/airflow/dbt/ecommerce_warehouse && /home/airflow/.local/bin/dbt run --profiles-dir /opt/airflow/dbt_profiles',
        dag=dag
    ) 

    run_dbt_tests = BashOperator( 
        task_id="run_dbt_tests", 
        bash_command="cd /opt/airflow/dbt/ecommerce_warehouse && /home/airflow/.local/bin/dbt test --profiles-dir /opt/airflow/dbt_profiles"
    )

    load_raw_data >> run_dbt_models >> run_dbt_tests
                     
                                                                                                                                            
               
      

                                  
                                 
                                                                                                                                            
     

                                                   ^
SyntaxError: EOF while scanning triple-quoted string literal
[2026-05-22T15:33:48.605+0000] {processor.py:842} WARNING - No viable dags retrieved from /opt/airflow/dags/warehouse_pipeline.py
[2026-05-22T15:33:48.622+0000] {processor.py:183} INFO - Processing /opt/airflow/dags/warehouse_pipeline.py took 0.031 seconds
[2026-05-22T15:34:18.973+0000] {processor.py:161} INFO - Started process (PID=343) to work on /opt/airflow/dags/warehouse_pipeline.py
[2026-05-22T15:34:18.976+0000] {processor.py:830} INFO - Processing file /opt/airflow/dags/warehouse_pipeline.py for tasks to queue
[2026-05-22T15:34:18.977+0000] {logging_mixin.py:188} INFO - [2026-05-22T15:34:18.977+0000] {dagbag.py:538} INFO - Filling up the DagBag from /opt/airflow/dags/warehouse_pipeline.py
[2026-05-22T15:34:18.981+0000] {logging_mixin.py:188} INFO - [2026-05-22T15:34:18.980+0000] {dagbag.py:348} ERROR - Failed to import: /opt/airflow/dags/warehouse_pipeline.py
Traceback (most recent call last):
  File "/home/airflow/.local/lib/python3.8/site-packages/airflow/models/dagbag.py", line 344, in parse
    loader.exec_module(new_module)
  File "<frozen importlib._bootstrap_external>", line 839, in exec_module
  File "<frozen importlib._bootstrap_external>", line 976, in get_code
  File "<frozen importlib._bootstrap_external>", line 906, in source_to_code
  File "<frozen importlib._bootstrap>", line 219, in _call_with_frames_removed
  File "/opt/airflow/dags/warehouse_pipeline.py", line 34
    bash_command=""" 
        bash_command='cd /opt/airflow/dbt/ecommerce_warehouse && /home/airflow/.local/bin/dbt run --profiles-dir /opt/airflow/dbt_profiles',
        dag=dag
    ) 

    run_dbt_tests = BashOperator( 
        task_id="run_dbt_tests", 
        bash_command="cd /opt/airflow/dbt/ecommerce_warehouse && /home/airflow/.local/bin/dbt test --profiles-dir /opt/airflow/dbt_profiles"
    )

    load_raw_data >> run_dbt_models >> run_dbt_tests
                     
                                                                                                                                            
               
      

                                  
                                 
                                                                                                                                            
     

                                                   ^
SyntaxError: EOF while scanning triple-quoted string literal
[2026-05-22T15:34:18.981+0000] {processor.py:842} WARNING - No viable dags retrieved from /opt/airflow/dags/warehouse_pipeline.py
[2026-05-22T15:34:18.999+0000] {processor.py:183} INFO - Processing /opt/airflow/dags/warehouse_pipeline.py took 0.030 seconds
[2026-05-22T15:34:49.352+0000] {processor.py:161} INFO - Started process (PID=353) to work on /opt/airflow/dags/warehouse_pipeline.py
[2026-05-22T15:34:49.354+0000] {processor.py:830} INFO - Processing file /opt/airflow/dags/warehouse_pipeline.py for tasks to queue
[2026-05-22T15:34:49.355+0000] {logging_mixin.py:188} INFO - [2026-05-22T15:34:49.355+0000] {dagbag.py:538} INFO - Filling up the DagBag from /opt/airflow/dags/warehouse_pipeline.py
[2026-05-22T15:34:49.357+0000] {logging_mixin.py:188} INFO - [2026-05-22T15:34:49.357+0000] {dagbag.py:348} ERROR - Failed to import: /opt/airflow/dags/warehouse_pipeline.py
Traceback (most recent call last):
  File "/home/airflow/.local/lib/python3.8/site-packages/airflow/models/dagbag.py", line 344, in parse
    loader.exec_module(new_module)
  File "<frozen importlib._bootstrap_external>", line 839, in exec_module
  File "<frozen importlib._bootstrap_external>", line 976, in get_code
  File "<frozen importlib._bootstrap_external>", line 906, in source_to_code
  File "<frozen importlib._bootstrap>", line 219, in _call_with_frames_removed
  File "/opt/airflow/dags/warehouse_pipeline.py", line 34
    bash_command=""" 
        bash_command='cd /opt/airflow/dbt/ecommerce_warehouse && /home/airflow/.local/bin/dbt run --profiles-dir /opt/airflow/dbt_profiles',
        dag=dag
    ) 

    run_dbt_tests = BashOperator( 
        task_id="run_dbt_tests", 
        bash_command="cd /opt/airflow/dbt/ecommerce_warehouse && /home/airflow/.local/bin/dbt test --profiles-dir /opt/airflow/dbt_profiles"
    )

    load_raw_data >> run_dbt_models >> run_dbt_tests
                     
                                                                                                                                            
               
      

                                  
                                 
                                                                                                                                            
     

                                                   ^
SyntaxError: EOF while scanning triple-quoted string literal
[2026-05-22T15:34:49.358+0000] {processor.py:842} WARNING - No viable dags retrieved from /opt/airflow/dags/warehouse_pipeline.py
[2026-05-22T15:34:49.370+0000] {processor.py:183} INFO - Processing /opt/airflow/dags/warehouse_pipeline.py took 0.020 seconds
[2026-05-22T15:35:19.710+0000] {processor.py:161} INFO - Started process (PID=363) to work on /opt/airflow/dags/warehouse_pipeline.py
[2026-05-22T15:35:19.714+0000] {processor.py:830} INFO - Processing file /opt/airflow/dags/warehouse_pipeline.py for tasks to queue
[2026-05-22T15:35:19.715+0000] {logging_mixin.py:188} INFO - [2026-05-22T15:35:19.714+0000] {dagbag.py:538} INFO - Filling up the DagBag from /opt/airflow/dags/warehouse_pipeline.py
[2026-05-22T15:35:19.719+0000] {logging_mixin.py:188} INFO - [2026-05-22T15:35:19.718+0000] {dagbag.py:348} ERROR - Failed to import: /opt/airflow/dags/warehouse_pipeline.py
Traceback (most recent call last):
  File "/home/airflow/.local/lib/python3.8/site-packages/airflow/models/dagbag.py", line 344, in parse
    loader.exec_module(new_module)
  File "<frozen importlib._bootstrap_external>", line 839, in exec_module
  File "<frozen importlib._bootstrap_external>", line 976, in get_code
  File "<frozen importlib._bootstrap_external>", line 906, in source_to_code
  File "<frozen importlib._bootstrap>", line 219, in _call_with_frames_removed
  File "/opt/airflow/dags/warehouse_pipeline.py", line 34
    bash_command=""" 
        bash_command='cd /opt/airflow/dbt/ecommerce_warehouse && /home/airflow/.local/bin/dbt run --profiles-dir /opt/airflow/dbt_profiles',
        dag=dag
    ) 

    run_dbt_tests = BashOperator( 
        task_id="run_dbt_tests", 
        bash_command="cd /opt/airflow/dbt/ecommerce_warehouse && /home/airflow/.local/bin/dbt test --profiles-dir /opt/airflow/dbt_profiles"
    )

    load_raw_data >> run_dbt_models >> run_dbt_tests
                     
                                                                                                                                            
               
      

                                  
                                 
                                                                                                                                            
     

                                                   ^
SyntaxError: EOF while scanning triple-quoted string literal
[2026-05-22T15:35:19.719+0000] {processor.py:842} WARNING - No viable dags retrieved from /opt/airflow/dags/warehouse_pipeline.py
[2026-05-22T15:35:19.735+0000] {processor.py:183} INFO - Processing /opt/airflow/dags/warehouse_pipeline.py took 0.029 seconds
[2026-05-22T15:35:50.053+0000] {processor.py:161} INFO - Started process (PID=373) to work on /opt/airflow/dags/warehouse_pipeline.py
[2026-05-22T15:35:50.058+0000] {processor.py:830} INFO - Processing file /opt/airflow/dags/warehouse_pipeline.py for tasks to queue
[2026-05-22T15:35:50.059+0000] {logging_mixin.py:188} INFO - [2026-05-22T15:35:50.059+0000] {dagbag.py:538} INFO - Filling up the DagBag from /opt/airflow/dags/warehouse_pipeline.py
[2026-05-22T15:35:50.064+0000] {logging_mixin.py:188} INFO - [2026-05-22T15:35:50.063+0000] {dagbag.py:348} ERROR - Failed to import: /opt/airflow/dags/warehouse_pipeline.py
Traceback (most recent call last):
  File "/home/airflow/.local/lib/python3.8/site-packages/airflow/models/dagbag.py", line 344, in parse
    loader.exec_module(new_module)
  File "<frozen importlib._bootstrap_external>", line 839, in exec_module
  File "<frozen importlib._bootstrap_external>", line 976, in get_code
  File "<frozen importlib._bootstrap_external>", line 906, in source_to_code
  File "<frozen importlib._bootstrap>", line 219, in _call_with_frames_removed
  File "/opt/airflow/dags/warehouse_pipeline.py", line 34
    bash_command=""" 
        bash_command='cd /opt/airflow/dbt/ecommerce_warehouse && /home/airflow/.local/bin/dbt run --profiles-dir /opt/airflow/dbt_profiles',
        dag=dag
    ) 

    run_dbt_tests = BashOperator( 
        task_id="run_dbt_tests", 
        bash_command="cd /opt/airflow/dbt/ecommerce_warehouse && /home/airflow/.local/bin/dbt test --profiles-dir /opt/airflow/dbt_profiles"
    )

    load_raw_data >> run_dbt_models >> run_dbt_tests
                     
                                                                                                                                            
               
      

                                  
                                 
                                                                                                                                            
     

                                                   ^
SyntaxError: EOF while scanning triple-quoted string literal
[2026-05-22T15:35:50.064+0000] {processor.py:842} WARNING - No viable dags retrieved from /opt/airflow/dags/warehouse_pipeline.py
[2026-05-22T15:35:50.082+0000] {processor.py:183} INFO - Processing /opt/airflow/dags/warehouse_pipeline.py took 0.033 seconds
[2026-05-22T15:51:21.044+0000] {processor.py:161} INFO - Started process (PID=378) to work on /opt/airflow/dags/warehouse_pipeline.py
[2026-05-22T15:51:21.048+0000] {processor.py:830} INFO - Processing file /opt/airflow/dags/warehouse_pipeline.py for tasks to queue
[2026-05-22T15:51:21.050+0000] {logging_mixin.py:188} INFO - [2026-05-22T15:51:21.050+0000] {dagbag.py:538} INFO - Filling up the DagBag from /opt/airflow/dags/warehouse_pipeline.py
[2026-05-22T15:51:21.076+0000] {logging_mixin.py:188} INFO - [2026-05-22T15:51:21.076+0000] {dagbag.py:348} ERROR - Failed to import: /opt/airflow/dags/warehouse_pipeline.py
Traceback (most recent call last):
  File "/home/airflow/.local/lib/python3.8/site-packages/airflow/models/dagbag.py", line 344, in parse
    loader.exec_module(new_module)
  File "<frozen importlib._bootstrap_external>", line 839, in exec_module
  File "<frozen importlib._bootstrap_external>", line 976, in get_code
  File "<frozen importlib._bootstrap_external>", line 906, in source_to_code
  File "<frozen importlib._bootstrap>", line 219, in _call_with_frames_removed
  File "/opt/airflow/dags/warehouse_pipeline.py", line 34
    bash_command=""" 
        bash_command='cd /opt/airflow/dbt/ecommerce_warehouse && /home/airflow/.local/bin/dbt run --profiles-dir /opt/airflow/dbt_profiles',
        dag=dag
    ) 

    run_dbt_tests = BashOperator( 
        task_id="run_dbt_tests", 
        bash_command="cd /opt/airflow/dbt/ecommerce_warehouse && /home/airflow/.local/bin/dbt test --profiles-dir /opt/airflow/dbt_profiles"
    )

    load_raw_data >> run_dbt_models >> run_dbt_tests
                     
                                                                                                                                            
               
      

                                  
                                 
                                                                                                                                            
     

                                                   ^
SyntaxError: EOF while scanning triple-quoted string literal
[2026-05-22T15:51:21.078+0000] {processor.py:842} WARNING - No viable dags retrieved from /opt/airflow/dags/warehouse_pipeline.py
[2026-05-22T15:51:21.105+0000] {processor.py:183} INFO - Processing /opt/airflow/dags/warehouse_pipeline.py took 0.065 seconds
[2026-05-22T16:16:27.063+0000] {processor.py:161} INFO - Started process (PID=391) to work on /opt/airflow/dags/warehouse_pipeline.py
[2026-05-22T16:16:27.071+0000] {processor.py:830} INFO - Processing file /opt/airflow/dags/warehouse_pipeline.py for tasks to queue
[2026-05-22T16:16:27.080+0000] {logging_mixin.py:188} INFO - [2026-05-22T16:16:27.079+0000] {dagbag.py:538} INFO - Filling up the DagBag from /opt/airflow/dags/warehouse_pipeline.py
[2026-05-22T16:16:27.097+0000] {logging_mixin.py:188} INFO - [2026-05-22T16:16:27.093+0000] {dagbag.py:348} ERROR - Failed to import: /opt/airflow/dags/warehouse_pipeline.py
Traceback (most recent call last):
  File "/home/airflow/.local/lib/python3.8/site-packages/airflow/models/dagbag.py", line 344, in parse
    loader.exec_module(new_module)
  File "<frozen importlib._bootstrap_external>", line 839, in exec_module
  File "<frozen importlib._bootstrap_external>", line 976, in get_code
  File "<frozen importlib._bootstrap_external>", line 906, in source_to_code
  File "<frozen importlib._bootstrap>", line 219, in _call_with_frames_removed
  File "/opt/airflow/dags/warehouse_pipeline.py", line 34
    bash_command=""" 
        bash_command='cd /opt/airflow/dbt/ecommerce_warehouse && /home/airflow/.local/bin/dbt run --profiles-dir /opt/airflow/dbt_profiles',
        dag=dag
    ) 

    run_dbt_tests = BashOperator( 
        task_id="run_dbt_tests", 
        bash_command="cd /opt/airflow/dbt/ecommerce_warehouse && /home/airflow/.local/bin/dbt test --profiles-dir /opt/airflow/dbt_profiles"
    )

    load_raw_data >> run_dbt_models >> run_dbt_tests
                     
                                                                                                                                            
               
      

                                  
                                 
                                                                                                                                            
     

                                                   ^
SyntaxError: EOF while scanning triple-quoted string literal
[2026-05-22T16:16:27.098+0000] {processor.py:842} WARNING - No viable dags retrieved from /opt/airflow/dags/warehouse_pipeline.py
[2026-05-22T16:16:27.150+0000] {processor.py:183} INFO - Processing /opt/airflow/dags/warehouse_pipeline.py took 0.094 seconds
[2026-05-22T16:18:11.560+0000] {processor.py:161} INFO - Started process (PID=404) to work on /opt/airflow/dags/warehouse_pipeline.py
[2026-05-22T16:18:11.566+0000] {processor.py:830} INFO - Processing file /opt/airflow/dags/warehouse_pipeline.py for tasks to queue
[2026-05-22T16:18:11.568+0000] {logging_mixin.py:188} INFO - [2026-05-22T16:18:11.567+0000] {dagbag.py:538} INFO - Filling up the DagBag from /opt/airflow/dags/warehouse_pipeline.py
[2026-05-22T16:18:11.582+0000] {logging_mixin.py:188} INFO - [2026-05-22T16:18:11.580+0000] {dagbag.py:348} ERROR - Failed to import: /opt/airflow/dags/warehouse_pipeline.py
Traceback (most recent call last):
  File "/home/airflow/.local/lib/python3.8/site-packages/airflow/models/dagbag.py", line 344, in parse
    loader.exec_module(new_module)
  File "<frozen importlib._bootstrap_external>", line 839, in exec_module
  File "<frozen importlib._bootstrap_external>", line 976, in get_code
  File "<frozen importlib._bootstrap_external>", line 906, in source_to_code
  File "<frozen importlib._bootstrap>", line 219, in _call_with_frames_removed
  File "/opt/airflow/dags/warehouse_pipeline.py", line 34
    bash_command=""" 
        bash_command='cd /opt/airflow/dbt/ecommerce_warehouse && /home/airflow/.local/bin/dbt run --profiles-dir /opt/airflow/dbt_profiles',
        dag=dag
    ) 

    run_dbt_tests = BashOperator( 
        task_id="run_dbt_tests", 
        bash_command="cd /opt/airflow/dbt/ecommerce_warehouse && /home/airflow/.local/bin/dbt test --profiles-dir /opt/airflow/dbt_profiles"
    )

    load_raw_data >> run_dbt_models >> run_dbt_tests
                     
                                                                                                                                            
               
      

                                  
                                 
                                                                                                                                            
     

                                                   ^
SyntaxError: EOF while scanning triple-quoted string literal
[2026-05-22T16:18:11.582+0000] {processor.py:842} WARNING - No viable dags retrieved from /opt/airflow/dags/warehouse_pipeline.py
[2026-05-22T16:18:11.625+0000] {processor.py:183} INFO - Processing /opt/airflow/dags/warehouse_pipeline.py took 0.077 seconds
[2026-05-22T16:33:47.296+0000] {processor.py:161} INFO - Started process (PID=414) to work on /opt/airflow/dags/warehouse_pipeline.py
[2026-05-22T16:33:47.302+0000] {processor.py:830} INFO - Processing file /opt/airflow/dags/warehouse_pipeline.py for tasks to queue
[2026-05-22T16:33:47.303+0000] {logging_mixin.py:188} INFO - [2026-05-22T16:33:47.303+0000] {dagbag.py:538} INFO - Filling up the DagBag from /opt/airflow/dags/warehouse_pipeline.py
[2026-05-22T16:33:47.311+0000] {logging_mixin.py:188} INFO - [2026-05-22T16:33:47.310+0000] {dagbag.py:348} ERROR - Failed to import: /opt/airflow/dags/warehouse_pipeline.py
Traceback (most recent call last):
  File "/home/airflow/.local/lib/python3.8/site-packages/airflow/models/dagbag.py", line 344, in parse
    loader.exec_module(new_module)
  File "<frozen importlib._bootstrap_external>", line 839, in exec_module
  File "<frozen importlib._bootstrap_external>", line 976, in get_code
  File "<frozen importlib._bootstrap_external>", line 906, in source_to_code
  File "<frozen importlib._bootstrap>", line 219, in _call_with_frames_removed
  File "/opt/airflow/dags/warehouse_pipeline.py", line 34
    bash_command=""" 
        bash_command='cd /opt/airflow/dbt/ecommerce_warehouse && /home/airflow/.local/bin/dbt run --profiles-dir /opt/airflow/dbt_profiles',
        dag=dag
    ) 

    run_dbt_tests = BashOperator( 
        task_id="run_dbt_tests", 
        bash_command="cd /opt/airflow/dbt/ecommerce_warehouse && /home/airflow/.local/bin/dbt test --profiles-dir /opt/airflow/dbt_profiles"
    )

    load_raw_data >> run_dbt_models >> run_dbt_tests
                     
                                                                                                                                            
               
      

                                  
                                 
                                                                                                                                            
     

                                                   ^
SyntaxError: EOF while scanning triple-quoted string literal
[2026-05-22T16:33:47.311+0000] {processor.py:842} WARNING - No viable dags retrieved from /opt/airflow/dags/warehouse_pipeline.py
[2026-05-22T16:33:47.340+0000] {processor.py:183} INFO - Processing /opt/airflow/dags/warehouse_pipeline.py took 0.050 seconds
[2026-05-22T16:34:17.717+0000] {processor.py:161} INFO - Started process (PID=424) to work on /opt/airflow/dags/warehouse_pipeline.py
[2026-05-22T16:34:17.720+0000] {processor.py:830} INFO - Processing file /opt/airflow/dags/warehouse_pipeline.py for tasks to queue
[2026-05-22T16:34:17.722+0000] {logging_mixin.py:188} INFO - [2026-05-22T16:34:17.721+0000] {dagbag.py:538} INFO - Filling up the DagBag from /opt/airflow/dags/warehouse_pipeline.py
[2026-05-22T16:34:17.729+0000] {logging_mixin.py:188} INFO - [2026-05-22T16:34:17.728+0000] {dagbag.py:348} ERROR - Failed to import: /opt/airflow/dags/warehouse_pipeline.py
Traceback (most recent call last):
  File "/home/airflow/.local/lib/python3.8/site-packages/airflow/models/dagbag.py", line 344, in parse
    loader.exec_module(new_module)
  File "<frozen importlib._bootstrap_external>", line 839, in exec_module
  File "<frozen importlib._bootstrap_external>", line 976, in get_code
  File "<frozen importlib._bootstrap_external>", line 906, in source_to_code
  File "<frozen importlib._bootstrap>", line 219, in _call_with_frames_removed
  File "/opt/airflow/dags/warehouse_pipeline.py", line 34
    bash_command=""" 
        bash_command='cd /opt/airflow/dbt/ecommerce_warehouse && /home/airflow/.local/bin/dbt run --profiles-dir /opt/airflow/dbt_profiles',
        dag=dag
    ) 

    run_dbt_tests = BashOperator( 
        task_id="run_dbt_tests", 
        bash_command="cd /opt/airflow/dbt/ecommerce_warehouse && /home/airflow/.local/bin/dbt test --profiles-dir /opt/airflow/dbt_profiles"
    )

    load_raw_data >> run_dbt_models >> run_dbt_tests
                     
                                                                                                                                            
               
      

                                  
                                 
                                                                                                                                            
     

                                                   ^
SyntaxError: EOF while scanning triple-quoted string literal
[2026-05-22T16:34:17.733+0000] {processor.py:842} WARNING - No viable dags retrieved from /opt/airflow/dags/warehouse_pipeline.py
[2026-05-22T16:34:17.754+0000] {processor.py:183} INFO - Processing /opt/airflow/dags/warehouse_pipeline.py took 0.048 seconds
[2026-05-22T16:34:48.145+0000] {processor.py:161} INFO - Started process (PID=434) to work on /opt/airflow/dags/warehouse_pipeline.py
[2026-05-22T16:34:48.148+0000] {processor.py:830} INFO - Processing file /opt/airflow/dags/warehouse_pipeline.py for tasks to queue
[2026-05-22T16:34:48.150+0000] {logging_mixin.py:188} INFO - [2026-05-22T16:34:48.150+0000] {dagbag.py:538} INFO - Filling up the DagBag from /opt/airflow/dags/warehouse_pipeline.py
[2026-05-22T16:34:48.159+0000] {logging_mixin.py:188} INFO - [2026-05-22T16:34:48.158+0000] {dagbag.py:348} ERROR - Failed to import: /opt/airflow/dags/warehouse_pipeline.py
Traceback (most recent call last):
  File "/home/airflow/.local/lib/python3.8/site-packages/airflow/models/dagbag.py", line 344, in parse
    loader.exec_module(new_module)
  File "<frozen importlib._bootstrap_external>", line 839, in exec_module
  File "<frozen importlib._bootstrap_external>", line 976, in get_code
  File "<frozen importlib._bootstrap_external>", line 906, in source_to_code
  File "<frozen importlib._bootstrap>", line 219, in _call_with_frames_removed
  File "/opt/airflow/dags/warehouse_pipeline.py", line 34
    bash_command=""" 
        bash_command='cd /opt/airflow/dbt/ecommerce_warehouse && /home/airflow/.local/bin/dbt run --profiles-dir /opt/airflow/dbt_profiles',
        dag=dag
    ) 

    run_dbt_tests = BashOperator( 
        task_id="run_dbt_tests", 
        bash_command="cd /opt/airflow/dbt/ecommerce_warehouse && /home/airflow/.local/bin/dbt test --profiles-dir /opt/airflow/dbt_profiles"
    )

    load_raw_data >> run_dbt_models >> run_dbt_tests
                     
                                                                                                                                            
               
      

                                  
                                 
                                                                                                                                            
     

                                                   ^
SyntaxError: EOF while scanning triple-quoted string literal
[2026-05-22T16:34:48.159+0000] {processor.py:842} WARNING - No viable dags retrieved from /opt/airflow/dags/warehouse_pipeline.py
[2026-05-22T16:34:48.182+0000] {processor.py:183} INFO - Processing /opt/airflow/dags/warehouse_pipeline.py took 0.044 seconds
[2026-05-22T16:35:18.531+0000] {processor.py:161} INFO - Started process (PID=444) to work on /opt/airflow/dags/warehouse_pipeline.py
[2026-05-22T16:35:18.535+0000] {processor.py:830} INFO - Processing file /opt/airflow/dags/warehouse_pipeline.py for tasks to queue
[2026-05-22T16:35:18.536+0000] {logging_mixin.py:188} INFO - [2026-05-22T16:35:18.536+0000] {dagbag.py:538} INFO - Filling up the DagBag from /opt/airflow/dags/warehouse_pipeline.py
[2026-05-22T16:35:18.545+0000] {logging_mixin.py:188} INFO - [2026-05-22T16:35:18.544+0000] {dagbag.py:348} ERROR - Failed to import: /opt/airflow/dags/warehouse_pipeline.py
Traceback (most recent call last):
  File "/home/airflow/.local/lib/python3.8/site-packages/airflow/models/dagbag.py", line 344, in parse
    loader.exec_module(new_module)
  File "<frozen importlib._bootstrap_external>", line 839, in exec_module
  File "<frozen importlib._bootstrap_external>", line 976, in get_code
  File "<frozen importlib._bootstrap_external>", line 906, in source_to_code
  File "<frozen importlib._bootstrap>", line 219, in _call_with_frames_removed
  File "/opt/airflow/dags/warehouse_pipeline.py", line 34
    bash_command=""" 
        bash_command='cd /opt/airflow/dbt/ecommerce_warehouse && /home/airflow/.local/bin/dbt run --profiles-dir /opt/airflow/dbt_profiles',
        dag=dag
    ) 

    run_dbt_tests = BashOperator( 
        task_id="run_dbt_tests", 
        bash_command="cd /opt/airflow/dbt/ecommerce_warehouse && /home/airflow/.local/bin/dbt test --profiles-dir /opt/airflow/dbt_profiles"
    )

    load_raw_data >> run_dbt_models >> run_dbt_tests
                     
                                                                                                                                            
               
      

                                  
                                 
                                                                                                                                            
     

                                                   ^
SyntaxError: EOF while scanning triple-quoted string literal
[2026-05-22T16:35:18.545+0000] {processor.py:842} WARNING - No viable dags retrieved from /opt/airflow/dags/warehouse_pipeline.py
[2026-05-22T16:35:18.567+0000] {processor.py:183} INFO - Processing /opt/airflow/dags/warehouse_pipeline.py took 0.044 seconds
[2026-05-22T16:35:48.963+0000] {processor.py:161} INFO - Started process (PID=454) to work on /opt/airflow/dags/warehouse_pipeline.py
[2026-05-22T16:35:48.966+0000] {processor.py:830} INFO - Processing file /opt/airflow/dags/warehouse_pipeline.py for tasks to queue
[2026-05-22T16:35:48.967+0000] {logging_mixin.py:188} INFO - [2026-05-22T16:35:48.967+0000] {dagbag.py:538} INFO - Filling up the DagBag from /opt/airflow/dags/warehouse_pipeline.py
[2026-05-22T16:35:48.971+0000] {logging_mixin.py:188} INFO - [2026-05-22T16:35:48.971+0000] {dagbag.py:348} ERROR - Failed to import: /opt/airflow/dags/warehouse_pipeline.py
Traceback (most recent call last):
  File "/home/airflow/.local/lib/python3.8/site-packages/airflow/models/dagbag.py", line 344, in parse
    loader.exec_module(new_module)
  File "<frozen importlib._bootstrap_external>", line 839, in exec_module
  File "<frozen importlib._bootstrap_external>", line 976, in get_code
  File "<frozen importlib._bootstrap_external>", line 906, in source_to_code
  File "<frozen importlib._bootstrap>", line 219, in _call_with_frames_removed
  File "/opt/airflow/dags/warehouse_pipeline.py", line 34
    bash_command=""" 
        bash_command='cd /opt/airflow/dbt/ecommerce_warehouse && /home/airflow/.local/bin/dbt run --profiles-dir /opt/airflow/dbt_profiles',
        dag=dag
    ) 

    run_dbt_tests = BashOperator( 
        task_id="run_dbt_tests", 
        bash_command="cd /opt/airflow/dbt/ecommerce_warehouse && /home/airflow/.local/bin/dbt test --profiles-dir /opt/airflow/dbt_profiles"
    )

    load_raw_data >> run_dbt_models >> run_dbt_tests
                     
                                                                                                                                            
               
      

                                  
                                 
                                                                                                                                            
     

                                                   ^
SyntaxError: EOF while scanning triple-quoted string literal
[2026-05-22T16:35:48.972+0000] {processor.py:842} WARNING - No viable dags retrieved from /opt/airflow/dags/warehouse_pipeline.py
[2026-05-22T16:35:48.993+0000] {processor.py:183} INFO - Processing /opt/airflow/dags/warehouse_pipeline.py took 0.035 seconds
[2026-05-22T16:36:19.365+0000] {processor.py:161} INFO - Started process (PID=464) to work on /opt/airflow/dags/warehouse_pipeline.py
[2026-05-22T16:36:19.368+0000] {processor.py:830} INFO - Processing file /opt/airflow/dags/warehouse_pipeline.py for tasks to queue
[2026-05-22T16:36:19.371+0000] {logging_mixin.py:188} INFO - [2026-05-22T16:36:19.371+0000] {dagbag.py:538} INFO - Filling up the DagBag from /opt/airflow/dags/warehouse_pipeline.py
[2026-05-22T16:36:19.380+0000] {logging_mixin.py:188} INFO - [2026-05-22T16:36:19.379+0000] {dagbag.py:348} ERROR - Failed to import: /opt/airflow/dags/warehouse_pipeline.py
Traceback (most recent call last):
  File "/home/airflow/.local/lib/python3.8/site-packages/airflow/models/dagbag.py", line 344, in parse
    loader.exec_module(new_module)
  File "<frozen importlib._bootstrap_external>", line 839, in exec_module
  File "<frozen importlib._bootstrap_external>", line 976, in get_code
  File "<frozen importlib._bootstrap_external>", line 906, in source_to_code
  File "<frozen importlib._bootstrap>", line 219, in _call_with_frames_removed
  File "/opt/airflow/dags/warehouse_pipeline.py", line 34
    bash_command=""" 
        bash_command='cd /opt/airflow/dbt/ecommerce_warehouse && /home/airflow/.local/bin/dbt run --profiles-dir /opt/airflow/dbt_profiles',
        dag=dag
    ) 

    run_dbt_tests = BashOperator( 
        task_id="run_dbt_tests", 
        bash_command="cd /opt/airflow/dbt/ecommerce_warehouse && /home/airflow/.local/bin/dbt test --profiles-dir /opt/airflow/dbt_profiles"
    )

    load_raw_data >> run_dbt_models >> run_dbt_tests
                     
                                                                                                                                            
               
      

                                  
                                 
                                                                                                                                            
     

                                                   ^
SyntaxError: EOF while scanning triple-quoted string literal
[2026-05-22T16:36:19.380+0000] {processor.py:842} WARNING - No viable dags retrieved from /opt/airflow/dags/warehouse_pipeline.py
[2026-05-22T16:36:19.404+0000] {processor.py:183} INFO - Processing /opt/airflow/dags/warehouse_pipeline.py took 0.048 seconds
[2026-05-22T16:36:49.822+0000] {processor.py:161} INFO - Started process (PID=474) to work on /opt/airflow/dags/warehouse_pipeline.py
[2026-05-22T16:36:49.826+0000] {processor.py:830} INFO - Processing file /opt/airflow/dags/warehouse_pipeline.py for tasks to queue
[2026-05-22T16:36:49.827+0000] {logging_mixin.py:188} INFO - [2026-05-22T16:36:49.827+0000] {dagbag.py:538} INFO - Filling up the DagBag from /opt/airflow/dags/warehouse_pipeline.py
[2026-05-22T16:36:49.837+0000] {logging_mixin.py:188} INFO - [2026-05-22T16:36:49.836+0000] {dagbag.py:348} ERROR - Failed to import: /opt/airflow/dags/warehouse_pipeline.py
Traceback (most recent call last):
  File "/home/airflow/.local/lib/python3.8/site-packages/airflow/models/dagbag.py", line 344, in parse
    loader.exec_module(new_module)
  File "<frozen importlib._bootstrap_external>", line 839, in exec_module
  File "<frozen importlib._bootstrap_external>", line 976, in get_code
  File "<frozen importlib._bootstrap_external>", line 906, in source_to_code
  File "<frozen importlib._bootstrap>", line 219, in _call_with_frames_removed
  File "/opt/airflow/dags/warehouse_pipeline.py", line 34
    bash_command=""" 
        bash_command='cd /opt/airflow/dbt/ecommerce_warehouse && /home/airflow/.local/bin/dbt run --profiles-dir /opt/airflow/dbt_profiles',
        dag=dag
    ) 

    run_dbt_tests = BashOperator( 
        task_id="run_dbt_tests", 
        bash_command="cd /opt/airflow/dbt/ecommerce_warehouse && /home/airflow/.local/bin/dbt test --profiles-dir /opt/airflow/dbt_profiles"
    )

    load_raw_data >> run_dbt_models >> run_dbt_tests
                     
                                                                                                                                            
               
      

                                  
                                 
                                                                                                                                            
     

                                                   ^
SyntaxError: EOF while scanning triple-quoted string literal
[2026-05-22T16:36:49.837+0000] {processor.py:842} WARNING - No viable dags retrieved from /opt/airflow/dags/warehouse_pipeline.py
[2026-05-22T16:36:49.862+0000] {processor.py:183} INFO - Processing /opt/airflow/dags/warehouse_pipeline.py took 0.049 seconds
[2026-05-22T16:37:03.066+0000] {processor.py:161} INFO - Started process (PID=484) to work on /opt/airflow/dags/warehouse_pipeline.py
[2026-05-22T16:37:03.070+0000] {processor.py:830} INFO - Processing file /opt/airflow/dags/warehouse_pipeline.py for tasks to queue
[2026-05-22T16:37:03.071+0000] {logging_mixin.py:188} INFO - [2026-05-22T16:37:03.070+0000] {dagbag.py:538} INFO - Filling up the DagBag from /opt/airflow/dags/warehouse_pipeline.py
[2026-05-22T16:37:03.091+0000] {processor.py:840} INFO - DAG(s) 'warehouse_pipeline' retrieved from /opt/airflow/dags/warehouse_pipeline.py
[2026-05-22T16:37:03.175+0000] {logging_mixin.py:188} INFO - [2026-05-22T16:37:03.175+0000] {dag.py:3036} INFO - Sync 1 DAGs
[2026-05-22T16:37:03.182+0000] {logging_mixin.py:188} INFO - [2026-05-22T16:37:03.182+0000] {dag.py:3823} INFO - Setting next_dagrun for warehouse_pipeline to None, run_after=None
[2026-05-22T16:37:03.193+0000] {processor.py:183} INFO - Processing /opt/airflow/dags/warehouse_pipeline.py took 0.134 seconds
[2026-05-22T16:37:33.393+0000] {processor.py:161} INFO - Started process (PID=509) to work on /opt/airflow/dags/warehouse_pipeline.py
[2026-05-22T16:37:33.395+0000] {processor.py:830} INFO - Processing file /opt/airflow/dags/warehouse_pipeline.py for tasks to queue
[2026-05-22T16:37:33.395+0000] {logging_mixin.py:188} INFO - [2026-05-22T16:37:33.395+0000] {dagbag.py:538} INFO - Filling up the DagBag from /opt/airflow/dags/warehouse_pipeline.py
[2026-05-22T16:37:33.404+0000] {processor.py:840} INFO - DAG(s) 'warehouse_pipeline' retrieved from /opt/airflow/dags/warehouse_pipeline.py
[2026-05-22T16:37:33.422+0000] {logging_mixin.py:188} INFO - [2026-05-22T16:37:33.422+0000] {dag.py:3036} INFO - Sync 1 DAGs
[2026-05-22T16:37:33.429+0000] {logging_mixin.py:188} INFO - [2026-05-22T16:37:33.429+0000] {dag.py:3823} INFO - Setting next_dagrun for warehouse_pipeline to None, run_after=None
[2026-05-22T16:37:33.442+0000] {processor.py:183} INFO - Processing /opt/airflow/dags/warehouse_pipeline.py took 0.053 seconds
[2026-05-22T16:38:03.761+0000] {processor.py:161} INFO - Started process (PID=519) to work on /opt/airflow/dags/warehouse_pipeline.py
[2026-05-22T16:38:03.763+0000] {processor.py:830} INFO - Processing file /opt/airflow/dags/warehouse_pipeline.py for tasks to queue
[2026-05-22T16:38:03.764+0000] {logging_mixin.py:188} INFO - [2026-05-22T16:38:03.763+0000] {dagbag.py:538} INFO - Filling up the DagBag from /opt/airflow/dags/warehouse_pipeline.py
[2026-05-22T16:38:03.779+0000] {processor.py:840} INFO - DAG(s) 'warehouse_pipeline' retrieved from /opt/airflow/dags/warehouse_pipeline.py
[2026-05-22T16:38:03.799+0000] {logging_mixin.py:188} INFO - [2026-05-22T16:38:03.799+0000] {dag.py:3036} INFO - Sync 1 DAGs
[2026-05-22T16:38:03.806+0000] {logging_mixin.py:188} INFO - [2026-05-22T16:38:03.806+0000] {dag.py:3823} INFO - Setting next_dagrun for warehouse_pipeline to None, run_after=None
[2026-05-22T16:38:03.816+0000] {processor.py:183} INFO - Processing /opt/airflow/dags/warehouse_pipeline.py took 0.062 seconds
[2026-05-22T16:38:34.106+0000] {processor.py:161} INFO - Started process (PID=529) to work on /opt/airflow/dags/warehouse_pipeline.py
[2026-05-22T16:38:34.108+0000] {processor.py:830} INFO - Processing file /opt/airflow/dags/warehouse_pipeline.py for tasks to queue
[2026-05-22T16:38:34.109+0000] {logging_mixin.py:188} INFO - [2026-05-22T16:38:34.109+0000] {dagbag.py:538} INFO - Filling up the DagBag from /opt/airflow/dags/warehouse_pipeline.py
[2026-05-22T16:38:34.118+0000] {processor.py:840} INFO - DAG(s) 'warehouse_pipeline' retrieved from /opt/airflow/dags/warehouse_pipeline.py
[2026-05-22T16:38:34.142+0000] {logging_mixin.py:188} INFO - [2026-05-22T16:38:34.142+0000] {dag.py:3036} INFO - Sync 1 DAGs
[2026-05-22T16:38:34.152+0000] {logging_mixin.py:188} INFO - [2026-05-22T16:38:34.152+0000] {dag.py:3823} INFO - Setting next_dagrun for warehouse_pipeline to None, run_after=None
[2026-05-22T16:38:34.163+0000] {processor.py:183} INFO - Processing /opt/airflow/dags/warehouse_pipeline.py took 0.061 seconds
[2026-05-22T16:38:52.397+0000] {processor.py:161} INFO - Started process (PID=539) to work on /opt/airflow/dags/warehouse_pipeline.py
[2026-05-22T16:38:52.401+0000] {processor.py:830} INFO - Processing file /opt/airflow/dags/warehouse_pipeline.py for tasks to queue
[2026-05-22T16:38:52.402+0000] {logging_mixin.py:188} INFO - [2026-05-22T16:38:52.402+0000] {dagbag.py:538} INFO - Filling up the DagBag from /opt/airflow/dags/warehouse_pipeline.py
[2026-05-22T16:38:52.415+0000] {processor.py:840} INFO - DAG(s) 'warehouse_pipeline' retrieved from /opt/airflow/dags/warehouse_pipeline.py
[2026-05-22T16:38:52.485+0000] {logging_mixin.py:188} INFO - [2026-05-22T16:38:52.485+0000] {dag.py:3036} INFO - Sync 1 DAGs
[2026-05-22T16:38:52.490+0000] {logging_mixin.py:188} INFO - [2026-05-22T16:38:52.490+0000] {dag.py:3823} INFO - Setting next_dagrun for warehouse_pipeline to None, run_after=None
[2026-05-22T16:38:52.499+0000] {processor.py:183} INFO - Processing /opt/airflow/dags/warehouse_pipeline.py took 0.107 seconds
[2026-05-22T16:39:22.795+0000] {processor.py:161} INFO - Started process (PID=549) to work on /opt/airflow/dags/warehouse_pipeline.py
[2026-05-22T16:39:22.800+0000] {processor.py:830} INFO - Processing file /opt/airflow/dags/warehouse_pipeline.py for tasks to queue
[2026-05-22T16:39:22.801+0000] {logging_mixin.py:188} INFO - [2026-05-22T16:39:22.800+0000] {dagbag.py:538} INFO - Filling up the DagBag from /opt/airflow/dags/warehouse_pipeline.py
[2026-05-22T16:39:22.815+0000] {processor.py:840} INFO - DAG(s) 'warehouse_pipeline' retrieved from /opt/airflow/dags/warehouse_pipeline.py
[2026-05-22T16:39:22.846+0000] {logging_mixin.py:188} INFO - [2026-05-22T16:39:22.846+0000] {dag.py:3036} INFO - Sync 1 DAGs
[2026-05-22T16:39:22.863+0000] {logging_mixin.py:188} INFO - [2026-05-22T16:39:22.863+0000] {dag.py:3823} INFO - Setting next_dagrun for warehouse_pipeline to None, run_after=None
[2026-05-22T16:39:22.885+0000] {processor.py:183} INFO - Processing /opt/airflow/dags/warehouse_pipeline.py took 0.095 seconds
[2026-05-22T16:39:53.219+0000] {processor.py:161} INFO - Started process (PID=574) to work on /opt/airflow/dags/warehouse_pipeline.py
[2026-05-22T16:39:53.224+0000] {processor.py:830} INFO - Processing file /opt/airflow/dags/warehouse_pipeline.py for tasks to queue
[2026-05-22T16:39:53.225+0000] {logging_mixin.py:188} INFO - [2026-05-22T16:39:53.225+0000] {dagbag.py:538} INFO - Filling up the DagBag from /opt/airflow/dags/warehouse_pipeline.py
[2026-05-22T16:39:53.236+0000] {processor.py:840} INFO - DAG(s) 'warehouse_pipeline' retrieved from /opt/airflow/dags/warehouse_pipeline.py
[2026-05-22T16:39:53.257+0000] {logging_mixin.py:188} INFO - [2026-05-22T16:39:53.257+0000] {dag.py:3036} INFO - Sync 1 DAGs
[2026-05-22T16:39:53.264+0000] {logging_mixin.py:188} INFO - [2026-05-22T16:39:53.264+0000] {dag.py:3823} INFO - Setting next_dagrun for warehouse_pipeline to None, run_after=None
[2026-05-22T16:39:53.274+0000] {processor.py:183} INFO - Processing /opt/airflow/dags/warehouse_pipeline.py took 0.061 seconds
[2026-05-22T16:40:23.565+0000] {processor.py:161} INFO - Started process (PID=584) to work on /opt/airflow/dags/warehouse_pipeline.py
[2026-05-22T16:40:23.572+0000] {processor.py:830} INFO - Processing file /opt/airflow/dags/warehouse_pipeline.py for tasks to queue
[2026-05-22T16:40:23.572+0000] {logging_mixin.py:188} INFO - [2026-05-22T16:40:23.572+0000] {dagbag.py:538} INFO - Filling up the DagBag from /opt/airflow/dags/warehouse_pipeline.py
[2026-05-22T16:40:23.585+0000] {processor.py:840} INFO - DAG(s) 'warehouse_pipeline' retrieved from /opt/airflow/dags/warehouse_pipeline.py
[2026-05-22T16:40:23.610+0000] {logging_mixin.py:188} INFO - [2026-05-22T16:40:23.610+0000] {dag.py:3036} INFO - Sync 1 DAGs
[2026-05-22T16:40:23.617+0000] {logging_mixin.py:188} INFO - [2026-05-22T16:40:23.617+0000] {dag.py:3823} INFO - Setting next_dagrun for warehouse_pipeline to None, run_after=None
[2026-05-22T16:40:23.626+0000] {processor.py:183} INFO - Processing /opt/airflow/dags/warehouse_pipeline.py took 0.066 seconds
[2026-05-22T16:40:54.008+0000] {processor.py:161} INFO - Started process (PID=594) to work on /opt/airflow/dags/warehouse_pipeline.py
[2026-05-22T16:40:54.012+0000] {processor.py:830} INFO - Processing file /opt/airflow/dags/warehouse_pipeline.py for tasks to queue
[2026-05-22T16:40:54.014+0000] {logging_mixin.py:188} INFO - [2026-05-22T16:40:54.013+0000] {dagbag.py:538} INFO - Filling up the DagBag from /opt/airflow/dags/warehouse_pipeline.py
[2026-05-22T16:40:54.025+0000] {processor.py:840} INFO - DAG(s) 'warehouse_pipeline' retrieved from /opt/airflow/dags/warehouse_pipeline.py
[2026-05-22T16:40:54.049+0000] {logging_mixin.py:188} INFO - [2026-05-22T16:40:54.049+0000] {dag.py:3036} INFO - Sync 1 DAGs
[2026-05-22T16:40:54.057+0000] {logging_mixin.py:188} INFO - [2026-05-22T16:40:54.057+0000] {dag.py:3823} INFO - Setting next_dagrun for warehouse_pipeline to None, run_after=None
[2026-05-22T16:40:54.068+0000] {processor.py:183} INFO - Processing /opt/airflow/dags/warehouse_pipeline.py took 0.065 seconds
[2026-05-22T16:41:24.398+0000] {processor.py:161} INFO - Started process (PID=604) to work on /opt/airflow/dags/warehouse_pipeline.py
[2026-05-22T16:41:24.403+0000] {processor.py:830} INFO - Processing file /opt/airflow/dags/warehouse_pipeline.py for tasks to queue
[2026-05-22T16:41:24.404+0000] {logging_mixin.py:188} INFO - [2026-05-22T16:41:24.403+0000] {dagbag.py:538} INFO - Filling up the DagBag from /opt/airflow/dags/warehouse_pipeline.py
[2026-05-22T16:41:24.413+0000] {processor.py:840} INFO - DAG(s) 'warehouse_pipeline' retrieved from /opt/airflow/dags/warehouse_pipeline.py
[2026-05-22T16:41:24.435+0000] {logging_mixin.py:188} INFO - [2026-05-22T16:41:24.435+0000] {dag.py:3036} INFO - Sync 1 DAGs
[2026-05-22T16:41:24.443+0000] {logging_mixin.py:188} INFO - [2026-05-22T16:41:24.443+0000] {dag.py:3823} INFO - Setting next_dagrun for warehouse_pipeline to None, run_after=None
[2026-05-22T16:41:24.452+0000] {processor.py:183} INFO - Processing /opt/airflow/dags/warehouse_pipeline.py took 0.060 seconds
[2026-05-22T16:41:25.468+0000] {processor.py:161} INFO - Started process (PID=609) to work on /opt/airflow/dags/warehouse_pipeline.py
[2026-05-22T16:41:25.472+0000] {processor.py:830} INFO - Processing file /opt/airflow/dags/warehouse_pipeline.py for tasks to queue
[2026-05-22T16:41:25.473+0000] {logging_mixin.py:188} INFO - [2026-05-22T16:41:25.472+0000] {dagbag.py:538} INFO - Filling up the DagBag from /opt/airflow/dags/warehouse_pipeline.py
[2026-05-22T16:41:25.481+0000] {logging_mixin.py:188} INFO - [2026-05-22T16:41:25.479+0000] {dagbag.py:348} ERROR - Failed to import: /opt/airflow/dags/warehouse_pipeline.py
Traceback (most recent call last):
  File "/home/airflow/.local/lib/python3.8/site-packages/airflow/models/dagbag.py", line 344, in parse
    loader.exec_module(new_module)
  File "<frozen importlib._bootstrap_external>", line 843, in exec_module
  File "<frozen importlib._bootstrap>", line 219, in _call_with_frames_removed
  File "/opt/airflow/dags/warehouse_pipeline.py", line 25, in <module>
    load_raw_data >> run_dbt_models >> run_dbt_tests
NameError: name 'run_dbt_models' is not defined
[2026-05-22T16:41:25.481+0000] {processor.py:842} WARNING - No viable dags retrieved from /opt/airflow/dags/warehouse_pipeline.py
[2026-05-22T16:41:25.495+0000] {processor.py:183} INFO - Processing /opt/airflow/dags/warehouse_pipeline.py took 0.030 seconds
[2026-05-22T16:41:40.633+0000] {processor.py:161} INFO - Started process (PID=614) to work on /opt/airflow/dags/warehouse_pipeline.py
[2026-05-22T16:41:40.635+0000] {processor.py:830} INFO - Processing file /opt/airflow/dags/warehouse_pipeline.py for tasks to queue
[2026-05-22T16:41:40.636+0000] {logging_mixin.py:188} INFO - [2026-05-22T16:41:40.636+0000] {dagbag.py:538} INFO - Filling up the DagBag from /opt/airflow/dags/warehouse_pipeline.py
[2026-05-22T16:41:40.656+0000] {processor.py:840} INFO - DAG(s) 'warehouse_pipeline' retrieved from /opt/airflow/dags/warehouse_pipeline.py
[2026-05-22T16:41:40.724+0000] {logging_mixin.py:188} INFO - [2026-05-22T16:41:40.724+0000] {dag.py:3036} INFO - Sync 1 DAGs
[2026-05-22T16:41:40.729+0000] {logging_mixin.py:188} INFO - [2026-05-22T16:41:40.729+0000] {dag.py:3823} INFO - Setting next_dagrun for warehouse_pipeline to None, run_after=None
[2026-05-22T16:41:40.738+0000] {processor.py:183} INFO - Processing /opt/airflow/dags/warehouse_pipeline.py took 0.111 seconds
[2026-05-22T16:42:11.008+0000] {processor.py:161} INFO - Started process (PID=639) to work on /opt/airflow/dags/warehouse_pipeline.py
[2026-05-22T16:42:11.012+0000] {processor.py:830} INFO - Processing file /opt/airflow/dags/warehouse_pipeline.py for tasks to queue
[2026-05-22T16:42:11.014+0000] {logging_mixin.py:188} INFO - [2026-05-22T16:42:11.013+0000] {dagbag.py:538} INFO - Filling up the DagBag from /opt/airflow/dags/warehouse_pipeline.py
[2026-05-22T16:42:11.028+0000] {processor.py:840} INFO - DAG(s) 'warehouse_pipeline' retrieved from /opt/airflow/dags/warehouse_pipeline.py
[2026-05-22T16:42:11.052+0000] {logging_mixin.py:188} INFO - [2026-05-22T16:42:11.052+0000] {dag.py:3036} INFO - Sync 1 DAGs
[2026-05-22T16:42:11.059+0000] {logging_mixin.py:188} INFO - [2026-05-22T16:42:11.059+0000] {dag.py:3823} INFO - Setting next_dagrun for warehouse_pipeline to None, run_after=None
[2026-05-22T16:42:11.068+0000] {processor.py:183} INFO - Processing /opt/airflow/dags/warehouse_pipeline.py took 0.065 seconds
[2026-05-22T16:42:41.414+0000] {processor.py:161} INFO - Started process (PID=649) to work on /opt/airflow/dags/warehouse_pipeline.py
[2026-05-22T16:42:41.417+0000] {processor.py:830} INFO - Processing file /opt/airflow/dags/warehouse_pipeline.py for tasks to queue
[2026-05-22T16:42:41.418+0000] {logging_mixin.py:188} INFO - [2026-05-22T16:42:41.418+0000] {dagbag.py:538} INFO - Filling up the DagBag from /opt/airflow/dags/warehouse_pipeline.py
[2026-05-22T16:42:41.434+0000] {processor.py:840} INFO - DAG(s) 'warehouse_pipeline' retrieved from /opt/airflow/dags/warehouse_pipeline.py
[2026-05-22T16:42:41.459+0000] {logging_mixin.py:188} INFO - [2026-05-22T16:42:41.459+0000] {dag.py:3036} INFO - Sync 1 DAGs
[2026-05-22T16:42:41.467+0000] {logging_mixin.py:188} INFO - [2026-05-22T16:42:41.467+0000] {dag.py:3823} INFO - Setting next_dagrun for warehouse_pipeline to None, run_after=None
[2026-05-22T16:42:41.476+0000] {processor.py:183} INFO - Processing /opt/airflow/dags/warehouse_pipeline.py took 0.068 seconds
[2026-05-22T16:43:11.777+0000] {processor.py:161} INFO - Started process (PID=659) to work on /opt/airflow/dags/warehouse_pipeline.py
[2026-05-22T16:43:11.780+0000] {processor.py:830} INFO - Processing file /opt/airflow/dags/warehouse_pipeline.py for tasks to queue
[2026-05-22T16:43:11.781+0000] {logging_mixin.py:188} INFO - [2026-05-22T16:43:11.781+0000] {dagbag.py:538} INFO - Filling up the DagBag from /opt/airflow/dags/warehouse_pipeline.py
[2026-05-22T16:43:11.793+0000] {processor.py:840} INFO - DAG(s) 'warehouse_pipeline' retrieved from /opt/airflow/dags/warehouse_pipeline.py
[2026-05-22T16:43:11.816+0000] {logging_mixin.py:188} INFO - [2026-05-22T16:43:11.816+0000] {dag.py:3036} INFO - Sync 1 DAGs
[2026-05-22T16:43:11.824+0000] {logging_mixin.py:188} INFO - [2026-05-22T16:43:11.824+0000] {dag.py:3823} INFO - Setting next_dagrun for warehouse_pipeline to None, run_after=None
[2026-05-22T16:43:11.834+0000] {processor.py:183} INFO - Processing /opt/airflow/dags/warehouse_pipeline.py took 0.062 seconds
[2026-05-22T16:43:21.873+0000] {processor.py:161} INFO - Started process (PID=664) to work on /opt/airflow/dags/warehouse_pipeline.py
[2026-05-22T16:43:21.875+0000] {processor.py:830} INFO - Processing file /opt/airflow/dags/warehouse_pipeline.py for tasks to queue
[2026-05-22T16:43:21.875+0000] {logging_mixin.py:188} INFO - [2026-05-22T16:43:21.875+0000] {dagbag.py:538} INFO - Filling up the DagBag from /opt/airflow/dags/warehouse_pipeline.py
[2026-05-22T16:43:21.885+0000] {processor.py:840} INFO - DAG(s) 'warehouse_pipeline' retrieved from /opt/airflow/dags/warehouse_pipeline.py
[2026-05-22T16:43:21.948+0000] {logging_mixin.py:188} INFO - [2026-05-22T16:43:21.948+0000] {dag.py:3036} INFO - Sync 1 DAGs
[2026-05-22T16:43:21.953+0000] {logging_mixin.py:188} INFO - [2026-05-22T16:43:21.953+0000] {dag.py:3823} INFO - Setting next_dagrun for warehouse_pipeline to None, run_after=None
[2026-05-22T16:43:21.964+0000] {processor.py:183} INFO - Processing /opt/airflow/dags/warehouse_pipeline.py took 0.093 seconds
[2026-05-22T16:43:52.331+0000] {processor.py:161} INFO - Started process (PID=674) to work on /opt/airflow/dags/warehouse_pipeline.py
[2026-05-22T16:43:52.335+0000] {processor.py:830} INFO - Processing file /opt/airflow/dags/warehouse_pipeline.py for tasks to queue
[2026-05-22T16:43:52.336+0000] {logging_mixin.py:188} INFO - [2026-05-22T16:43:52.335+0000] {dagbag.py:538} INFO - Filling up the DagBag from /opt/airflow/dags/warehouse_pipeline.py
[2026-05-22T16:43:52.351+0000] {processor.py:840} INFO - DAG(s) 'warehouse_pipeline' retrieved from /opt/airflow/dags/warehouse_pipeline.py
[2026-05-22T16:43:52.375+0000] {logging_mixin.py:188} INFO - [2026-05-22T16:43:52.375+0000] {dag.py:3036} INFO - Sync 1 DAGs
[2026-05-22T16:43:52.384+0000] {logging_mixin.py:188} INFO - [2026-05-22T16:43:52.384+0000] {dag.py:3823} INFO - Setting next_dagrun for warehouse_pipeline to None, run_after=None
[2026-05-22T16:43:52.395+0000] {processor.py:183} INFO - Processing /opt/airflow/dags/warehouse_pipeline.py took 0.070 seconds
[2026-05-22T16:44:22.726+0000] {processor.py:161} INFO - Started process (PID=684) to work on /opt/airflow/dags/warehouse_pipeline.py
[2026-05-22T16:44:22.730+0000] {processor.py:830} INFO - Processing file /opt/airflow/dags/warehouse_pipeline.py for tasks to queue
[2026-05-22T16:44:22.731+0000] {logging_mixin.py:188} INFO - [2026-05-22T16:44:22.730+0000] {dagbag.py:538} INFO - Filling up the DagBag from /opt/airflow/dags/warehouse_pipeline.py
[2026-05-22T16:44:22.741+0000] {processor.py:840} INFO - DAG(s) 'warehouse_pipeline' retrieved from /opt/airflow/dags/warehouse_pipeline.py
[2026-05-22T16:44:22.762+0000] {logging_mixin.py:188} INFO - [2026-05-22T16:44:22.762+0000] {dag.py:3036} INFO - Sync 1 DAGs
[2026-05-22T16:44:22.771+0000] {logging_mixin.py:188} INFO - [2026-05-22T16:44:22.771+0000] {dag.py:3823} INFO - Setting next_dagrun for warehouse_pipeline to None, run_after=None
[2026-05-22T16:44:22.780+0000] {processor.py:183} INFO - Processing /opt/airflow/dags/warehouse_pipeline.py took 0.058 seconds
[2026-05-22T16:44:53.110+0000] {processor.py:161} INFO - Started process (PID=694) to work on /opt/airflow/dags/warehouse_pipeline.py
[2026-05-22T16:44:53.113+0000] {processor.py:830} INFO - Processing file /opt/airflow/dags/warehouse_pipeline.py for tasks to queue
[2026-05-22T16:44:53.114+0000] {logging_mixin.py:188} INFO - [2026-05-22T16:44:53.114+0000] {dagbag.py:538} INFO - Filling up the DagBag from /opt/airflow/dags/warehouse_pipeline.py
[2026-05-22T16:44:53.125+0000] {processor.py:840} INFO - DAG(s) 'warehouse_pipeline' retrieved from /opt/airflow/dags/warehouse_pipeline.py
[2026-05-22T16:44:53.146+0000] {logging_mixin.py:188} INFO - [2026-05-22T16:44:53.146+0000] {dag.py:3036} INFO - Sync 1 DAGs
[2026-05-22T16:44:53.153+0000] {logging_mixin.py:188} INFO - [2026-05-22T16:44:53.153+0000] {dag.py:3823} INFO - Setting next_dagrun for warehouse_pipeline to None, run_after=None
[2026-05-22T16:44:53.162+0000] {processor.py:183} INFO - Processing /opt/airflow/dags/warehouse_pipeline.py took 0.056 seconds
[2026-05-22T16:45:23.509+0000] {processor.py:161} INFO - Started process (PID=719) to work on /opt/airflow/dags/warehouse_pipeline.py
[2026-05-22T16:45:23.514+0000] {processor.py:830} INFO - Processing file /opt/airflow/dags/warehouse_pipeline.py for tasks to queue
[2026-05-22T16:45:23.515+0000] {logging_mixin.py:188} INFO - [2026-05-22T16:45:23.515+0000] {dagbag.py:538} INFO - Filling up the DagBag from /opt/airflow/dags/warehouse_pipeline.py
[2026-05-22T16:45:23.531+0000] {processor.py:840} INFO - DAG(s) 'warehouse_pipeline' retrieved from /opt/airflow/dags/warehouse_pipeline.py
[2026-05-22T16:45:23.553+0000] {logging_mixin.py:188} INFO - [2026-05-22T16:45:23.553+0000] {dag.py:3036} INFO - Sync 1 DAGs
[2026-05-22T16:45:23.559+0000] {logging_mixin.py:188} INFO - [2026-05-22T16:45:23.559+0000] {dag.py:3823} INFO - Setting next_dagrun for warehouse_pipeline to None, run_after=None
[2026-05-22T16:45:23.567+0000] {processor.py:183} INFO - Processing /opt/airflow/dags/warehouse_pipeline.py took 0.063 seconds
[2026-05-22T16:45:53.938+0000] {processor.py:161} INFO - Started process (PID=729) to work on /opt/airflow/dags/warehouse_pipeline.py
[2026-05-22T16:45:53.946+0000] {processor.py:830} INFO - Processing file /opt/airflow/dags/warehouse_pipeline.py for tasks to queue
[2026-05-22T16:45:53.947+0000] {logging_mixin.py:188} INFO - [2026-05-22T16:45:53.947+0000] {dagbag.py:538} INFO - Filling up the DagBag from /opt/airflow/dags/warehouse_pipeline.py
[2026-05-22T16:45:53.965+0000] {processor.py:840} INFO - DAG(s) 'warehouse_pipeline' retrieved from /opt/airflow/dags/warehouse_pipeline.py
[2026-05-22T16:45:54.009+0000] {logging_mixin.py:188} INFO - [2026-05-22T16:45:54.009+0000] {dag.py:3036} INFO - Sync 1 DAGs
[2026-05-22T16:45:54.018+0000] {logging_mixin.py:188} INFO - [2026-05-22T16:45:54.018+0000] {dag.py:3823} INFO - Setting next_dagrun for warehouse_pipeline to None, run_after=None
[2026-05-22T16:45:54.028+0000] {processor.py:183} INFO - Processing /opt/airflow/dags/warehouse_pipeline.py took 0.096 seconds
[2026-05-22T16:46:24.327+0000] {processor.py:161} INFO - Started process (PID=739) to work on /opt/airflow/dags/warehouse_pipeline.py
[2026-05-22T16:46:24.331+0000] {processor.py:830} INFO - Processing file /opt/airflow/dags/warehouse_pipeline.py for tasks to queue
[2026-05-22T16:46:24.332+0000] {logging_mixin.py:188} INFO - [2026-05-22T16:46:24.331+0000] {dagbag.py:538} INFO - Filling up the DagBag from /opt/airflow/dags/warehouse_pipeline.py
[2026-05-22T16:46:24.349+0000] {processor.py:840} INFO - DAG(s) 'warehouse_pipeline' retrieved from /opt/airflow/dags/warehouse_pipeline.py
[2026-05-22T16:46:24.370+0000] {logging_mixin.py:188} INFO - [2026-05-22T16:46:24.370+0000] {dag.py:3036} INFO - Sync 1 DAGs
[2026-05-22T16:46:24.377+0000] {logging_mixin.py:188} INFO - [2026-05-22T16:46:24.377+0000] {dag.py:3823} INFO - Setting next_dagrun for warehouse_pipeline to None, run_after=None
[2026-05-22T16:46:24.386+0000] {processor.py:183} INFO - Processing /opt/airflow/dags/warehouse_pipeline.py took 0.065 seconds
[2026-05-22T16:46:54.727+0000] {processor.py:161} INFO - Started process (PID=749) to work on /opt/airflow/dags/warehouse_pipeline.py
[2026-05-22T16:46:54.731+0000] {processor.py:830} INFO - Processing file /opt/airflow/dags/warehouse_pipeline.py for tasks to queue
[2026-05-22T16:46:54.732+0000] {logging_mixin.py:188} INFO - [2026-05-22T16:46:54.731+0000] {dagbag.py:538} INFO - Filling up the DagBag from /opt/airflow/dags/warehouse_pipeline.py
[2026-05-22T16:46:54.742+0000] {processor.py:840} INFO - DAG(s) 'warehouse_pipeline' retrieved from /opt/airflow/dags/warehouse_pipeline.py
[2026-05-22T16:46:54.768+0000] {logging_mixin.py:188} INFO - [2026-05-22T16:46:54.768+0000] {dag.py:3036} INFO - Sync 1 DAGs
[2026-05-22T16:46:54.778+0000] {logging_mixin.py:188} INFO - [2026-05-22T16:46:54.778+0000] {dag.py:3823} INFO - Setting next_dagrun for warehouse_pipeline to None, run_after=None
[2026-05-22T16:46:54.788+0000] {processor.py:183} INFO - Processing /opt/airflow/dags/warehouse_pipeline.py took 0.065 seconds
[2026-05-22T16:47:25.141+0000] {processor.py:161} INFO - Started process (PID=759) to work on /opt/airflow/dags/warehouse_pipeline.py
[2026-05-22T16:47:25.147+0000] {processor.py:830} INFO - Processing file /opt/airflow/dags/warehouse_pipeline.py for tasks to queue
[2026-05-22T16:47:25.148+0000] {logging_mixin.py:188} INFO - [2026-05-22T16:47:25.148+0000] {dagbag.py:538} INFO - Filling up the DagBag from /opt/airflow/dags/warehouse_pipeline.py
[2026-05-22T16:47:25.160+0000] {processor.py:840} INFO - DAG(s) 'warehouse_pipeline' retrieved from /opt/airflow/dags/warehouse_pipeline.py
[2026-05-22T16:47:25.182+0000] {logging_mixin.py:188} INFO - [2026-05-22T16:47:25.182+0000] {dag.py:3036} INFO - Sync 1 DAGs
[2026-05-22T16:47:25.190+0000] {logging_mixin.py:188} INFO - [2026-05-22T16:47:25.190+0000] {dag.py:3823} INFO - Setting next_dagrun for warehouse_pipeline to None, run_after=None
[2026-05-22T16:47:25.199+0000] {processor.py:183} INFO - Processing /opt/airflow/dags/warehouse_pipeline.py took 0.063 seconds
[2026-05-22T16:47:55.551+0000] {processor.py:161} INFO - Started process (PID=769) to work on /opt/airflow/dags/warehouse_pipeline.py
[2026-05-22T16:47:55.554+0000] {processor.py:830} INFO - Processing file /opt/airflow/dags/warehouse_pipeline.py for tasks to queue
[2026-05-22T16:47:55.555+0000] {logging_mixin.py:188} INFO - [2026-05-22T16:47:55.555+0000] {dagbag.py:538} INFO - Filling up the DagBag from /opt/airflow/dags/warehouse_pipeline.py
[2026-05-22T16:47:55.577+0000] {processor.py:840} INFO - DAG(s) 'warehouse_pipeline' retrieved from /opt/airflow/dags/warehouse_pipeline.py
[2026-05-22T16:47:55.651+0000] {logging_mixin.py:188} INFO - [2026-05-22T16:47:55.651+0000] {dag.py:3036} INFO - Sync 1 DAGs
[2026-05-22T16:47:55.659+0000] {logging_mixin.py:188} INFO - [2026-05-22T16:47:55.658+0000] {dag.py:3823} INFO - Setting next_dagrun for warehouse_pipeline to None, run_after=None
[2026-05-22T16:47:55.669+0000] {processor.py:183} INFO - Processing /opt/airflow/dags/warehouse_pipeline.py took 0.125 seconds
[2026-05-22T16:48:25.838+0000] {processor.py:161} INFO - Started process (PID=794) to work on /opt/airflow/dags/warehouse_pipeline.py
[2026-05-22T16:48:25.840+0000] {processor.py:830} INFO - Processing file /opt/airflow/dags/warehouse_pipeline.py for tasks to queue
[2026-05-22T16:48:25.841+0000] {logging_mixin.py:188} INFO - [2026-05-22T16:48:25.841+0000] {dagbag.py:538} INFO - Filling up the DagBag from /opt/airflow/dags/warehouse_pipeline.py
[2026-05-22T16:48:25.849+0000] {processor.py:840} INFO - DAG(s) 'warehouse_pipeline' retrieved from /opt/airflow/dags/warehouse_pipeline.py
[2026-05-22T16:48:25.867+0000] {logging_mixin.py:188} INFO - [2026-05-22T16:48:25.867+0000] {dag.py:3036} INFO - Sync 1 DAGs
[2026-05-22T16:48:25.874+0000] {logging_mixin.py:188} INFO - [2026-05-22T16:48:25.874+0000] {dag.py:3823} INFO - Setting next_dagrun for warehouse_pipeline to None, run_after=None
[2026-05-22T16:48:25.885+0000] {processor.py:183} INFO - Processing /opt/airflow/dags/warehouse_pipeline.py took 0.050 seconds
[2026-05-22T16:48:56.253+0000] {processor.py:161} INFO - Started process (PID=804) to work on /opt/airflow/dags/warehouse_pipeline.py
[2026-05-22T16:48:56.258+0000] {processor.py:830} INFO - Processing file /opt/airflow/dags/warehouse_pipeline.py for tasks to queue
[2026-05-22T16:48:56.260+0000] {logging_mixin.py:188} INFO - [2026-05-22T16:48:56.259+0000] {dagbag.py:538} INFO - Filling up the DagBag from /opt/airflow/dags/warehouse_pipeline.py
[2026-05-22T16:48:56.297+0000] {processor.py:840} INFO - DAG(s) 'warehouse_pipeline' retrieved from /opt/airflow/dags/warehouse_pipeline.py
[2026-05-22T16:48:56.325+0000] {logging_mixin.py:188} INFO - [2026-05-22T16:48:56.325+0000] {dag.py:3036} INFO - Sync 1 DAGs
[2026-05-22T16:48:56.334+0000] {logging_mixin.py:188} INFO - [2026-05-22T16:48:56.334+0000] {dag.py:3823} INFO - Setting next_dagrun for warehouse_pipeline to None, run_after=None
[2026-05-22T16:48:56.345+0000] {processor.py:183} INFO - Processing /opt/airflow/dags/warehouse_pipeline.py took 0.098 seconds
[2026-05-22T16:49:26.622+0000] {processor.py:161} INFO - Started process (PID=814) to work on /opt/airflow/dags/warehouse_pipeline.py
[2026-05-22T16:49:26.626+0000] {processor.py:830} INFO - Processing file /opt/airflow/dags/warehouse_pipeline.py for tasks to queue
[2026-05-22T16:49:26.628+0000] {logging_mixin.py:188} INFO - [2026-05-22T16:49:26.627+0000] {dagbag.py:538} INFO - Filling up the DagBag from /opt/airflow/dags/warehouse_pipeline.py
[2026-05-22T16:49:26.662+0000] {processor.py:840} INFO - DAG(s) 'warehouse_pipeline' retrieved from /opt/airflow/dags/warehouse_pipeline.py
[2026-05-22T16:49:26.691+0000] {logging_mixin.py:188} INFO - [2026-05-22T16:49:26.691+0000] {dag.py:3036} INFO - Sync 1 DAGs
[2026-05-22T16:49:26.700+0000] {logging_mixin.py:188} INFO - [2026-05-22T16:49:26.700+0000] {dag.py:3823} INFO - Setting next_dagrun for warehouse_pipeline to None, run_after=None
[2026-05-22T16:49:26.712+0000] {processor.py:183} INFO - Processing /opt/airflow/dags/warehouse_pipeline.py took 0.097 seconds
[2026-05-22T16:49:52.918+0000] {processor.py:161} INFO - Started process (PID=824) to work on /opt/airflow/dags/warehouse_pipeline.py
[2026-05-22T16:49:52.923+0000] {processor.py:830} INFO - Processing file /opt/airflow/dags/warehouse_pipeline.py for tasks to queue
[2026-05-22T16:49:52.924+0000] {logging_mixin.py:188} INFO - [2026-05-22T16:49:52.924+0000] {dagbag.py:538} INFO - Filling up the DagBag from /opt/airflow/dags/warehouse_pipeline.py
[2026-05-22T16:49:52.936+0000] {processor.py:840} INFO - DAG(s) 'warehouse_pipeline' retrieved from /opt/airflow/dags/warehouse_pipeline.py
[2026-05-22T16:49:53.002+0000] {logging_mixin.py:188} INFO - [2026-05-22T16:49:53.001+0000] {dag.py:3036} INFO - Sync 1 DAGs
[2026-05-22T16:49:53.007+0000] {logging_mixin.py:188} INFO - [2026-05-22T16:49:53.007+0000] {dag.py:3823} INFO - Setting next_dagrun for warehouse_pipeline to None, run_after=None
[2026-05-22T16:49:53.017+0000] {processor.py:183} INFO - Processing /opt/airflow/dags/warehouse_pipeline.py took 0.102 seconds
[2026-05-22T16:50:23.468+0000] {processor.py:161} INFO - Started process (PID=834) to work on /opt/airflow/dags/warehouse_pipeline.py
[2026-05-22T16:50:23.472+0000] {processor.py:830} INFO - Processing file /opt/airflow/dags/warehouse_pipeline.py for tasks to queue
[2026-05-22T16:50:23.473+0000] {logging_mixin.py:188} INFO - [2026-05-22T16:50:23.473+0000] {dagbag.py:538} INFO - Filling up the DagBag from /opt/airflow/dags/warehouse_pipeline.py
[2026-05-22T16:50:23.509+0000] {processor.py:840} INFO - DAG(s) 'warehouse_pipeline' retrieved from /opt/airflow/dags/warehouse_pipeline.py
[2026-05-22T16:50:23.533+0000] {logging_mixin.py:188} INFO - [2026-05-22T16:50:23.533+0000] {dag.py:3036} INFO - Sync 1 DAGs
[2026-05-22T16:50:23.542+0000] {logging_mixin.py:188} INFO - [2026-05-22T16:50:23.542+0000] {dag.py:3823} INFO - Setting next_dagrun for warehouse_pipeline to None, run_after=None
[2026-05-22T16:50:23.555+0000] {processor.py:183} INFO - Processing /opt/airflow/dags/warehouse_pipeline.py took 0.095 seconds
[2026-05-22T16:50:53.947+0000] {processor.py:161} INFO - Started process (PID=844) to work on /opt/airflow/dags/warehouse_pipeline.py
[2026-05-22T16:50:53.952+0000] {processor.py:830} INFO - Processing file /opt/airflow/dags/warehouse_pipeline.py for tasks to queue
[2026-05-22T16:50:53.953+0000] {logging_mixin.py:188} INFO - [2026-05-22T16:50:53.953+0000] {dagbag.py:538} INFO - Filling up the DagBag from /opt/airflow/dags/warehouse_pipeline.py
[2026-05-22T16:50:53.972+0000] {processor.py:840} INFO - DAG(s) 'warehouse_pipeline' retrieved from /opt/airflow/dags/warehouse_pipeline.py
[2026-05-22T16:50:54.014+0000] {logging_mixin.py:188} INFO - [2026-05-22T16:50:54.014+0000] {dag.py:3036} INFO - Sync 1 DAGs
[2026-05-22T16:50:54.022+0000] {logging_mixin.py:188} INFO - [2026-05-22T16:50:54.022+0000] {dag.py:3823} INFO - Setting next_dagrun for warehouse_pipeline to None, run_after=None
[2026-05-22T16:50:54.033+0000] {processor.py:183} INFO - Processing /opt/airflow/dags/warehouse_pipeline.py took 0.092 seconds
[2026-05-22T16:51:24.369+0000] {processor.py:161} INFO - Started process (PID=869) to work on /opt/airflow/dags/warehouse_pipeline.py
[2026-05-22T16:51:24.373+0000] {processor.py:830} INFO - Processing file /opt/airflow/dags/warehouse_pipeline.py for tasks to queue
[2026-05-22T16:51:24.374+0000] {logging_mixin.py:188} INFO - [2026-05-22T16:51:24.374+0000] {dagbag.py:538} INFO - Filling up the DagBag from /opt/airflow/dags/warehouse_pipeline.py
[2026-05-22T16:51:24.386+0000] {processor.py:840} INFO - DAG(s) 'warehouse_pipeline' retrieved from /opt/airflow/dags/warehouse_pipeline.py
[2026-05-22T16:51:24.409+0000] {logging_mixin.py:188} INFO - [2026-05-22T16:51:24.409+0000] {dag.py:3036} INFO - Sync 1 DAGs
[2026-05-22T16:51:24.416+0000] {logging_mixin.py:188} INFO - [2026-05-22T16:51:24.416+0000] {dag.py:3823} INFO - Setting next_dagrun for warehouse_pipeline to None, run_after=None
[2026-05-22T16:51:24.425+0000] {processor.py:183} INFO - Processing /opt/airflow/dags/warehouse_pipeline.py took 0.061 seconds
[2026-05-22T16:51:54.783+0000] {processor.py:161} INFO - Started process (PID=879) to work on /opt/airflow/dags/warehouse_pipeline.py
[2026-05-22T16:51:54.789+0000] {processor.py:830} INFO - Processing file /opt/airflow/dags/warehouse_pipeline.py for tasks to queue
[2026-05-22T16:51:54.790+0000] {logging_mixin.py:188} INFO - [2026-05-22T16:51:54.790+0000] {dagbag.py:538} INFO - Filling up the DagBag from /opt/airflow/dags/warehouse_pipeline.py
[2026-05-22T16:51:54.810+0000] {processor.py:840} INFO - DAG(s) 'warehouse_pipeline' retrieved from /opt/airflow/dags/warehouse_pipeline.py
[2026-05-22T16:51:54.836+0000] {logging_mixin.py:188} INFO - [2026-05-22T16:51:54.836+0000] {dag.py:3036} INFO - Sync 1 DAGs
[2026-05-22T16:51:54.845+0000] {logging_mixin.py:188} INFO - [2026-05-22T16:51:54.845+0000] {dag.py:3823} INFO - Setting next_dagrun for warehouse_pipeline to None, run_after=None
[2026-05-22T16:51:54.855+0000] {processor.py:183} INFO - Processing /opt/airflow/dags/warehouse_pipeline.py took 0.078 seconds
[2026-05-22T16:52:25.187+0000] {processor.py:161} INFO - Started process (PID=889) to work on /opt/airflow/dags/warehouse_pipeline.py
[2026-05-22T16:52:25.192+0000] {processor.py:830} INFO - Processing file /opt/airflow/dags/warehouse_pipeline.py for tasks to queue
[2026-05-22T16:52:25.194+0000] {logging_mixin.py:188} INFO - [2026-05-22T16:52:25.193+0000] {dagbag.py:538} INFO - Filling up the DagBag from /opt/airflow/dags/warehouse_pipeline.py
[2026-05-22T16:52:25.231+0000] {processor.py:840} INFO - DAG(s) 'warehouse_pipeline' retrieved from /opt/airflow/dags/warehouse_pipeline.py
[2026-05-22T16:52:25.262+0000] {logging_mixin.py:188} INFO - [2026-05-22T16:52:25.262+0000] {dag.py:3036} INFO - Sync 1 DAGs
[2026-05-22T16:52:25.271+0000] {logging_mixin.py:188} INFO - [2026-05-22T16:52:25.271+0000] {dag.py:3823} INFO - Setting next_dagrun for warehouse_pipeline to None, run_after=None
[2026-05-22T16:52:25.282+0000] {processor.py:183} INFO - Processing /opt/airflow/dags/warehouse_pipeline.py took 0.102 seconds
[2026-05-22T16:52:55.580+0000] {processor.py:161} INFO - Started process (PID=899) to work on /opt/airflow/dags/warehouse_pipeline.py
[2026-05-22T16:52:55.584+0000] {processor.py:830} INFO - Processing file /opt/airflow/dags/warehouse_pipeline.py for tasks to queue
[2026-05-22T16:52:55.585+0000] {logging_mixin.py:188} INFO - [2026-05-22T16:52:55.585+0000] {dagbag.py:538} INFO - Filling up the DagBag from /opt/airflow/dags/warehouse_pipeline.py
[2026-05-22T16:52:55.603+0000] {processor.py:840} INFO - DAG(s) 'warehouse_pipeline' retrieved from /opt/airflow/dags/warehouse_pipeline.py
[2026-05-22T16:52:55.655+0000] {logging_mixin.py:188} INFO - [2026-05-22T16:52:55.655+0000] {dag.py:3036} INFO - Sync 1 DAGs
[2026-05-22T16:52:55.668+0000] {logging_mixin.py:188} INFO - [2026-05-22T16:52:55.668+0000] {dag.py:3823} INFO - Setting next_dagrun for warehouse_pipeline to None, run_after=None
[2026-05-22T16:52:55.683+0000] {processor.py:183} INFO - Processing /opt/airflow/dags/warehouse_pipeline.py took 0.109 seconds
[2026-05-22T16:53:26.031+0000] {processor.py:161} INFO - Started process (PID=909) to work on /opt/airflow/dags/warehouse_pipeline.py
[2026-05-22T16:53:26.035+0000] {processor.py:830} INFO - Processing file /opt/airflow/dags/warehouse_pipeline.py for tasks to queue
[2026-05-22T16:53:26.036+0000] {logging_mixin.py:188} INFO - [2026-05-22T16:53:26.035+0000] {dagbag.py:538} INFO - Filling up the DagBag from /opt/airflow/dags/warehouse_pipeline.py
[2026-05-22T16:53:26.052+0000] {processor.py:840} INFO - DAG(s) 'warehouse_pipeline' retrieved from /opt/airflow/dags/warehouse_pipeline.py
[2026-05-22T16:53:26.081+0000] {logging_mixin.py:188} INFO - [2026-05-22T16:53:26.080+0000] {dag.py:3036} INFO - Sync 1 DAGs
[2026-05-22T16:53:26.098+0000] {logging_mixin.py:188} INFO - [2026-05-22T16:53:26.097+0000] {dag.py:3823} INFO - Setting next_dagrun for warehouse_pipeline to None, run_after=None
[2026-05-22T16:53:26.108+0000] {processor.py:183} INFO - Processing /opt/airflow/dags/warehouse_pipeline.py took 0.083 seconds
[2026-05-22T16:53:56.345+0000] {processor.py:161} INFO - Started process (PID=919) to work on /opt/airflow/dags/warehouse_pipeline.py
[2026-05-22T16:53:56.348+0000] {processor.py:830} INFO - Processing file /opt/airflow/dags/warehouse_pipeline.py for tasks to queue
[2026-05-22T16:53:56.349+0000] {logging_mixin.py:188} INFO - [2026-05-22T16:53:56.349+0000] {dagbag.py:538} INFO - Filling up the DagBag from /opt/airflow/dags/warehouse_pipeline.py
[2026-05-22T16:53:56.362+0000] {processor.py:840} INFO - DAG(s) 'warehouse_pipeline' retrieved from /opt/airflow/dags/warehouse_pipeline.py
[2026-05-22T16:53:56.383+0000] {logging_mixin.py:188} INFO - [2026-05-22T16:53:56.382+0000] {dag.py:3036} INFO - Sync 1 DAGs
[2026-05-22T16:53:56.390+0000] {logging_mixin.py:188} INFO - [2026-05-22T16:53:56.390+0000] {dag.py:3823} INFO - Setting next_dagrun for warehouse_pipeline to None, run_after=None
[2026-05-22T16:53:56.400+0000] {processor.py:183} INFO - Processing /opt/airflow/dags/warehouse_pipeline.py took 0.059 seconds
[2026-05-22T16:54:26.703+0000] {processor.py:161} INFO - Started process (PID=929) to work on /opt/airflow/dags/warehouse_pipeline.py
[2026-05-22T16:54:26.709+0000] {processor.py:830} INFO - Processing file /opt/airflow/dags/warehouse_pipeline.py for tasks to queue
[2026-05-22T16:54:26.710+0000] {logging_mixin.py:188} INFO - [2026-05-22T16:54:26.709+0000] {dagbag.py:538} INFO - Filling up the DagBag from /opt/airflow/dags/warehouse_pipeline.py
[2026-05-22T16:54:26.720+0000] {processor.py:840} INFO - DAG(s) 'warehouse_pipeline' retrieved from /opt/airflow/dags/warehouse_pipeline.py
[2026-05-22T16:54:26.742+0000] {logging_mixin.py:188} INFO - [2026-05-22T16:54:26.741+0000] {dag.py:3036} INFO - Sync 1 DAGs
[2026-05-22T16:54:26.749+0000] {logging_mixin.py:188} INFO - [2026-05-22T16:54:26.749+0000] {dag.py:3823} INFO - Setting next_dagrun for warehouse_pipeline to None, run_after=None
[2026-05-22T16:54:26.757+0000] {processor.py:183} INFO - Processing /opt/airflow/dags/warehouse_pipeline.py took 0.058 seconds
[2026-05-22T16:54:40.891+0000] {processor.py:161} INFO - Started process (PID=939) to work on /opt/airflow/dags/warehouse_pipeline.py
[2026-05-22T16:54:40.894+0000] {processor.py:830} INFO - Processing file /opt/airflow/dags/warehouse_pipeline.py for tasks to queue
[2026-05-22T16:54:40.895+0000] {logging_mixin.py:188} INFO - [2026-05-22T16:54:40.895+0000] {dagbag.py:538} INFO - Filling up the DagBag from /opt/airflow/dags/warehouse_pipeline.py
[2026-05-22T16:54:40.905+0000] {processor.py:840} INFO - DAG(s) 'warehouse_pipeline' retrieved from /opt/airflow/dags/warehouse_pipeline.py
[2026-05-22T16:54:40.974+0000] {logging_mixin.py:188} INFO - [2026-05-22T16:54:40.974+0000] {dag.py:3036} INFO - Sync 1 DAGs
[2026-05-22T16:54:40.979+0000] {logging_mixin.py:188} INFO - [2026-05-22T16:54:40.979+0000] {dag.py:3823} INFO - Setting next_dagrun for warehouse_pipeline to None, run_after=None
[2026-05-22T16:54:40.989+0000] {processor.py:183} INFO - Processing /opt/airflow/dags/warehouse_pipeline.py took 0.102 seconds
[2026-05-22T16:55:11.253+0000] {processor.py:161} INFO - Started process (PID=964) to work on /opt/airflow/dags/warehouse_pipeline.py
[2026-05-22T16:55:11.259+0000] {processor.py:830} INFO - Processing file /opt/airflow/dags/warehouse_pipeline.py for tasks to queue
[2026-05-22T16:55:11.260+0000] {logging_mixin.py:188} INFO - [2026-05-22T16:55:11.260+0000] {dagbag.py:538} INFO - Filling up the DagBag from /opt/airflow/dags/warehouse_pipeline.py
[2026-05-22T16:55:11.271+0000] {processor.py:840} INFO - DAG(s) 'warehouse_pipeline' retrieved from /opt/airflow/dags/warehouse_pipeline.py
[2026-05-22T16:55:11.294+0000] {logging_mixin.py:188} INFO - [2026-05-22T16:55:11.294+0000] {dag.py:3036} INFO - Sync 1 DAGs
[2026-05-22T16:55:11.301+0000] {logging_mixin.py:188} INFO - [2026-05-22T16:55:11.301+0000] {dag.py:3823} INFO - Setting next_dagrun for warehouse_pipeline to None, run_after=None
[2026-05-22T16:55:11.311+0000] {processor.py:183} INFO - Processing /opt/airflow/dags/warehouse_pipeline.py took 0.062 seconds
[2026-05-22T16:55:41.710+0000] {processor.py:161} INFO - Started process (PID=974) to work on /opt/airflow/dags/warehouse_pipeline.py
[2026-05-22T16:55:41.718+0000] {processor.py:830} INFO - Processing file /opt/airflow/dags/warehouse_pipeline.py for tasks to queue
[2026-05-22T16:55:41.719+0000] {logging_mixin.py:188} INFO - [2026-05-22T16:55:41.718+0000] {dagbag.py:538} INFO - Filling up the DagBag from /opt/airflow/dags/warehouse_pipeline.py
[2026-05-22T16:55:41.732+0000] {processor.py:840} INFO - DAG(s) 'warehouse_pipeline' retrieved from /opt/airflow/dags/warehouse_pipeline.py
[2026-05-22T16:55:41.752+0000] {logging_mixin.py:188} INFO - [2026-05-22T16:55:41.752+0000] {dag.py:3036} INFO - Sync 1 DAGs
[2026-05-22T16:55:41.759+0000] {logging_mixin.py:188} INFO - [2026-05-22T16:55:41.759+0000] {dag.py:3823} INFO - Setting next_dagrun for warehouse_pipeline to None, run_after=None
[2026-05-22T16:55:41.769+0000] {processor.py:183} INFO - Processing /opt/airflow/dags/warehouse_pipeline.py took 0.066 seconds
[2026-05-22T16:56:12.183+0000] {processor.py:161} INFO - Started process (PID=984) to work on /opt/airflow/dags/warehouse_pipeline.py
[2026-05-22T16:56:12.186+0000] {processor.py:830} INFO - Processing file /opt/airflow/dags/warehouse_pipeline.py for tasks to queue
[2026-05-22T16:56:12.188+0000] {logging_mixin.py:188} INFO - [2026-05-22T16:56:12.187+0000] {dagbag.py:538} INFO - Filling up the DagBag from /opt/airflow/dags/warehouse_pipeline.py
[2026-05-22T16:56:12.204+0000] {processor.py:840} INFO - DAG(s) 'warehouse_pipeline' retrieved from /opt/airflow/dags/warehouse_pipeline.py
[2026-05-22T16:56:12.222+0000] {logging_mixin.py:188} INFO - [2026-05-22T16:56:12.222+0000] {dag.py:3036} INFO - Sync 1 DAGs
[2026-05-22T16:56:12.229+0000] {logging_mixin.py:188} INFO - [2026-05-22T16:56:12.228+0000] {dag.py:3823} INFO - Setting next_dagrun for warehouse_pipeline to None, run_after=None
[2026-05-22T16:56:12.237+0000] {processor.py:183} INFO - Processing /opt/airflow/dags/warehouse_pipeline.py took 0.060 seconds
[2026-05-22T16:56:42.628+0000] {processor.py:161} INFO - Started process (PID=994) to work on /opt/airflow/dags/warehouse_pipeline.py
[2026-05-22T16:56:42.637+0000] {processor.py:830} INFO - Processing file /opt/airflow/dags/warehouse_pipeline.py for tasks to queue
[2026-05-22T16:56:42.638+0000] {logging_mixin.py:188} INFO - [2026-05-22T16:56:42.638+0000] {dagbag.py:538} INFO - Filling up the DagBag from /opt/airflow/dags/warehouse_pipeline.py
[2026-05-22T16:56:42.665+0000] {processor.py:840} INFO - DAG(s) 'warehouse_pipeline' retrieved from /opt/airflow/dags/warehouse_pipeline.py
[2026-05-22T16:56:42.715+0000] {logging_mixin.py:188} INFO - [2026-05-22T16:56:42.715+0000] {dag.py:3036} INFO - Sync 1 DAGs
[2026-05-22T16:56:42.724+0000] {logging_mixin.py:188} INFO - [2026-05-22T16:56:42.723+0000] {dag.py:3823} INFO - Setting next_dagrun for warehouse_pipeline to None, run_after=None
[2026-05-22T16:56:42.733+0000] {processor.py:183} INFO - Processing /opt/airflow/dags/warehouse_pipeline.py took 0.112 seconds
[2026-05-22T16:57:13.019+0000] {processor.py:161} INFO - Started process (PID=1004) to work on /opt/airflow/dags/warehouse_pipeline.py
[2026-05-22T16:57:13.022+0000] {processor.py:830} INFO - Processing file /opt/airflow/dags/warehouse_pipeline.py for tasks to queue
[2026-05-22T16:57:13.023+0000] {logging_mixin.py:188} INFO - [2026-05-22T16:57:13.023+0000] {dagbag.py:538} INFO - Filling up the DagBag from /opt/airflow/dags/warehouse_pipeline.py
[2026-05-22T16:57:13.036+0000] {processor.py:840} INFO - DAG(s) 'warehouse_pipeline' retrieved from /opt/airflow/dags/warehouse_pipeline.py
[2026-05-22T16:57:13.056+0000] {logging_mixin.py:188} INFO - [2026-05-22T16:57:13.056+0000] {dag.py:3036} INFO - Sync 1 DAGs
[2026-05-22T16:57:13.063+0000] {logging_mixin.py:188} INFO - [2026-05-22T16:57:13.063+0000] {dag.py:3823} INFO - Setting next_dagrun for warehouse_pipeline to None, run_after=None
[2026-05-22T16:57:13.072+0000] {processor.py:183} INFO - Processing /opt/airflow/dags/warehouse_pipeline.py took 0.058 seconds
[2026-05-22T16:57:42.428+0000] {processor.py:161} INFO - Started process (PID=1014) to work on /opt/airflow/dags/warehouse_pipeline.py
[2026-05-22T16:57:42.435+0000] {processor.py:830} INFO - Processing file /opt/airflow/dags/warehouse_pipeline.py for tasks to queue
[2026-05-22T16:57:42.436+0000] {logging_mixin.py:188} INFO - [2026-05-22T16:57:42.436+0000] {dagbag.py:538} INFO - Filling up the DagBag from /opt/airflow/dags/warehouse_pipeline.py
[2026-05-22T16:57:42.451+0000] {processor.py:840} INFO - DAG(s) 'warehouse_pipeline' retrieved from /opt/airflow/dags/warehouse_pipeline.py
[2026-05-22T16:57:42.516+0000] {logging_mixin.py:188} INFO - [2026-05-22T16:57:42.516+0000] {dag.py:3036} INFO - Sync 1 DAGs
[2026-05-22T16:57:42.521+0000] {logging_mixin.py:188} INFO - [2026-05-22T16:57:42.521+0000] {dag.py:3823} INFO - Setting next_dagrun for warehouse_pipeline to None, run_after=None
[2026-05-22T16:57:42.530+0000] {processor.py:183} INFO - Processing /opt/airflow/dags/warehouse_pipeline.py took 0.109 seconds
[2026-05-22T16:58:12.859+0000] {processor.py:161} INFO - Started process (PID=1039) to work on /opt/airflow/dags/warehouse_pipeline.py
[2026-05-22T16:58:12.863+0000] {processor.py:830} INFO - Processing file /opt/airflow/dags/warehouse_pipeline.py for tasks to queue
[2026-05-22T16:58:12.864+0000] {logging_mixin.py:188} INFO - [2026-05-22T16:58:12.863+0000] {dagbag.py:538} INFO - Filling up the DagBag from /opt/airflow/dags/warehouse_pipeline.py
[2026-05-22T16:58:12.874+0000] {processor.py:840} INFO - DAG(s) 'warehouse_pipeline' retrieved from /opt/airflow/dags/warehouse_pipeline.py
[2026-05-22T16:58:12.896+0000] {logging_mixin.py:188} INFO - [2026-05-22T16:58:12.896+0000] {dag.py:3036} INFO - Sync 1 DAGs
[2026-05-22T16:58:12.904+0000] {logging_mixin.py:188} INFO - [2026-05-22T16:58:12.903+0000] {dag.py:3823} INFO - Setting next_dagrun for warehouse_pipeline to None, run_after=None
[2026-05-22T16:58:12.913+0000] {processor.py:183} INFO - Processing /opt/airflow/dags/warehouse_pipeline.py took 0.060 seconds
[2026-05-22T16:58:43.253+0000] {processor.py:161} INFO - Started process (PID=1049) to work on /opt/airflow/dags/warehouse_pipeline.py
[2026-05-22T16:58:43.260+0000] {processor.py:830} INFO - Processing file /opt/airflow/dags/warehouse_pipeline.py for tasks to queue
[2026-05-22T16:58:43.261+0000] {logging_mixin.py:188} INFO - [2026-05-22T16:58:43.260+0000] {dagbag.py:538} INFO - Filling up the DagBag from /opt/airflow/dags/warehouse_pipeline.py
[2026-05-22T16:58:43.271+0000] {processor.py:840} INFO - DAG(s) 'warehouse_pipeline' retrieved from /opt/airflow/dags/warehouse_pipeline.py
[2026-05-22T16:58:43.292+0000] {logging_mixin.py:188} INFO - [2026-05-22T16:58:43.291+0000] {dag.py:3036} INFO - Sync 1 DAGs
[2026-05-22T16:58:43.300+0000] {logging_mixin.py:188} INFO - [2026-05-22T16:58:43.300+0000] {dag.py:3823} INFO - Setting next_dagrun for warehouse_pipeline to None, run_after=None
[2026-05-22T16:58:43.309+0000] {processor.py:183} INFO - Processing /opt/airflow/dags/warehouse_pipeline.py took 0.059 seconds
[2026-05-22T16:59:13.698+0000] {processor.py:161} INFO - Started process (PID=1059) to work on /opt/airflow/dags/warehouse_pipeline.py
[2026-05-22T16:59:13.700+0000] {processor.py:830} INFO - Processing file /opt/airflow/dags/warehouse_pipeline.py for tasks to queue
[2026-05-22T16:59:13.702+0000] {logging_mixin.py:188} INFO - [2026-05-22T16:59:13.701+0000] {dagbag.py:538} INFO - Filling up the DagBag from /opt/airflow/dags/warehouse_pipeline.py
[2026-05-22T16:59:13.714+0000] {processor.py:840} INFO - DAG(s) 'warehouse_pipeline' retrieved from /opt/airflow/dags/warehouse_pipeline.py
[2026-05-22T16:59:13.736+0000] {logging_mixin.py:188} INFO - [2026-05-22T16:59:13.736+0000] {dag.py:3036} INFO - Sync 1 DAGs
[2026-05-22T16:59:13.744+0000] {logging_mixin.py:188} INFO - [2026-05-22T16:59:13.744+0000] {dag.py:3823} INFO - Setting next_dagrun for warehouse_pipeline to None, run_after=None
[2026-05-22T16:59:13.755+0000] {processor.py:183} INFO - Processing /opt/airflow/dags/warehouse_pipeline.py took 0.061 seconds
[2026-05-22T16:59:44.128+0000] {processor.py:161} INFO - Started process (PID=1069) to work on /opt/airflow/dags/warehouse_pipeline.py
[2026-05-22T16:59:44.133+0000] {processor.py:830} INFO - Processing file /opt/airflow/dags/warehouse_pipeline.py for tasks to queue
[2026-05-22T16:59:44.134+0000] {logging_mixin.py:188} INFO - [2026-05-22T16:59:44.134+0000] {dagbag.py:538} INFO - Filling up the DagBag from /opt/airflow/dags/warehouse_pipeline.py
[2026-05-22T16:59:44.146+0000] {processor.py:840} INFO - DAG(s) 'warehouse_pipeline' retrieved from /opt/airflow/dags/warehouse_pipeline.py
[2026-05-22T16:59:44.167+0000] {logging_mixin.py:188} INFO - [2026-05-22T16:59:44.167+0000] {dag.py:3036} INFO - Sync 1 DAGs
[2026-05-22T16:59:44.174+0000] {logging_mixin.py:188} INFO - [2026-05-22T16:59:44.174+0000] {dag.py:3823} INFO - Setting next_dagrun for warehouse_pipeline to None, run_after=None
[2026-05-22T16:59:44.183+0000] {processor.py:183} INFO - Processing /opt/airflow/dags/warehouse_pipeline.py took 0.060 seconds
[2026-05-22T17:00:14.551+0000] {processor.py:161} INFO - Started process (PID=1079) to work on /opt/airflow/dags/warehouse_pipeline.py
[2026-05-22T17:00:14.555+0000] {processor.py:830} INFO - Processing file /opt/airflow/dags/warehouse_pipeline.py for tasks to queue
[2026-05-22T17:00:14.556+0000] {logging_mixin.py:188} INFO - [2026-05-22T17:00:14.555+0000] {dagbag.py:538} INFO - Filling up the DagBag from /opt/airflow/dags/warehouse_pipeline.py
[2026-05-22T17:00:14.568+0000] {processor.py:840} INFO - DAG(s) 'warehouse_pipeline' retrieved from /opt/airflow/dags/warehouse_pipeline.py
[2026-05-22T17:00:14.590+0000] {logging_mixin.py:188} INFO - [2026-05-22T17:00:14.590+0000] {dag.py:3036} INFO - Sync 1 DAGs
[2026-05-22T17:00:14.598+0000] {logging_mixin.py:188} INFO - [2026-05-22T17:00:14.597+0000] {dag.py:3823} INFO - Setting next_dagrun for warehouse_pipeline to None, run_after=None
[2026-05-22T17:00:14.606+0000] {processor.py:183} INFO - Processing /opt/airflow/dags/warehouse_pipeline.py took 0.061 seconds
[2026-05-22T17:00:44.925+0000] {processor.py:161} INFO - Started process (PID=1089) to work on /opt/airflow/dags/warehouse_pipeline.py
[2026-05-22T17:00:44.930+0000] {processor.py:830} INFO - Processing file /opt/airflow/dags/warehouse_pipeline.py for tasks to queue
[2026-05-22T17:00:44.931+0000] {logging_mixin.py:188} INFO - [2026-05-22T17:00:44.930+0000] {dagbag.py:538} INFO - Filling up the DagBag from /opt/airflow/dags/warehouse_pipeline.py
[2026-05-22T17:00:44.940+0000] {processor.py:840} INFO - DAG(s) 'warehouse_pipeline' retrieved from /opt/airflow/dags/warehouse_pipeline.py
[2026-05-22T17:00:44.961+0000] {logging_mixin.py:188} INFO - [2026-05-22T17:00:44.961+0000] {dag.py:3036} INFO - Sync 1 DAGs
[2026-05-22T17:00:44.969+0000] {logging_mixin.py:188} INFO - [2026-05-22T17:00:44.969+0000] {dag.py:3823} INFO - Setting next_dagrun for warehouse_pipeline to None, run_after=None
[2026-05-22T17:00:44.978+0000] {processor.py:183} INFO - Processing /opt/airflow/dags/warehouse_pipeline.py took 0.057 seconds
[2026-05-22T17:01:15.333+0000] {processor.py:161} INFO - Started process (PID=1099) to work on /opt/airflow/dags/warehouse_pipeline.py
[2026-05-22T17:01:15.337+0000] {processor.py:830} INFO - Processing file /opt/airflow/dags/warehouse_pipeline.py for tasks to queue
[2026-05-22T17:01:15.338+0000] {logging_mixin.py:188} INFO - [2026-05-22T17:01:15.338+0000] {dagbag.py:538} INFO - Filling up the DagBag from /opt/airflow/dags/warehouse_pipeline.py
[2026-05-22T17:01:15.356+0000] {processor.py:840} INFO - DAG(s) 'warehouse_pipeline' retrieved from /opt/airflow/dags/warehouse_pipeline.py
[2026-05-22T17:01:15.394+0000] {logging_mixin.py:188} INFO - [2026-05-22T17:01:15.394+0000] {dag.py:3036} INFO - Sync 1 DAGs
[2026-05-22T17:01:15.403+0000] {logging_mixin.py:188} INFO - [2026-05-22T17:01:15.402+0000] {dag.py:3823} INFO - Setting next_dagrun for warehouse_pipeline to None, run_after=None
[2026-05-22T17:01:15.413+0000] {processor.py:183} INFO - Processing /opt/airflow/dags/warehouse_pipeline.py took 0.088 seconds
[2026-05-22T17:01:45.840+0000] {processor.py:161} INFO - Started process (PID=1109) to work on /opt/airflow/dags/warehouse_pipeline.py
[2026-05-22T17:01:45.843+0000] {processor.py:830} INFO - Processing file /opt/airflow/dags/warehouse_pipeline.py for tasks to queue
[2026-05-22T17:01:45.844+0000] {logging_mixin.py:188} INFO - [2026-05-22T17:01:45.844+0000] {dagbag.py:538} INFO - Filling up the DagBag from /opt/airflow/dags/warehouse_pipeline.py
[2026-05-22T17:01:45.852+0000] {processor.py:840} INFO - DAG(s) 'warehouse_pipeline' retrieved from /opt/airflow/dags/warehouse_pipeline.py
[2026-05-22T17:01:45.869+0000] {logging_mixin.py:188} INFO - [2026-05-22T17:01:45.869+0000] {dag.py:3036} INFO - Sync 1 DAGs
[2026-05-22T17:01:45.876+0000] {logging_mixin.py:188} INFO - [2026-05-22T17:01:45.876+0000] {dag.py:3823} INFO - Setting next_dagrun for warehouse_pipeline to None, run_after=None
[2026-05-22T17:01:45.884+0000] {processor.py:183} INFO - Processing /opt/airflow/dags/warehouse_pipeline.py took 0.047 seconds
[2026-05-22T17:03:37.904+0000] {processor.py:161} INFO - Started process (PID=1114) to work on /opt/airflow/dags/warehouse_pipeline.py
[2026-05-22T17:03:37.906+0000] {processor.py:830} INFO - Processing file /opt/airflow/dags/warehouse_pipeline.py for tasks to queue
[2026-05-22T17:03:37.907+0000] {logging_mixin.py:188} INFO - [2026-05-22T17:03:37.906+0000] {dagbag.py:538} INFO - Filling up the DagBag from /opt/airflow/dags/warehouse_pipeline.py
[2026-05-22T17:03:37.918+0000] {processor.py:840} INFO - DAG(s) 'warehouse_pipeline' retrieved from /opt/airflow/dags/warehouse_pipeline.py
[2026-05-22T17:03:37.945+0000] {logging_mixin.py:188} INFO - [2026-05-22T17:03:37.944+0000] {dag.py:3036} INFO - Sync 1 DAGs
[2026-05-22T17:03:37.961+0000] {logging_mixin.py:188} INFO - [2026-05-22T17:03:37.961+0000] {dag.py:3823} INFO - Setting next_dagrun for warehouse_pipeline to None, run_after=None
[2026-05-22T17:03:37.983+0000] {processor.py:183} INFO - Processing /opt/airflow/dags/warehouse_pipeline.py took 0.084 seconds
[2026-05-22T17:04:08.414+0000] {processor.py:161} INFO - Started process (PID=1126) to work on /opt/airflow/dags/warehouse_pipeline.py
[2026-05-22T17:04:08.420+0000] {processor.py:830} INFO - Processing file /opt/airflow/dags/warehouse_pipeline.py for tasks to queue
[2026-05-22T17:04:08.422+0000] {logging_mixin.py:188} INFO - [2026-05-22T17:04:08.421+0000] {dagbag.py:538} INFO - Filling up the DagBag from /opt/airflow/dags/warehouse_pipeline.py
[2026-05-22T17:04:08.440+0000] {processor.py:840} INFO - DAG(s) 'warehouse_pipeline' retrieved from /opt/airflow/dags/warehouse_pipeline.py
[2026-05-22T17:04:08.479+0000] {logging_mixin.py:188} INFO - [2026-05-22T17:04:08.478+0000] {dag.py:3036} INFO - Sync 1 DAGs
[2026-05-22T17:04:08.490+0000] {logging_mixin.py:188} INFO - [2026-05-22T17:04:08.490+0000] {dag.py:3823} INFO - Setting next_dagrun for warehouse_pipeline to None, run_after=None
[2026-05-22T17:04:08.507+0000] {processor.py:183} INFO - Processing /opt/airflow/dags/warehouse_pipeline.py took 0.099 seconds
[2026-05-22T17:04:38.856+0000] {processor.py:161} INFO - Started process (PID=1136) to work on /opt/airflow/dags/warehouse_pipeline.py
[2026-05-22T17:04:38.863+0000] {processor.py:830} INFO - Processing file /opt/airflow/dags/warehouse_pipeline.py for tasks to queue
[2026-05-22T17:04:38.864+0000] {logging_mixin.py:188} INFO - [2026-05-22T17:04:38.864+0000] {dagbag.py:538} INFO - Filling up the DagBag from /opt/airflow/dags/warehouse_pipeline.py
[2026-05-22T17:04:38.878+0000] {processor.py:840} INFO - DAG(s) 'warehouse_pipeline' retrieved from /opt/airflow/dags/warehouse_pipeline.py
[2026-05-22T17:04:38.903+0000] {logging_mixin.py:188} INFO - [2026-05-22T17:04:38.903+0000] {dag.py:3036} INFO - Sync 1 DAGs
[2026-05-22T17:04:38.914+0000] {logging_mixin.py:188} INFO - [2026-05-22T17:04:38.914+0000] {dag.py:3823} INFO - Setting next_dagrun for warehouse_pipeline to None, run_after=None
[2026-05-22T17:04:38.929+0000] {processor.py:183} INFO - Processing /opt/airflow/dags/warehouse_pipeline.py took 0.081 seconds
[2026-05-22T17:05:09.307+0000] {processor.py:161} INFO - Started process (PID=1146) to work on /opt/airflow/dags/warehouse_pipeline.py
[2026-05-22T17:05:09.313+0000] {processor.py:830} INFO - Processing file /opt/airflow/dags/warehouse_pipeline.py for tasks to queue
[2026-05-22T17:05:09.314+0000] {logging_mixin.py:188} INFO - [2026-05-22T17:05:09.314+0000] {dagbag.py:538} INFO - Filling up the DagBag from /opt/airflow/dags/warehouse_pipeline.py
[2026-05-22T17:05:09.336+0000] {processor.py:840} INFO - DAG(s) 'warehouse_pipeline' retrieved from /opt/airflow/dags/warehouse_pipeline.py
[2026-05-22T17:05:09.360+0000] {logging_mixin.py:188} INFO - [2026-05-22T17:05:09.360+0000] {dag.py:3036} INFO - Sync 1 DAGs
[2026-05-22T17:05:09.369+0000] {logging_mixin.py:188} INFO - [2026-05-22T17:05:09.369+0000] {dag.py:3823} INFO - Setting next_dagrun for warehouse_pipeline to None, run_after=None
[2026-05-22T17:05:09.387+0000] {processor.py:183} INFO - Processing /opt/airflow/dags/warehouse_pipeline.py took 0.090 seconds
[2026-05-22T17:05:39.756+0000] {processor.py:161} INFO - Started process (PID=1156) to work on /opt/airflow/dags/warehouse_pipeline.py
[2026-05-22T17:05:39.763+0000] {processor.py:830} INFO - Processing file /opt/airflow/dags/warehouse_pipeline.py for tasks to queue
[2026-05-22T17:05:39.764+0000] {logging_mixin.py:188} INFO - [2026-05-22T17:05:39.764+0000] {dagbag.py:538} INFO - Filling up the DagBag from /opt/airflow/dags/warehouse_pipeline.py
[2026-05-22T17:05:39.781+0000] {processor.py:840} INFO - DAG(s) 'warehouse_pipeline' retrieved from /opt/airflow/dags/warehouse_pipeline.py
[2026-05-22T17:05:39.816+0000] {logging_mixin.py:188} INFO - [2026-05-22T17:05:39.816+0000] {dag.py:3036} INFO - Sync 1 DAGs
[2026-05-22T17:05:39.826+0000] {logging_mixin.py:188} INFO - [2026-05-22T17:05:39.826+0000] {dag.py:3823} INFO - Setting next_dagrun for warehouse_pipeline to None, run_after=None
[2026-05-22T17:05:39.841+0000] {processor.py:183} INFO - Processing /opt/airflow/dags/warehouse_pipeline.py took 0.091 seconds
[2026-05-22T17:06:10.227+0000] {processor.py:161} INFO - Started process (PID=1166) to work on /opt/airflow/dags/warehouse_pipeline.py
[2026-05-22T17:06:10.230+0000] {processor.py:830} INFO - Processing file /opt/airflow/dags/warehouse_pipeline.py for tasks to queue
[2026-05-22T17:06:10.232+0000] {logging_mixin.py:188} INFO - [2026-05-22T17:06:10.231+0000] {dagbag.py:538} INFO - Filling up the DagBag from /opt/airflow/dags/warehouse_pipeline.py
[2026-05-22T17:06:10.249+0000] {processor.py:840} INFO - DAG(s) 'warehouse_pipeline' retrieved from /opt/airflow/dags/warehouse_pipeline.py
[2026-05-22T17:06:10.274+0000] {logging_mixin.py:188} INFO - [2026-05-22T17:06:10.274+0000] {dag.py:3036} INFO - Sync 1 DAGs
[2026-05-22T17:06:10.284+0000] {logging_mixin.py:188} INFO - [2026-05-22T17:06:10.284+0000] {dag.py:3823} INFO - Setting next_dagrun for warehouse_pipeline to None, run_after=None
[2026-05-22T17:06:10.302+0000] {processor.py:183} INFO - Processing /opt/airflow/dags/warehouse_pipeline.py took 0.086 seconds
[2026-05-22T17:06:40.685+0000] {processor.py:161} INFO - Started process (PID=1176) to work on /opt/airflow/dags/warehouse_pipeline.py
[2026-05-22T17:06:40.692+0000] {processor.py:830} INFO - Processing file /opt/airflow/dags/warehouse_pipeline.py for tasks to queue
[2026-05-22T17:06:40.693+0000] {logging_mixin.py:188} INFO - [2026-05-22T17:06:40.693+0000] {dagbag.py:538} INFO - Filling up the DagBag from /opt/airflow/dags/warehouse_pipeline.py
[2026-05-22T17:06:40.707+0000] {processor.py:840} INFO - DAG(s) 'warehouse_pipeline' retrieved from /opt/airflow/dags/warehouse_pipeline.py
[2026-05-22T17:06:40.737+0000] {logging_mixin.py:188} INFO - [2026-05-22T17:06:40.737+0000] {dag.py:3036} INFO - Sync 1 DAGs
[2026-05-22T17:06:40.752+0000] {logging_mixin.py:188} INFO - [2026-05-22T17:06:40.752+0000] {dag.py:3823} INFO - Setting next_dagrun for warehouse_pipeline to None, run_after=None
[2026-05-22T17:06:40.772+0000] {processor.py:183} INFO - Processing /opt/airflow/dags/warehouse_pipeline.py took 0.095 seconds
[2026-05-22T17:07:11.112+0000] {processor.py:161} INFO - Started process (PID=1186) to work on /opt/airflow/dags/warehouse_pipeline.py
[2026-05-22T17:07:11.120+0000] {processor.py:830} INFO - Processing file /opt/airflow/dags/warehouse_pipeline.py for tasks to queue
[2026-05-22T17:07:11.121+0000] {logging_mixin.py:188} INFO - [2026-05-22T17:07:11.121+0000] {dagbag.py:538} INFO - Filling up the DagBag from /opt/airflow/dags/warehouse_pipeline.py
[2026-05-22T17:07:11.140+0000] {processor.py:840} INFO - DAG(s) 'warehouse_pipeline' retrieved from /opt/airflow/dags/warehouse_pipeline.py
[2026-05-22T17:07:11.167+0000] {logging_mixin.py:188} INFO - [2026-05-22T17:07:11.167+0000] {dag.py:3036} INFO - Sync 1 DAGs
[2026-05-22T17:07:11.175+0000] {logging_mixin.py:188} INFO - [2026-05-22T17:07:11.175+0000] {dag.py:3823} INFO - Setting next_dagrun for warehouse_pipeline to None, run_after=None
[2026-05-22T17:07:11.192+0000] {processor.py:183} INFO - Processing /opt/airflow/dags/warehouse_pipeline.py took 0.087 seconds
[2026-05-22T17:07:38.459+0000] {processor.py:161} INFO - Started process (PID=1196) to work on /opt/airflow/dags/warehouse_pipeline.py
[2026-05-22T17:07:38.464+0000] {processor.py:830} INFO - Processing file /opt/airflow/dags/warehouse_pipeline.py for tasks to queue
[2026-05-22T17:07:38.465+0000] {logging_mixin.py:188} INFO - [2026-05-22T17:07:38.465+0000] {dagbag.py:538} INFO - Filling up the DagBag from /opt/airflow/dags/warehouse_pipeline.py
[2026-05-22T17:07:38.498+0000] {processor.py:840} INFO - DAG(s) 'warehouse_pipeline' retrieved from /opt/airflow/dags/warehouse_pipeline.py
[2026-05-22T17:07:38.588+0000] {logging_mixin.py:188} INFO - [2026-05-22T17:07:38.588+0000] {dag.py:3036} INFO - Sync 1 DAGs
[2026-05-22T17:07:38.594+0000] {logging_mixin.py:188} INFO - [2026-05-22T17:07:38.594+0000] {dag.py:3823} INFO - Setting next_dagrun for warehouse_pipeline to None, run_after=None
[2026-05-22T17:07:38.605+0000] {processor.py:183} INFO - Processing /opt/airflow/dags/warehouse_pipeline.py took 0.153 seconds
[2026-05-22T17:08:08.823+0000] {processor.py:161} INFO - Started process (PID=1206) to work on /opt/airflow/dags/warehouse_pipeline.py
[2026-05-22T17:08:08.826+0000] {processor.py:830} INFO - Processing file /opt/airflow/dags/warehouse_pipeline.py for tasks to queue
[2026-05-22T17:08:08.828+0000] {logging_mixin.py:188} INFO - [2026-05-22T17:08:08.827+0000] {dagbag.py:538} INFO - Filling up the DagBag from /opt/airflow/dags/warehouse_pipeline.py
[2026-05-22T17:08:08.847+0000] {processor.py:840} INFO - DAG(s) 'warehouse_pipeline' retrieved from /opt/airflow/dags/warehouse_pipeline.py
[2026-05-22T17:08:08.873+0000] {logging_mixin.py:188} INFO - [2026-05-22T17:08:08.872+0000] {dag.py:3036} INFO - Sync 1 DAGs
[2026-05-22T17:08:08.881+0000] {logging_mixin.py:188} INFO - [2026-05-22T17:08:08.880+0000] {dag.py:3823} INFO - Setting next_dagrun for warehouse_pipeline to None, run_after=None
[2026-05-22T17:08:08.891+0000] {processor.py:183} INFO - Processing /opt/airflow/dags/warehouse_pipeline.py took 0.075 seconds
[2026-05-22T17:08:39.199+0000] {processor.py:161} INFO - Started process (PID=1216) to work on /opt/airflow/dags/warehouse_pipeline.py
[2026-05-22T17:08:39.207+0000] {processor.py:830} INFO - Processing file /opt/airflow/dags/warehouse_pipeline.py for tasks to queue
[2026-05-22T17:08:39.208+0000] {logging_mixin.py:188} INFO - [2026-05-22T17:08:39.208+0000] {dagbag.py:538} INFO - Filling up the DagBag from /opt/airflow/dags/warehouse_pipeline.py
[2026-05-22T17:08:39.221+0000] {processor.py:840} INFO - DAG(s) 'warehouse_pipeline' retrieved from /opt/airflow/dags/warehouse_pipeline.py
[2026-05-22T17:08:39.245+0000] {logging_mixin.py:188} INFO - [2026-05-22T17:08:39.245+0000] {dag.py:3036} INFO - Sync 1 DAGs
[2026-05-22T17:08:39.252+0000] {logging_mixin.py:188} INFO - [2026-05-22T17:08:39.252+0000] {dag.py:3823} INFO - Setting next_dagrun for warehouse_pipeline to None, run_after=None
[2026-05-22T17:08:39.261+0000] {processor.py:183} INFO - Processing /opt/airflow/dags/warehouse_pipeline.py took 0.067 seconds
[2026-05-22T17:09:09.583+0000] {processor.py:161} INFO - Started process (PID=1241) to work on /opt/airflow/dags/warehouse_pipeline.py
[2026-05-22T17:09:09.586+0000] {processor.py:830} INFO - Processing file /opt/airflow/dags/warehouse_pipeline.py for tasks to queue
[2026-05-22T17:09:09.587+0000] {logging_mixin.py:188} INFO - [2026-05-22T17:09:09.587+0000] {dagbag.py:538} INFO - Filling up the DagBag from /opt/airflow/dags/warehouse_pipeline.py
[2026-05-22T17:09:09.594+0000] {processor.py:840} INFO - DAG(s) 'warehouse_pipeline' retrieved from /opt/airflow/dags/warehouse_pipeline.py
[2026-05-22T17:09:09.609+0000] {logging_mixin.py:188} INFO - [2026-05-22T17:09:09.608+0000] {dag.py:3036} INFO - Sync 1 DAGs
[2026-05-22T17:09:09.615+0000] {logging_mixin.py:188} INFO - [2026-05-22T17:09:09.615+0000] {dag.py:3823} INFO - Setting next_dagrun for warehouse_pipeline to None, run_after=None
[2026-05-22T17:09:09.623+0000] {processor.py:183} INFO - Processing /opt/airflow/dags/warehouse_pipeline.py took 0.042 seconds
[2026-05-22T17:09:40.006+0000] {processor.py:161} INFO - Started process (PID=1251) to work on /opt/airflow/dags/warehouse_pipeline.py
[2026-05-22T17:09:40.010+0000] {processor.py:830} INFO - Processing file /opt/airflow/dags/warehouse_pipeline.py for tasks to queue
[2026-05-22T17:09:40.011+0000] {logging_mixin.py:188} INFO - [2026-05-22T17:09:40.011+0000] {dagbag.py:538} INFO - Filling up the DagBag from /opt/airflow/dags/warehouse_pipeline.py
[2026-05-22T17:09:40.024+0000] {processor.py:840} INFO - DAG(s) 'warehouse_pipeline' retrieved from /opt/airflow/dags/warehouse_pipeline.py
[2026-05-22T17:09:40.047+0000] {logging_mixin.py:188} INFO - [2026-05-22T17:09:40.046+0000] {dag.py:3036} INFO - Sync 1 DAGs
[2026-05-22T17:09:40.053+0000] {logging_mixin.py:188} INFO - [2026-05-22T17:09:40.053+0000] {dag.py:3823} INFO - Setting next_dagrun for warehouse_pipeline to None, run_after=None
[2026-05-22T17:09:40.062+0000] {processor.py:183} INFO - Processing /opt/airflow/dags/warehouse_pipeline.py took 0.061 seconds
[2026-05-22T17:10:10.400+0000] {processor.py:161} INFO - Started process (PID=1261) to work on /opt/airflow/dags/warehouse_pipeline.py
[2026-05-22T17:10:10.404+0000] {processor.py:830} INFO - Processing file /opt/airflow/dags/warehouse_pipeline.py for tasks to queue
[2026-05-22T17:10:10.404+0000] {logging_mixin.py:188} INFO - [2026-05-22T17:10:10.404+0000] {dagbag.py:538} INFO - Filling up the DagBag from /opt/airflow/dags/warehouse_pipeline.py
[2026-05-22T17:10:10.412+0000] {processor.py:840} INFO - DAG(s) 'warehouse_pipeline' retrieved from /opt/airflow/dags/warehouse_pipeline.py
[2026-05-22T17:10:10.428+0000] {logging_mixin.py:188} INFO - [2026-05-22T17:10:10.428+0000] {dag.py:3036} INFO - Sync 1 DAGs
[2026-05-22T17:10:10.435+0000] {logging_mixin.py:188} INFO - [2026-05-22T17:10:10.435+0000] {dag.py:3823} INFO - Setting next_dagrun for warehouse_pipeline to None, run_after=None
[2026-05-22T17:10:10.445+0000] {processor.py:183} INFO - Processing /opt/airflow/dags/warehouse_pipeline.py took 0.047 seconds
[2026-05-22T17:10:40.797+0000] {processor.py:161} INFO - Started process (PID=1271) to work on /opt/airflow/dags/warehouse_pipeline.py
[2026-05-22T17:10:40.802+0000] {processor.py:830} INFO - Processing file /opt/airflow/dags/warehouse_pipeline.py for tasks to queue
[2026-05-22T17:10:40.803+0000] {logging_mixin.py:188} INFO - [2026-05-22T17:10:40.803+0000] {dagbag.py:538} INFO - Filling up the DagBag from /opt/airflow/dags/warehouse_pipeline.py
[2026-05-22T17:10:40.815+0000] {processor.py:840} INFO - DAG(s) 'warehouse_pipeline' retrieved from /opt/airflow/dags/warehouse_pipeline.py
[2026-05-22T17:10:40.838+0000] {logging_mixin.py:188} INFO - [2026-05-22T17:10:40.838+0000] {dag.py:3036} INFO - Sync 1 DAGs
[2026-05-22T17:10:40.846+0000] {logging_mixin.py:188} INFO - [2026-05-22T17:10:40.846+0000] {dag.py:3823} INFO - Setting next_dagrun for warehouse_pipeline to None, run_after=None
[2026-05-22T17:10:40.856+0000] {processor.py:183} INFO - Processing /opt/airflow/dags/warehouse_pipeline.py took 0.063 seconds
[2026-05-22T17:11:11.217+0000] {processor.py:161} INFO - Started process (PID=1281) to work on /opt/airflow/dags/warehouse_pipeline.py
[2026-05-22T17:11:11.221+0000] {processor.py:830} INFO - Processing file /opt/airflow/dags/warehouse_pipeline.py for tasks to queue
[2026-05-22T17:11:11.222+0000] {logging_mixin.py:188} INFO - [2026-05-22T17:11:11.222+0000] {dagbag.py:538} INFO - Filling up the DagBag from /opt/airflow/dags/warehouse_pipeline.py
[2026-05-22T17:11:11.241+0000] {processor.py:840} INFO - DAG(s) 'warehouse_pipeline' retrieved from /opt/airflow/dags/warehouse_pipeline.py
[2026-05-22T17:11:11.273+0000] {logging_mixin.py:188} INFO - [2026-05-22T17:11:11.273+0000] {dag.py:3036} INFO - Sync 1 DAGs
[2026-05-22T17:11:11.283+0000] {logging_mixin.py:188} INFO - [2026-05-22T17:11:11.283+0000] {dag.py:3823} INFO - Setting next_dagrun for warehouse_pipeline to None, run_after=None
[2026-05-22T17:11:11.294+0000] {processor.py:183} INFO - Processing /opt/airflow/dags/warehouse_pipeline.py took 0.084 seconds
[2026-05-22T17:11:41.650+0000] {processor.py:161} INFO - Started process (PID=1291) to work on /opt/airflow/dags/warehouse_pipeline.py
[2026-05-22T17:11:41.655+0000] {processor.py:830} INFO - Processing file /opt/airflow/dags/warehouse_pipeline.py for tasks to queue
[2026-05-22T17:11:41.656+0000] {logging_mixin.py:188} INFO - [2026-05-22T17:11:41.656+0000] {dagbag.py:538} INFO - Filling up the DagBag from /opt/airflow/dags/warehouse_pipeline.py
[2026-05-22T17:11:41.667+0000] {processor.py:840} INFO - DAG(s) 'warehouse_pipeline' retrieved from /opt/airflow/dags/warehouse_pipeline.py
[2026-05-22T17:11:41.689+0000] {logging_mixin.py:188} INFO - [2026-05-22T17:11:41.689+0000] {dag.py:3036} INFO - Sync 1 DAGs
[2026-05-22T17:11:41.697+0000] {logging_mixin.py:188} INFO - [2026-05-22T17:11:41.697+0000] {dag.py:3823} INFO - Setting next_dagrun for warehouse_pipeline to None, run_after=None
[2026-05-22T17:11:41.706+0000] {processor.py:183} INFO - Processing /opt/airflow/dags/warehouse_pipeline.py took 0.060 seconds
[2026-05-22T17:11:42.679+0000] {processor.py:161} INFO - Started process (PID=1296) to work on /opt/airflow/dags/warehouse_pipeline.py
[2026-05-22T17:11:42.681+0000] {processor.py:830} INFO - Processing file /opt/airflow/dags/warehouse_pipeline.py for tasks to queue
[2026-05-22T17:11:42.682+0000] {logging_mixin.py:188} INFO - [2026-05-22T17:11:42.682+0000] {dagbag.py:538} INFO - Filling up the DagBag from /opt/airflow/dags/warehouse_pipeline.py
[2026-05-22T17:11:42.694+0000] {processor.py:840} INFO - DAG(s) 'warehouse_pipeline' retrieved from /opt/airflow/dags/warehouse_pipeline.py
[2026-05-22T17:11:42.763+0000] {logging_mixin.py:188} INFO - [2026-05-22T17:11:42.762+0000] {dag.py:3036} INFO - Sync 1 DAGs
[2026-05-22T17:11:42.768+0000] {logging_mixin.py:188} INFO - [2026-05-22T17:11:42.768+0000] {dag.py:3823} INFO - Setting next_dagrun for warehouse_pipeline to None, run_after=None
[2026-05-22T17:11:42.777+0000] {processor.py:183} INFO - Processing /opt/airflow/dags/warehouse_pipeline.py took 0.103 seconds
[2026-05-22T17:12:13.139+0000] {processor.py:161} INFO - Started process (PID=1306) to work on /opt/airflow/dags/warehouse_pipeline.py
[2026-05-22T17:12:13.148+0000] {processor.py:830} INFO - Processing file /opt/airflow/dags/warehouse_pipeline.py for tasks to queue
[2026-05-22T17:12:13.149+0000] {logging_mixin.py:188} INFO - [2026-05-22T17:12:13.149+0000] {dagbag.py:538} INFO - Filling up the DagBag from /opt/airflow/dags/warehouse_pipeline.py
[2026-05-22T17:12:13.168+0000] {processor.py:840} INFO - DAG(s) 'warehouse_pipeline' retrieved from /opt/airflow/dags/warehouse_pipeline.py
[2026-05-22T17:12:13.193+0000] {logging_mixin.py:188} INFO - [2026-05-22T17:12:13.193+0000] {dag.py:3036} INFO - Sync 1 DAGs
[2026-05-22T17:12:13.201+0000] {logging_mixin.py:188} INFO - [2026-05-22T17:12:13.201+0000] {dag.py:3823} INFO - Setting next_dagrun for warehouse_pipeline to None, run_after=None
[2026-05-22T17:12:13.211+0000] {processor.py:183} INFO - Processing /opt/airflow/dags/warehouse_pipeline.py took 0.080 seconds
[2026-05-22T17:12:43.525+0000] {processor.py:161} INFO - Started process (PID=1316) to work on /opt/airflow/dags/warehouse_pipeline.py
[2026-05-22T17:12:43.529+0000] {processor.py:830} INFO - Processing file /opt/airflow/dags/warehouse_pipeline.py for tasks to queue
[2026-05-22T17:12:43.530+0000] {logging_mixin.py:188} INFO - [2026-05-22T17:12:43.529+0000] {dagbag.py:538} INFO - Filling up the DagBag from /opt/airflow/dags/warehouse_pipeline.py
[2026-05-22T17:12:43.539+0000] {processor.py:840} INFO - DAG(s) 'warehouse_pipeline' retrieved from /opt/airflow/dags/warehouse_pipeline.py
[2026-05-22T17:12:43.556+0000] {logging_mixin.py:188} INFO - [2026-05-22T17:12:43.556+0000] {dag.py:3036} INFO - Sync 1 DAGs
[2026-05-22T17:12:43.562+0000] {logging_mixin.py:188} INFO - [2026-05-22T17:12:43.562+0000] {dag.py:3823} INFO - Setting next_dagrun for warehouse_pipeline to None, run_after=None
[2026-05-22T17:12:43.571+0000] {processor.py:183} INFO - Processing /opt/airflow/dags/warehouse_pipeline.py took 0.049 seconds
[2026-05-22T17:13:13.920+0000] {processor.py:161} INFO - Started process (PID=1341) to work on /opt/airflow/dags/warehouse_pipeline.py
[2026-05-22T17:13:13.926+0000] {processor.py:830} INFO - Processing file /opt/airflow/dags/warehouse_pipeline.py for tasks to queue
[2026-05-22T17:13:13.927+0000] {logging_mixin.py:188} INFO - [2026-05-22T17:13:13.926+0000] {dagbag.py:538} INFO - Filling up the DagBag from /opt/airflow/dags/warehouse_pipeline.py
[2026-05-22T17:13:13.944+0000] {processor.py:840} INFO - DAG(s) 'warehouse_pipeline' retrieved from /opt/airflow/dags/warehouse_pipeline.py
[2026-05-22T17:13:13.968+0000] {logging_mixin.py:188} INFO - [2026-05-22T17:13:13.967+0000] {dag.py:3036} INFO - Sync 1 DAGs
[2026-05-22T17:13:13.975+0000] {logging_mixin.py:188} INFO - [2026-05-22T17:13:13.975+0000] {dag.py:3823} INFO - Setting next_dagrun for warehouse_pipeline to None, run_after=None
[2026-05-22T17:13:13.985+0000] {processor.py:183} INFO - Processing /opt/airflow/dags/warehouse_pipeline.py took 0.072 seconds
[2026-05-22T17:13:44.347+0000] {processor.py:161} INFO - Started process (PID=1351) to work on /opt/airflow/dags/warehouse_pipeline.py
[2026-05-22T17:13:44.351+0000] {processor.py:830} INFO - Processing file /opt/airflow/dags/warehouse_pipeline.py for tasks to queue
[2026-05-22T17:13:44.352+0000] {logging_mixin.py:188} INFO - [2026-05-22T17:13:44.352+0000] {dagbag.py:538} INFO - Filling up the DagBag from /opt/airflow/dags/warehouse_pipeline.py
[2026-05-22T17:13:44.365+0000] {processor.py:840} INFO - DAG(s) 'warehouse_pipeline' retrieved from /opt/airflow/dags/warehouse_pipeline.py
[2026-05-22T17:13:44.387+0000] {logging_mixin.py:188} INFO - [2026-05-22T17:13:44.387+0000] {dag.py:3036} INFO - Sync 1 DAGs
[2026-05-22T17:13:44.395+0000] {logging_mixin.py:188} INFO - [2026-05-22T17:13:44.395+0000] {dag.py:3823} INFO - Setting next_dagrun for warehouse_pipeline to None, run_after=None
[2026-05-22T17:13:44.404+0000] {processor.py:183} INFO - Processing /opt/airflow/dags/warehouse_pipeline.py took 0.061 seconds
[2026-05-22T17:14:14.760+0000] {processor.py:161} INFO - Started process (PID=1361) to work on /opt/airflow/dags/warehouse_pipeline.py
[2026-05-22T17:14:14.766+0000] {processor.py:830} INFO - Processing file /opt/airflow/dags/warehouse_pipeline.py for tasks to queue
[2026-05-22T17:14:14.767+0000] {logging_mixin.py:188} INFO - [2026-05-22T17:14:14.767+0000] {dagbag.py:538} INFO - Filling up the DagBag from /opt/airflow/dags/warehouse_pipeline.py
[2026-05-22T17:14:14.782+0000] {processor.py:840} INFO - DAG(s) 'warehouse_pipeline' retrieved from /opt/airflow/dags/warehouse_pipeline.py
[2026-05-22T17:14:14.807+0000] {logging_mixin.py:188} INFO - [2026-05-22T17:14:14.807+0000] {dag.py:3036} INFO - Sync 1 DAGs
[2026-05-22T17:14:14.825+0000] {logging_mixin.py:188} INFO - [2026-05-22T17:14:14.824+0000] {dag.py:3823} INFO - Setting next_dagrun for warehouse_pipeline to None, run_after=None
[2026-05-22T17:14:14.838+0000] {processor.py:183} INFO - Processing /opt/airflow/dags/warehouse_pipeline.py took 0.082 seconds
[2026-05-22T17:14:45.130+0000] {processor.py:161} INFO - Started process (PID=1371) to work on /opt/airflow/dags/warehouse_pipeline.py
[2026-05-22T17:14:45.136+0000] {processor.py:830} INFO - Processing file /opt/airflow/dags/warehouse_pipeline.py for tasks to queue
[2026-05-22T17:14:45.137+0000] {logging_mixin.py:188} INFO - [2026-05-22T17:14:45.137+0000] {dagbag.py:538} INFO - Filling up the DagBag from /opt/airflow/dags/warehouse_pipeline.py
[2026-05-22T17:14:45.150+0000] {processor.py:840} INFO - DAG(s) 'warehouse_pipeline' retrieved from /opt/airflow/dags/warehouse_pipeline.py
[2026-05-22T17:14:45.172+0000] {logging_mixin.py:188} INFO - [2026-05-22T17:14:45.172+0000] {dag.py:3036} INFO - Sync 1 DAGs
[2026-05-22T17:14:45.180+0000] {logging_mixin.py:188} INFO - [2026-05-22T17:14:45.180+0000] {dag.py:3823} INFO - Setting next_dagrun for warehouse_pipeline to None, run_after=None
[2026-05-22T17:14:45.189+0000] {processor.py:183} INFO - Processing /opt/airflow/dags/warehouse_pipeline.py took 0.064 seconds
[2026-05-22T17:14:49.260+0000] {processor.py:161} INFO - Started process (PID=1381) to work on /opt/airflow/dags/warehouse_pipeline.py
[2026-05-22T17:14:49.265+0000] {processor.py:830} INFO - Processing file /opt/airflow/dags/warehouse_pipeline.py for tasks to queue
[2026-05-22T17:14:49.266+0000] {logging_mixin.py:188} INFO - [2026-05-22T17:14:49.265+0000] {dagbag.py:538} INFO - Filling up the DagBag from /opt/airflow/dags/warehouse_pipeline.py
[2026-05-22T17:14:49.278+0000] {processor.py:840} INFO - DAG(s) 'warehouse_pipeline' retrieved from /opt/airflow/dags/warehouse_pipeline.py
[2026-05-22T17:14:49.342+0000] {logging_mixin.py:188} INFO - [2026-05-22T17:14:49.342+0000] {dag.py:3036} INFO - Sync 1 DAGs
[2026-05-22T17:14:49.346+0000] {logging_mixin.py:188} INFO - [2026-05-22T17:14:49.346+0000] {dag.py:3823} INFO - Setting next_dagrun for warehouse_pipeline to None, run_after=None
[2026-05-22T17:14:49.355+0000] {processor.py:183} INFO - Processing /opt/airflow/dags/warehouse_pipeline.py took 0.099 seconds
[2026-05-22T17:15:19.642+0000] {processor.py:161} INFO - Started process (PID=1391) to work on /opt/airflow/dags/warehouse_pipeline.py
[2026-05-22T17:15:19.644+0000] {processor.py:830} INFO - Processing file /opt/airflow/dags/warehouse_pipeline.py for tasks to queue
[2026-05-22T17:15:19.645+0000] {logging_mixin.py:188} INFO - [2026-05-22T17:15:19.644+0000] {dagbag.py:538} INFO - Filling up the DagBag from /opt/airflow/dags/warehouse_pipeline.py
[2026-05-22T17:15:19.652+0000] {processor.py:840} INFO - DAG(s) 'warehouse_pipeline' retrieved from /opt/airflow/dags/warehouse_pipeline.py
[2026-05-22T17:15:19.669+0000] {logging_mixin.py:188} INFO - [2026-05-22T17:15:19.668+0000] {dag.py:3036} INFO - Sync 1 DAGs
[2026-05-22T17:15:19.674+0000] {logging_mixin.py:188} INFO - [2026-05-22T17:15:19.674+0000] {dag.py:3823} INFO - Setting next_dagrun for warehouse_pipeline to None, run_after=None
[2026-05-22T17:15:19.683+0000] {processor.py:183} INFO - Processing /opt/airflow/dags/warehouse_pipeline.py took 0.043 seconds
[2026-05-22T17:15:50.081+0000] {processor.py:161} INFO - Started process (PID=1401) to work on /opt/airflow/dags/warehouse_pipeline.py
[2026-05-22T17:15:50.084+0000] {processor.py:830} INFO - Processing file /opt/airflow/dags/warehouse_pipeline.py for tasks to queue
[2026-05-22T17:15:50.085+0000] {logging_mixin.py:188} INFO - [2026-05-22T17:15:50.084+0000] {dagbag.py:538} INFO - Filling up the DagBag from /opt/airflow/dags/warehouse_pipeline.py
[2026-05-22T17:15:50.096+0000] {processor.py:840} INFO - DAG(s) 'warehouse_pipeline' retrieved from /opt/airflow/dags/warehouse_pipeline.py
[2026-05-22T17:15:50.119+0000] {logging_mixin.py:188} INFO - [2026-05-22T17:15:50.118+0000] {dag.py:3036} INFO - Sync 1 DAGs
[2026-05-22T17:15:50.128+0000] {logging_mixin.py:188} INFO - [2026-05-22T17:15:50.128+0000] {dag.py:3823} INFO - Setting next_dagrun for warehouse_pipeline to None, run_after=None
[2026-05-22T17:15:50.138+0000] {processor.py:183} INFO - Processing /opt/airflow/dags/warehouse_pipeline.py took 0.060 seconds
[2026-05-22T17:16:20.502+0000] {processor.py:161} INFO - Started process (PID=1411) to work on /opt/airflow/dags/warehouse_pipeline.py
[2026-05-22T17:16:20.504+0000] {processor.py:830} INFO - Processing file /opt/airflow/dags/warehouse_pipeline.py for tasks to queue
[2026-05-22T17:16:20.507+0000] {logging_mixin.py:188} INFO - [2026-05-22T17:16:20.506+0000] {dagbag.py:538} INFO - Filling up the DagBag from /opt/airflow/dags/warehouse_pipeline.py
[2026-05-22T17:16:20.512+0000] {processor.py:840} INFO - DAG(s) 'warehouse_pipeline' retrieved from /opt/airflow/dags/warehouse_pipeline.py
[2026-05-22T17:16:20.525+0000] {logging_mixin.py:188} INFO - [2026-05-22T17:16:20.524+0000] {dag.py:3036} INFO - Sync 1 DAGs
[2026-05-22T17:16:20.530+0000] {logging_mixin.py:188} INFO - [2026-05-22T17:16:20.530+0000] {dag.py:3823} INFO - Setting next_dagrun for warehouse_pipeline to None, run_after=None
[2026-05-22T17:16:20.538+0000] {processor.py:183} INFO - Processing /opt/airflow/dags/warehouse_pipeline.py took 0.037 seconds
[2026-05-22T17:16:50.899+0000] {processor.py:161} INFO - Started process (PID=1436) to work on /opt/airflow/dags/warehouse_pipeline.py
[2026-05-22T17:16:50.905+0000] {processor.py:830} INFO - Processing file /opt/airflow/dags/warehouse_pipeline.py for tasks to queue
[2026-05-22T17:16:50.905+0000] {logging_mixin.py:188} INFO - [2026-05-22T17:16:50.905+0000] {dagbag.py:538} INFO - Filling up the DagBag from /opt/airflow/dags/warehouse_pipeline.py
[2026-05-22T17:16:50.914+0000] {processor.py:840} INFO - DAG(s) 'warehouse_pipeline' retrieved from /opt/airflow/dags/warehouse_pipeline.py
[2026-05-22T17:16:50.932+0000] {logging_mixin.py:188} INFO - [2026-05-22T17:16:50.932+0000] {dag.py:3036} INFO - Sync 1 DAGs
[2026-05-22T17:16:50.938+0000] {logging_mixin.py:188} INFO - [2026-05-22T17:16:50.938+0000] {dag.py:3823} INFO - Setting next_dagrun for warehouse_pipeline to None, run_after=None
[2026-05-22T17:16:50.949+0000] {processor.py:183} INFO - Processing /opt/airflow/dags/warehouse_pipeline.py took 0.053 seconds
[2026-05-22T17:17:21.237+0000] {processor.py:161} INFO - Started process (PID=1446) to work on /opt/airflow/dags/warehouse_pipeline.py
[2026-05-22T17:17:21.248+0000] {processor.py:830} INFO - Processing file /opt/airflow/dags/warehouse_pipeline.py for tasks to queue
[2026-05-22T17:17:21.254+0000] {logging_mixin.py:188} INFO - [2026-05-22T17:17:21.250+0000] {dagbag.py:538} INFO - Filling up the DagBag from /opt/airflow/dags/warehouse_pipeline.py
[2026-05-22T17:17:21.288+0000] {processor.py:840} INFO - DAG(s) 'warehouse_pipeline' retrieved from /opt/airflow/dags/warehouse_pipeline.py
[2026-05-22T17:17:21.314+0000] {logging_mixin.py:188} INFO - [2026-05-22T17:17:21.314+0000] {dag.py:3036} INFO - Sync 1 DAGs
[2026-05-22T17:17:21.323+0000] {logging_mixin.py:188} INFO - [2026-05-22T17:17:21.323+0000] {dag.py:3823} INFO - Setting next_dagrun for warehouse_pipeline to None, run_after=None
[2026-05-22T17:17:21.334+0000] {processor.py:183} INFO - Processing /opt/airflow/dags/warehouse_pipeline.py took 0.104 seconds
[2026-05-22T17:17:51.588+0000] {processor.py:161} INFO - Started process (PID=1456) to work on /opt/airflow/dags/warehouse_pipeline.py
[2026-05-22T17:17:51.593+0000] {processor.py:830} INFO - Processing file /opt/airflow/dags/warehouse_pipeline.py for tasks to queue
[2026-05-22T17:17:51.594+0000] {logging_mixin.py:188} INFO - [2026-05-22T17:17:51.593+0000] {dagbag.py:538} INFO - Filling up the DagBag from /opt/airflow/dags/warehouse_pipeline.py
[2026-05-22T17:17:51.604+0000] {processor.py:840} INFO - DAG(s) 'warehouse_pipeline' retrieved from /opt/airflow/dags/warehouse_pipeline.py
[2026-05-22T17:17:51.625+0000] {logging_mixin.py:188} INFO - [2026-05-22T17:17:51.624+0000] {dag.py:3036} INFO - Sync 1 DAGs
[2026-05-22T17:17:51.632+0000] {logging_mixin.py:188} INFO - [2026-05-22T17:17:51.632+0000] {dag.py:3823} INFO - Setting next_dagrun for warehouse_pipeline to None, run_after=None
[2026-05-22T17:17:51.641+0000] {processor.py:183} INFO - Processing /opt/airflow/dags/warehouse_pipeline.py took 0.057 seconds
[2026-05-22T17:18:21.894+0000] {processor.py:161} INFO - Started process (PID=1466) to work on /opt/airflow/dags/warehouse_pipeline.py
[2026-05-22T17:18:21.901+0000] {processor.py:830} INFO - Processing file /opt/airflow/dags/warehouse_pipeline.py for tasks to queue
[2026-05-22T17:18:21.902+0000] {logging_mixin.py:188} INFO - [2026-05-22T17:18:21.901+0000] {dagbag.py:538} INFO - Filling up the DagBag from /opt/airflow/dags/warehouse_pipeline.py
[2026-05-22T17:18:21.913+0000] {processor.py:840} INFO - DAG(s) 'warehouse_pipeline' retrieved from /opt/airflow/dags/warehouse_pipeline.py
[2026-05-22T17:18:21.937+0000] {logging_mixin.py:188} INFO - [2026-05-22T17:18:21.936+0000] {dag.py:3036} INFO - Sync 1 DAGs
[2026-05-22T17:18:21.943+0000] {logging_mixin.py:188} INFO - [2026-05-22T17:18:21.943+0000] {dag.py:3823} INFO - Setting next_dagrun for warehouse_pipeline to None, run_after=None
[2026-05-22T17:18:21.952+0000] {processor.py:183} INFO - Processing /opt/airflow/dags/warehouse_pipeline.py took 0.063 seconds
[2026-05-22T17:18:52.311+0000] {processor.py:161} INFO - Started process (PID=1476) to work on /opt/airflow/dags/warehouse_pipeline.py
[2026-05-22T17:18:52.320+0000] {processor.py:830} INFO - Processing file /opt/airflow/dags/warehouse_pipeline.py for tasks to queue
[2026-05-22T17:18:52.321+0000] {logging_mixin.py:188} INFO - [2026-05-22T17:18:52.321+0000] {dagbag.py:538} INFO - Filling up the DagBag from /opt/airflow/dags/warehouse_pipeline.py
[2026-05-22T17:18:52.332+0000] {processor.py:840} INFO - DAG(s) 'warehouse_pipeline' retrieved from /opt/airflow/dags/warehouse_pipeline.py
[2026-05-22T17:18:52.353+0000] {logging_mixin.py:188} INFO - [2026-05-22T17:18:52.353+0000] {dag.py:3036} INFO - Sync 1 DAGs
[2026-05-22T17:18:52.361+0000] {logging_mixin.py:188} INFO - [2026-05-22T17:18:52.361+0000] {dag.py:3823} INFO - Setting next_dagrun for warehouse_pipeline to None, run_after=None
[2026-05-22T17:18:52.371+0000] {processor.py:183} INFO - Processing /opt/airflow/dags/warehouse_pipeline.py took 0.064 seconds
[2026-05-22T17:19:16.652+0000] {processor.py:161} INFO - Started process (PID=1481) to work on /opt/airflow/dags/warehouse_pipeline.py
[2026-05-22T17:19:16.656+0000] {processor.py:830} INFO - Processing file /opt/airflow/dags/warehouse_pipeline.py for tasks to queue
[2026-05-22T17:19:16.657+0000] {logging_mixin.py:188} INFO - [2026-05-22T17:19:16.657+0000] {dagbag.py:538} INFO - Filling up the DagBag from /opt/airflow/dags/warehouse_pipeline.py
[2026-05-22T17:19:16.669+0000] {processor.py:840} INFO - DAG(s) 'warehouse_pipeline' retrieved from /opt/airflow/dags/warehouse_pipeline.py
[2026-05-22T17:19:16.736+0000] {logging_mixin.py:188} INFO - [2026-05-22T17:19:16.736+0000] {dag.py:3036} INFO - Sync 1 DAGs
[2026-05-22T17:19:16.741+0000] {logging_mixin.py:188} INFO - [2026-05-22T17:19:16.741+0000] {dag.py:3823} INFO - Setting next_dagrun for warehouse_pipeline to None, run_after=None
[2026-05-22T17:19:16.751+0000] {processor.py:183} INFO - Processing /opt/airflow/dags/warehouse_pipeline.py took 0.104 seconds
[2026-05-22T17:19:47.023+0000] {processor.py:161} INFO - Started process (PID=1491) to work on /opt/airflow/dags/warehouse_pipeline.py
[2026-05-22T17:19:47.029+0000] {processor.py:830} INFO - Processing file /opt/airflow/dags/warehouse_pipeline.py for tasks to queue
[2026-05-22T17:19:47.031+0000] {logging_mixin.py:188} INFO - [2026-05-22T17:19:47.031+0000] {dagbag.py:538} INFO - Filling up the DagBag from /opt/airflow/dags/warehouse_pipeline.py
[2026-05-22T17:19:47.051+0000] {processor.py:840} INFO - DAG(s) 'warehouse_pipeline' retrieved from /opt/airflow/dags/warehouse_pipeline.py
[2026-05-22T17:19:47.091+0000] {logging_mixin.py:188} INFO - [2026-05-22T17:19:47.091+0000] {dag.py:3036} INFO - Sync 1 DAGs
[2026-05-22T17:19:47.109+0000] {logging_mixin.py:188} INFO - [2026-05-22T17:19:47.107+0000] {dag.py:3823} INFO - Setting next_dagrun for warehouse_pipeline to None, run_after=None
[2026-05-22T17:19:47.137+0000] {processor.py:183} INFO - Processing /opt/airflow/dags/warehouse_pipeline.py took 0.119 seconds
[2026-05-22T17:20:17.393+0000] {processor.py:161} INFO - Started process (PID=1516) to work on /opt/airflow/dags/warehouse_pipeline.py
[2026-05-22T17:20:17.405+0000] {processor.py:830} INFO - Processing file /opt/airflow/dags/warehouse_pipeline.py for tasks to queue
[2026-05-22T17:20:17.406+0000] {logging_mixin.py:188} INFO - [2026-05-22T17:20:17.405+0000] {dagbag.py:538} INFO - Filling up the DagBag from /opt/airflow/dags/warehouse_pipeline.py
[2026-05-22T17:20:17.424+0000] {processor.py:840} INFO - DAG(s) 'warehouse_pipeline' retrieved from /opt/airflow/dags/warehouse_pipeline.py
[2026-05-22T17:20:17.450+0000] {logging_mixin.py:188} INFO - [2026-05-22T17:20:17.450+0000] {dag.py:3036} INFO - Sync 1 DAGs
[2026-05-22T17:20:17.459+0000] {logging_mixin.py:188} INFO - [2026-05-22T17:20:17.459+0000] {dag.py:3823} INFO - Setting next_dagrun for warehouse_pipeline to None, run_after=None
[2026-05-22T17:20:17.470+0000] {processor.py:183} INFO - Processing /opt/airflow/dags/warehouse_pipeline.py took 0.083 seconds
[2026-05-22T17:20:47.786+0000] {processor.py:161} INFO - Started process (PID=1526) to work on /opt/airflow/dags/warehouse_pipeline.py
[2026-05-22T17:20:47.790+0000] {processor.py:830} INFO - Processing file /opt/airflow/dags/warehouse_pipeline.py for tasks to queue
[2026-05-22T17:20:47.791+0000] {logging_mixin.py:188} INFO - [2026-05-22T17:20:47.790+0000] {dagbag.py:538} INFO - Filling up the DagBag from /opt/airflow/dags/warehouse_pipeline.py
[2026-05-22T17:20:47.802+0000] {processor.py:840} INFO - DAG(s) 'warehouse_pipeline' retrieved from /opt/airflow/dags/warehouse_pipeline.py
[2026-05-22T17:20:47.824+0000] {logging_mixin.py:188} INFO - [2026-05-22T17:20:47.823+0000] {dag.py:3036} INFO - Sync 1 DAGs
[2026-05-22T17:20:47.832+0000] {logging_mixin.py:188} INFO - [2026-05-22T17:20:47.832+0000] {dag.py:3823} INFO - Setting next_dagrun for warehouse_pipeline to None, run_after=None
[2026-05-22T17:20:47.842+0000] {processor.py:183} INFO - Processing /opt/airflow/dags/warehouse_pipeline.py took 0.060 seconds
[2026-05-22T17:21:18.234+0000] {processor.py:161} INFO - Started process (PID=1536) to work on /opt/airflow/dags/warehouse_pipeline.py
[2026-05-22T17:21:18.243+0000] {processor.py:830} INFO - Processing file /opt/airflow/dags/warehouse_pipeline.py for tasks to queue
[2026-05-22T17:21:18.244+0000] {logging_mixin.py:188} INFO - [2026-05-22T17:21:18.244+0000] {dagbag.py:538} INFO - Filling up the DagBag from /opt/airflow/dags/warehouse_pipeline.py
[2026-05-22T17:21:18.265+0000] {processor.py:840} INFO - DAG(s) 'warehouse_pipeline' retrieved from /opt/airflow/dags/warehouse_pipeline.py
[2026-05-22T17:21:18.295+0000] {logging_mixin.py:188} INFO - [2026-05-22T17:21:18.295+0000] {dag.py:3036} INFO - Sync 1 DAGs
[2026-05-22T17:21:18.303+0000] {logging_mixin.py:188} INFO - [2026-05-22T17:21:18.303+0000] {dag.py:3823} INFO - Setting next_dagrun for warehouse_pipeline to None, run_after=None
[2026-05-22T17:21:18.313+0000] {processor.py:183} INFO - Processing /opt/airflow/dags/warehouse_pipeline.py took 0.086 seconds
[2026-05-22T17:21:43.531+0000] {processor.py:161} INFO - Started process (PID=1546) to work on /opt/airflow/dags/warehouse_pipeline.py
[2026-05-22T17:21:43.536+0000] {processor.py:830} INFO - Processing file /opt/airflow/dags/warehouse_pipeline.py for tasks to queue
[2026-05-22T17:21:43.538+0000] {logging_mixin.py:188} INFO - [2026-05-22T17:21:43.537+0000] {dagbag.py:538} INFO - Filling up the DagBag from /opt/airflow/dags/warehouse_pipeline.py
[2026-05-22T17:21:43.558+0000] {processor.py:840} INFO - DAG(s) 'warehouse_pipeline' retrieved from /opt/airflow/dags/warehouse_pipeline.py
[2026-05-22T17:21:43.631+0000] {logging_mixin.py:188} INFO - [2026-05-22T17:21:43.631+0000] {dag.py:3036} INFO - Sync 1 DAGs
[2026-05-22T17:21:43.637+0000] {logging_mixin.py:188} INFO - [2026-05-22T17:21:43.637+0000] {dag.py:3823} INFO - Setting next_dagrun for warehouse_pipeline to None, run_after=None
[2026-05-22T17:21:43.648+0000] {processor.py:183} INFO - Processing /opt/airflow/dags/warehouse_pipeline.py took 0.123 seconds
[2026-05-22T17:22:13.901+0000] {processor.py:161} INFO - Started process (PID=1571) to work on /opt/airflow/dags/warehouse_pipeline.py
[2026-05-22T17:22:13.908+0000] {processor.py:830} INFO - Processing file /opt/airflow/dags/warehouse_pipeline.py for tasks to queue
[2026-05-22T17:22:13.909+0000] {logging_mixin.py:188} INFO - [2026-05-22T17:22:13.908+0000] {dagbag.py:538} INFO - Filling up the DagBag from /opt/airflow/dags/warehouse_pipeline.py
[2026-05-22T17:22:13.922+0000] {processor.py:840} INFO - DAG(s) 'warehouse_pipeline' retrieved from /opt/airflow/dags/warehouse_pipeline.py
[2026-05-22T17:22:13.941+0000] {logging_mixin.py:188} INFO - [2026-05-22T17:22:13.940+0000] {dag.py:3036} INFO - Sync 1 DAGs
[2026-05-22T17:22:13.947+0000] {logging_mixin.py:188} INFO - [2026-05-22T17:22:13.947+0000] {dag.py:3823} INFO - Setting next_dagrun for warehouse_pipeline to None, run_after=None
[2026-05-22T17:22:13.956+0000] {processor.py:183} INFO - Processing /opt/airflow/dags/warehouse_pipeline.py took 0.059 seconds
[2026-05-22T17:22:44.274+0000] {processor.py:161} INFO - Started process (PID=1581) to work on /opt/airflow/dags/warehouse_pipeline.py
[2026-05-22T17:22:44.279+0000] {processor.py:830} INFO - Processing file /opt/airflow/dags/warehouse_pipeline.py for tasks to queue
[2026-05-22T17:22:44.280+0000] {logging_mixin.py:188} INFO - [2026-05-22T17:22:44.279+0000] {dagbag.py:538} INFO - Filling up the DagBag from /opt/airflow/dags/warehouse_pipeline.py
[2026-05-22T17:22:44.291+0000] {processor.py:840} INFO - DAG(s) 'warehouse_pipeline' retrieved from /opt/airflow/dags/warehouse_pipeline.py
[2026-05-22T17:22:44.311+0000] {logging_mixin.py:188} INFO - [2026-05-22T17:22:44.311+0000] {dag.py:3036} INFO - Sync 1 DAGs
[2026-05-22T17:22:44.319+0000] {logging_mixin.py:188} INFO - [2026-05-22T17:22:44.319+0000] {dag.py:3823} INFO - Setting next_dagrun for warehouse_pipeline to None, run_after=None
[2026-05-22T17:22:44.330+0000] {processor.py:183} INFO - Processing /opt/airflow/dags/warehouse_pipeline.py took 0.062 seconds
[2026-05-22T17:23:14.663+0000] {processor.py:161} INFO - Started process (PID=1591) to work on /opt/airflow/dags/warehouse_pipeline.py
[2026-05-22T17:23:14.673+0000] {processor.py:830} INFO - Processing file /opt/airflow/dags/warehouse_pipeline.py for tasks to queue
[2026-05-22T17:23:14.674+0000] {logging_mixin.py:188} INFO - [2026-05-22T17:23:14.673+0000] {dagbag.py:538} INFO - Filling up the DagBag from /opt/airflow/dags/warehouse_pipeline.py
[2026-05-22T17:23:14.693+0000] {processor.py:840} INFO - DAG(s) 'warehouse_pipeline' retrieved from /opt/airflow/dags/warehouse_pipeline.py
[2026-05-22T17:23:14.719+0000] {logging_mixin.py:188} INFO - [2026-05-22T17:23:14.719+0000] {dag.py:3036} INFO - Sync 1 DAGs
[2026-05-22T17:23:14.728+0000] {logging_mixin.py:188} INFO - [2026-05-22T17:23:14.728+0000] {dag.py:3823} INFO - Setting next_dagrun for warehouse_pipeline to None, run_after=None
[2026-05-22T17:23:14.739+0000] {processor.py:183} INFO - Processing /opt/airflow/dags/warehouse_pipeline.py took 0.084 seconds
[2026-05-22T17:23:45.095+0000] {processor.py:161} INFO - Started process (PID=1601) to work on /opt/airflow/dags/warehouse_pipeline.py
[2026-05-22T17:23:45.098+0000] {processor.py:830} INFO - Processing file /opt/airflow/dags/warehouse_pipeline.py for tasks to queue
[2026-05-22T17:23:45.099+0000] {logging_mixin.py:188} INFO - [2026-05-22T17:23:45.099+0000] {dagbag.py:538} INFO - Filling up the DagBag from /opt/airflow/dags/warehouse_pipeline.py
[2026-05-22T17:23:45.117+0000] {processor.py:840} INFO - DAG(s) 'warehouse_pipeline' retrieved from /opt/airflow/dags/warehouse_pipeline.py
[2026-05-22T17:23:45.146+0000] {logging_mixin.py:188} INFO - [2026-05-22T17:23:45.146+0000] {dag.py:3036} INFO - Sync 1 DAGs
[2026-05-22T17:23:45.164+0000] {logging_mixin.py:188} INFO - [2026-05-22T17:23:45.164+0000] {dag.py:3823} INFO - Setting next_dagrun for warehouse_pipeline to None, run_after=None
[2026-05-22T17:23:45.174+0000] {processor.py:183} INFO - Processing /opt/airflow/dags/warehouse_pipeline.py took 0.087 seconds
[2026-05-22T17:24:15.526+0000] {processor.py:161} INFO - Started process (PID=1611) to work on /opt/airflow/dags/warehouse_pipeline.py
[2026-05-22T17:24:15.529+0000] {processor.py:830} INFO - Processing file /opt/airflow/dags/warehouse_pipeline.py for tasks to queue
[2026-05-22T17:24:15.530+0000] {logging_mixin.py:188} INFO - [2026-05-22T17:24:15.530+0000] {dagbag.py:538} INFO - Filling up the DagBag from /opt/airflow/dags/warehouse_pipeline.py
[2026-05-22T17:24:15.542+0000] {processor.py:840} INFO - DAG(s) 'warehouse_pipeline' retrieved from /opt/airflow/dags/warehouse_pipeline.py
[2026-05-22T17:24:15.563+0000] {logging_mixin.py:188} INFO - [2026-05-22T17:24:15.562+0000] {dag.py:3036} INFO - Sync 1 DAGs
[2026-05-22T17:24:15.570+0000] {logging_mixin.py:188} INFO - [2026-05-22T17:24:15.570+0000] {dag.py:3823} INFO - Setting next_dagrun for warehouse_pipeline to None, run_after=None
[2026-05-22T17:24:15.579+0000] {processor.py:183} INFO - Processing /opt/airflow/dags/warehouse_pipeline.py took 0.057 seconds
[2026-05-22T17:24:45.879+0000] {processor.py:161} INFO - Started process (PID=1621) to work on /opt/airflow/dags/warehouse_pipeline.py
[2026-05-22T17:24:45.882+0000] {processor.py:830} INFO - Processing file /opt/airflow/dags/warehouse_pipeline.py for tasks to queue
[2026-05-22T17:24:45.883+0000] {logging_mixin.py:188} INFO - [2026-05-22T17:24:45.883+0000] {dagbag.py:538} INFO - Filling up the DagBag from /opt/airflow/dags/warehouse_pipeline.py
[2026-05-22T17:24:45.901+0000] {processor.py:840} INFO - DAG(s) 'warehouse_pipeline' retrieved from /opt/airflow/dags/warehouse_pipeline.py
[2026-05-22T17:24:45.925+0000] {logging_mixin.py:188} INFO - [2026-05-22T17:24:45.925+0000] {dag.py:3036} INFO - Sync 1 DAGs
[2026-05-22T17:24:45.934+0000] {logging_mixin.py:188} INFO - [2026-05-22T17:24:45.934+0000] {dag.py:3823} INFO - Setting next_dagrun for warehouse_pipeline to None, run_after=None
[2026-05-22T17:24:45.944+0000] {processor.py:183} INFO - Processing /opt/airflow/dags/warehouse_pipeline.py took 0.072 seconds
[2026-05-22T17:25:16.249+0000] {processor.py:161} INFO - Started process (PID=1631) to work on /opt/airflow/dags/warehouse_pipeline.py
[2026-05-22T17:25:16.252+0000] {processor.py:830} INFO - Processing file /opt/airflow/dags/warehouse_pipeline.py for tasks to queue
[2026-05-22T17:25:16.253+0000] {logging_mixin.py:188} INFO - [2026-05-22T17:25:16.252+0000] {dagbag.py:538} INFO - Filling up the DagBag from /opt/airflow/dags/warehouse_pipeline.py
[2026-05-22T17:25:16.266+0000] {processor.py:840} INFO - DAG(s) 'warehouse_pipeline' retrieved from /opt/airflow/dags/warehouse_pipeline.py
[2026-05-22T17:25:16.289+0000] {logging_mixin.py:188} INFO - [2026-05-22T17:25:16.289+0000] {dag.py:3036} INFO - Sync 1 DAGs
[2026-05-22T17:25:16.297+0000] {logging_mixin.py:188} INFO - [2026-05-22T17:25:16.297+0000] {dag.py:3823} INFO - Setting next_dagrun for warehouse_pipeline to None, run_after=None
[2026-05-22T17:25:16.306+0000] {processor.py:183} INFO - Processing /opt/airflow/dags/warehouse_pipeline.py took 0.061 seconds
[2026-05-22T17:25:46.645+0000] {processor.py:161} INFO - Started process (PID=1641) to work on /opt/airflow/dags/warehouse_pipeline.py
[2026-05-22T17:25:46.649+0000] {processor.py:830} INFO - Processing file /opt/airflow/dags/warehouse_pipeline.py for tasks to queue
[2026-05-22T17:25:46.649+0000] {logging_mixin.py:188} INFO - [2026-05-22T17:25:46.649+0000] {dagbag.py:538} INFO - Filling up the DagBag from /opt/airflow/dags/warehouse_pipeline.py
[2026-05-22T17:25:46.659+0000] {processor.py:840} INFO - DAG(s) 'warehouse_pipeline' retrieved from /opt/airflow/dags/warehouse_pipeline.py
[2026-05-22T17:25:46.680+0000] {logging_mixin.py:188} INFO - [2026-05-22T17:25:46.680+0000] {dag.py:3036} INFO - Sync 1 DAGs
[2026-05-22T17:25:46.688+0000] {logging_mixin.py:188} INFO - [2026-05-22T17:25:46.688+0000] {dag.py:3823} INFO - Setting next_dagrun for warehouse_pipeline to None, run_after=None
[2026-05-22T17:25:46.698+0000] {processor.py:183} INFO - Processing /opt/airflow/dags/warehouse_pipeline.py took 0.057 seconds
[2026-05-22T17:26:17.034+0000] {processor.py:161} INFO - Started process (PID=1651) to work on /opt/airflow/dags/warehouse_pipeline.py
[2026-05-22T17:26:17.037+0000] {processor.py:830} INFO - Processing file /opt/airflow/dags/warehouse_pipeline.py for tasks to queue
[2026-05-22T17:26:17.038+0000] {logging_mixin.py:188} INFO - [2026-05-22T17:26:17.038+0000] {dagbag.py:538} INFO - Filling up the DagBag from /opt/airflow/dags/warehouse_pipeline.py
[2026-05-22T17:26:17.056+0000] {processor.py:840} INFO - DAG(s) 'warehouse_pipeline' retrieved from /opt/airflow/dags/warehouse_pipeline.py
[2026-05-22T17:26:17.081+0000] {logging_mixin.py:188} INFO - [2026-05-22T17:26:17.081+0000] {dag.py:3036} INFO - Sync 1 DAGs
[2026-05-22T17:26:17.089+0000] {logging_mixin.py:188} INFO - [2026-05-22T17:26:17.089+0000] {dag.py:3823} INFO - Setting next_dagrun for warehouse_pipeline to None, run_after=None
[2026-05-22T17:26:17.098+0000] {processor.py:183} INFO - Processing /opt/airflow/dags/warehouse_pipeline.py took 0.071 seconds
[2026-05-22T17:26:47.429+0000] {processor.py:161} INFO - Started process (PID=1661) to work on /opt/airflow/dags/warehouse_pipeline.py
[2026-05-22T17:26:47.432+0000] {processor.py:830} INFO - Processing file /opt/airflow/dags/warehouse_pipeline.py for tasks to queue
[2026-05-22T17:26:47.433+0000] {logging_mixin.py:188} INFO - [2026-05-22T17:26:47.433+0000] {dagbag.py:538} INFO - Filling up the DagBag from /opt/airflow/dags/warehouse_pipeline.py
[2026-05-22T17:26:47.444+0000] {processor.py:840} INFO - DAG(s) 'warehouse_pipeline' retrieved from /opt/airflow/dags/warehouse_pipeline.py
[2026-05-22T17:26:47.466+0000] {logging_mixin.py:188} INFO - [2026-05-22T17:26:47.466+0000] {dag.py:3036} INFO - Sync 1 DAGs
[2026-05-22T17:26:47.474+0000] {logging_mixin.py:188} INFO - [2026-05-22T17:26:47.474+0000] {dag.py:3823} INFO - Setting next_dagrun for warehouse_pipeline to None, run_after=None
[2026-05-22T17:26:47.484+0000] {processor.py:183} INFO - Processing /opt/airflow/dags/warehouse_pipeline.py took 0.059 seconds
[2026-05-22T17:27:17.841+0000] {processor.py:161} INFO - Started process (PID=1671) to work on /opt/airflow/dags/warehouse_pipeline.py
[2026-05-22T17:27:17.845+0000] {processor.py:830} INFO - Processing file /opt/airflow/dags/warehouse_pipeline.py for tasks to queue
[2026-05-22T17:27:17.847+0000] {logging_mixin.py:188} INFO - [2026-05-22T17:27:17.846+0000] {dagbag.py:538} INFO - Filling up the DagBag from /opt/airflow/dags/warehouse_pipeline.py
[2026-05-22T17:27:17.861+0000] {processor.py:840} INFO - DAG(s) 'warehouse_pipeline' retrieved from /opt/airflow/dags/warehouse_pipeline.py
[2026-05-22T17:27:17.888+0000] {logging_mixin.py:188} INFO - [2026-05-22T17:27:17.888+0000] {dag.py:3036} INFO - Sync 1 DAGs
[2026-05-22T17:27:17.896+0000] {logging_mixin.py:188} INFO - [2026-05-22T17:27:17.896+0000] {dag.py:3823} INFO - Setting next_dagrun for warehouse_pipeline to None, run_after=None
[2026-05-22T17:27:17.905+0000] {processor.py:183} INFO - Processing /opt/airflow/dags/warehouse_pipeline.py took 0.072 seconds
[2026-05-22T17:27:43.181+0000] {processor.py:161} INFO - Started process (PID=1681) to work on /opt/airflow/dags/warehouse_pipeline.py
[2026-05-22T17:27:43.185+0000] {processor.py:830} INFO - Processing file /opt/airflow/dags/warehouse_pipeline.py for tasks to queue
[2026-05-22T17:27:43.186+0000] {logging_mixin.py:188} INFO - [2026-05-22T17:27:43.185+0000] {dagbag.py:538} INFO - Filling up the DagBag from /opt/airflow/dags/warehouse_pipeline.py
[2026-05-22T17:27:43.200+0000] {processor.py:840} INFO - DAG(s) 'warehouse_pipeline' retrieved from /opt/airflow/dags/warehouse_pipeline.py
[2026-05-22T17:27:43.262+0000] {logging_mixin.py:188} INFO - [2026-05-22T17:27:43.262+0000] {dag.py:3036} INFO - Sync 1 DAGs
[2026-05-22T17:27:43.271+0000] {logging_mixin.py:188} INFO - [2026-05-22T17:27:43.271+0000] {dag.py:3823} INFO - Setting next_dagrun for warehouse_pipeline to None, run_after=None
[2026-05-22T17:27:43.282+0000] {processor.py:183} INFO - Processing /opt/airflow/dags/warehouse_pipeline.py took 0.107 seconds
[2026-05-22T17:28:13.533+0000] {processor.py:161} INFO - Started process (PID=1691) to work on /opt/airflow/dags/warehouse_pipeline.py
[2026-05-22T17:28:13.535+0000] {processor.py:830} INFO - Processing file /opt/airflow/dags/warehouse_pipeline.py for tasks to queue
[2026-05-22T17:28:13.536+0000] {logging_mixin.py:188} INFO - [2026-05-22T17:28:13.536+0000] {dagbag.py:538} INFO - Filling up the DagBag from /opt/airflow/dags/warehouse_pipeline.py
[2026-05-22T17:28:13.552+0000] {processor.py:840} INFO - DAG(s) 'warehouse_pipeline' retrieved from /opt/airflow/dags/warehouse_pipeline.py
[2026-05-22T17:28:13.577+0000] {logging_mixin.py:188} INFO - [2026-05-22T17:28:13.577+0000] {dag.py:3036} INFO - Sync 1 DAGs
[2026-05-22T17:28:13.586+0000] {logging_mixin.py:188} INFO - [2026-05-22T17:28:13.586+0000] {dag.py:3823} INFO - Setting next_dagrun for warehouse_pipeline to None, run_after=None
[2026-05-22T17:28:13.598+0000] {processor.py:183} INFO - Processing /opt/airflow/dags/warehouse_pipeline.py took 0.072 seconds
[2026-05-22T17:28:39.846+0000] {processor.py:161} INFO - Started process (PID=1701) to work on /opt/airflow/dags/warehouse_pipeline.py
[2026-05-22T17:28:39.847+0000] {processor.py:830} INFO - Processing file /opt/airflow/dags/warehouse_pipeline.py for tasks to queue
[2026-05-22T17:28:39.848+0000] {logging_mixin.py:188} INFO - [2026-05-22T17:28:39.848+0000] {dagbag.py:538} INFO - Filling up the DagBag from /opt/airflow/dags/warehouse_pipeline.py
[2026-05-22T17:28:39.856+0000] {processor.py:840} INFO - DAG(s) 'warehouse_pipeline' retrieved from /opt/airflow/dags/warehouse_pipeline.py
[2026-05-22T17:28:39.874+0000] {logging_mixin.py:188} INFO - [2026-05-22T17:28:39.874+0000] {dag.py:3036} INFO - Sync 1 DAGs
[2026-05-22T17:28:39.881+0000] {logging_mixin.py:188} INFO - [2026-05-22T17:28:39.881+0000] {dag.py:3823} INFO - Setting next_dagrun for warehouse_pipeline to None, run_after=None
[2026-05-22T17:28:39.893+0000] {processor.py:183} INFO - Processing /opt/airflow/dags/warehouse_pipeline.py took 0.049 seconds
[2026-05-22T17:28:56.053+0000] {processor.py:161} INFO - Started process (PID=1706) to work on /opt/airflow/dags/warehouse_pipeline.py
[2026-05-22T17:28:56.059+0000] {processor.py:830} INFO - Processing file /opt/airflow/dags/warehouse_pipeline.py for tasks to queue
[2026-05-22T17:28:56.060+0000] {logging_mixin.py:188} INFO - [2026-05-22T17:28:56.059+0000] {dagbag.py:538} INFO - Filling up the DagBag from /opt/airflow/dags/warehouse_pipeline.py
[2026-05-22T17:28:56.076+0000] {processor.py:840} INFO - DAG(s) 'warehouse_pipeline' retrieved from /opt/airflow/dags/warehouse_pipeline.py
[2026-05-22T17:28:56.099+0000] {logging_mixin.py:188} INFO - [2026-05-22T17:28:56.099+0000] {dag.py:3036} INFO - Sync 1 DAGs
[2026-05-22T17:28:56.109+0000] {logging_mixin.py:188} INFO - [2026-05-22T17:28:56.109+0000] {dag.py:3823} INFO - Setting next_dagrun for warehouse_pipeline to None, run_after=None
[2026-05-22T17:28:56.120+0000] {processor.py:183} INFO - Processing /opt/airflow/dags/warehouse_pipeline.py took 0.072 seconds
[2026-05-22T17:29:20.382+0000] {processor.py:161} INFO - Started process (PID=1716) to work on /opt/airflow/dags/warehouse_pipeline.py
[2026-05-22T17:29:20.387+0000] {processor.py:830} INFO - Processing file /opt/airflow/dags/warehouse_pipeline.py for tasks to queue
[2026-05-22T17:29:20.388+0000] {logging_mixin.py:188} INFO - [2026-05-22T17:29:20.388+0000] {dagbag.py:538} INFO - Filling up the DagBag from /opt/airflow/dags/warehouse_pipeline.py
[2026-05-22T17:29:20.397+0000] {processor.py:840} INFO - DAG(s) 'warehouse_pipeline' retrieved from /opt/airflow/dags/warehouse_pipeline.py
[2026-05-22T17:29:20.461+0000] {logging_mixin.py:188} INFO - [2026-05-22T17:29:20.460+0000] {dag.py:3036} INFO - Sync 1 DAGs
[2026-05-22T17:29:20.465+0000] {logging_mixin.py:188} INFO - [2026-05-22T17:29:20.465+0000] {dag.py:3823} INFO - Setting next_dagrun for warehouse_pipeline to None, run_after=None
[2026-05-22T17:29:20.474+0000] {processor.py:183} INFO - Processing /opt/airflow/dags/warehouse_pipeline.py took 0.095 seconds
[2026-05-22T17:29:31.607+0000] {processor.py:161} INFO - Started process (PID=1726) to work on /opt/airflow/dags/warehouse_pipeline.py
[2026-05-22T17:29:31.610+0000] {processor.py:830} INFO - Processing file /opt/airflow/dags/warehouse_pipeline.py for tasks to queue
[2026-05-22T17:29:31.611+0000] {logging_mixin.py:188} INFO - [2026-05-22T17:29:31.611+0000] {dagbag.py:538} INFO - Filling up the DagBag from /opt/airflow/dags/warehouse_pipeline.py
[2026-05-22T17:29:31.623+0000] {processor.py:840} INFO - DAG(s) 'warehouse_pipeline' retrieved from /opt/airflow/dags/warehouse_pipeline.py
[2026-05-22T17:29:31.636+0000] {logging_mixin.py:188} INFO - [2026-05-22T17:29:31.636+0000] {dag.py:3036} INFO - Sync 1 DAGs
[2026-05-22T17:29:31.646+0000] {logging_mixin.py:188} INFO - [2026-05-22T17:29:31.646+0000] {dag.py:3823} INFO - Setting next_dagrun for warehouse_pipeline to None, run_after=None
[2026-05-22T17:29:31.658+0000] {processor.py:183} INFO - Processing /opt/airflow/dags/warehouse_pipeline.py took 0.055 seconds
[2026-05-22T17:29:42.764+0000] {processor.py:161} INFO - Started process (PID=1731) to work on /opt/airflow/dags/warehouse_pipeline.py
[2026-05-22T17:29:42.767+0000] {processor.py:830} INFO - Processing file /opt/airflow/dags/warehouse_pipeline.py for tasks to queue
[2026-05-22T17:29:42.768+0000] {logging_mixin.py:188} INFO - [2026-05-22T17:29:42.767+0000] {dagbag.py:538} INFO - Filling up the DagBag from /opt/airflow/dags/warehouse_pipeline.py
[2026-05-22T17:29:42.786+0000] {processor.py:840} INFO - DAG(s) 'warehouse_pipeline' retrieved from /opt/airflow/dags/warehouse_pipeline.py
[2026-05-22T17:29:42.797+0000] {logging_mixin.py:188} INFO - [2026-05-22T17:29:42.797+0000] {dag.py:3036} INFO - Sync 1 DAGs
[2026-05-22T17:29:42.804+0000] {logging_mixin.py:188} INFO - [2026-05-22T17:29:42.804+0000] {dag.py:3823} INFO - Setting next_dagrun for warehouse_pipeline to None, run_after=None
[2026-05-22T17:29:42.814+0000] {processor.py:183} INFO - Processing /opt/airflow/dags/warehouse_pipeline.py took 0.056 seconds
[2026-05-22T17:30:13.101+0000] {processor.py:161} INFO - Started process (PID=1741) to work on /opt/airflow/dags/warehouse_pipeline.py
[2026-05-22T17:30:13.107+0000] {processor.py:830} INFO - Processing file /opt/airflow/dags/warehouse_pipeline.py for tasks to queue
[2026-05-22T17:30:13.108+0000] {logging_mixin.py:188} INFO - [2026-05-22T17:30:13.107+0000] {dagbag.py:538} INFO - Filling up the DagBag from /opt/airflow/dags/warehouse_pipeline.py
[2026-05-22T17:30:13.117+0000] {processor.py:840} INFO - DAG(s) 'warehouse_pipeline' retrieved from /opt/airflow/dags/warehouse_pipeline.py
[2026-05-22T17:30:13.182+0000] {logging_mixin.py:188} INFO - [2026-05-22T17:30:13.182+0000] {dag.py:3036} INFO - Sync 1 DAGs
[2026-05-22T17:30:13.187+0000] {logging_mixin.py:188} INFO - [2026-05-22T17:30:13.186+0000] {dag.py:3823} INFO - Setting next_dagrun for warehouse_pipeline to None, run_after=None
[2026-05-22T17:30:13.196+0000] {processor.py:183} INFO - Processing /opt/airflow/dags/warehouse_pipeline.py took 0.098 seconds
[2026-05-22T17:30:43.480+0000] {processor.py:161} INFO - Started process (PID=1785) to work on /opt/airflow/dags/warehouse_pipeline.py
[2026-05-22T17:30:43.488+0000] {processor.py:830} INFO - Processing file /opt/airflow/dags/warehouse_pipeline.py for tasks to queue
[2026-05-22T17:30:43.488+0000] {logging_mixin.py:188} INFO - [2026-05-22T17:30:43.488+0000] {dagbag.py:538} INFO - Filling up the DagBag from /opt/airflow/dags/warehouse_pipeline.py
[2026-05-22T17:30:43.495+0000] {processor.py:840} INFO - DAG(s) 'warehouse_pipeline' retrieved from /opt/airflow/dags/warehouse_pipeline.py
[2026-05-22T17:30:43.511+0000] {logging_mixin.py:188} INFO - [2026-05-22T17:30:43.511+0000] {dag.py:3036} INFO - Sync 1 DAGs
[2026-05-22T17:30:43.517+0000] {logging_mixin.py:188} INFO - [2026-05-22T17:30:43.517+0000] {dag.py:3823} INFO - Setting next_dagrun for warehouse_pipeline to None, run_after=None
[2026-05-22T17:30:43.526+0000] {processor.py:183} INFO - Processing /opt/airflow/dags/warehouse_pipeline.py took 0.048 seconds
[2026-05-22T17:31:13.834+0000] {processor.py:161} INFO - Started process (PID=1819) to work on /opt/airflow/dags/warehouse_pipeline.py
[2026-05-22T17:31:13.839+0000] {processor.py:830} INFO - Processing file /opt/airflow/dags/warehouse_pipeline.py for tasks to queue
[2026-05-22T17:31:13.840+0000] {logging_mixin.py:188} INFO - [2026-05-22T17:31:13.840+0000] {dagbag.py:538} INFO - Filling up the DagBag from /opt/airflow/dags/warehouse_pipeline.py
[2026-05-22T17:31:13.851+0000] {processor.py:840} INFO - DAG(s) 'warehouse_pipeline' retrieved from /opt/airflow/dags/warehouse_pipeline.py
[2026-05-22T17:31:13.877+0000] {logging_mixin.py:188} INFO - [2026-05-22T17:31:13.877+0000] {dag.py:3036} INFO - Sync 1 DAGs
[2026-05-22T17:31:13.884+0000] {logging_mixin.py:188} INFO - [2026-05-22T17:31:13.884+0000] {dag.py:3823} INFO - Setting next_dagrun for warehouse_pipeline to None, run_after=None
[2026-05-22T17:31:13.894+0000] {processor.py:183} INFO - Processing /opt/airflow/dags/warehouse_pipeline.py took 0.065 seconds
[2026-05-22T17:31:44.224+0000] {processor.py:161} INFO - Started process (PID=1829) to work on /opt/airflow/dags/warehouse_pipeline.py
[2026-05-22T17:31:44.231+0000] {processor.py:830} INFO - Processing file /opt/airflow/dags/warehouse_pipeline.py for tasks to queue
[2026-05-22T17:31:44.232+0000] {logging_mixin.py:188} INFO - [2026-05-22T17:31:44.231+0000] {dagbag.py:538} INFO - Filling up the DagBag from /opt/airflow/dags/warehouse_pipeline.py
[2026-05-22T17:31:44.245+0000] {processor.py:840} INFO - DAG(s) 'warehouse_pipeline' retrieved from /opt/airflow/dags/warehouse_pipeline.py
[2026-05-22T17:31:44.281+0000] {logging_mixin.py:188} INFO - [2026-05-22T17:31:44.281+0000] {dag.py:3036} INFO - Sync 1 DAGs
[2026-05-22T17:31:44.293+0000] {logging_mixin.py:188} INFO - [2026-05-22T17:31:44.293+0000] {dag.py:3823} INFO - Setting next_dagrun for warehouse_pipeline to None, run_after=None
[2026-05-22T17:31:44.303+0000] {processor.py:183} INFO - Processing /opt/airflow/dags/warehouse_pipeline.py took 0.084 seconds
[2026-05-22T17:32:14.668+0000] {processor.py:161} INFO - Started process (PID=1839) to work on /opt/airflow/dags/warehouse_pipeline.py
[2026-05-22T17:32:14.674+0000] {processor.py:830} INFO - Processing file /opt/airflow/dags/warehouse_pipeline.py for tasks to queue
[2026-05-22T17:32:14.675+0000] {logging_mixin.py:188} INFO - [2026-05-22T17:32:14.675+0000] {dagbag.py:538} INFO - Filling up the DagBag from /opt/airflow/dags/warehouse_pipeline.py
[2026-05-22T17:32:14.686+0000] {processor.py:840} INFO - DAG(s) 'warehouse_pipeline' retrieved from /opt/airflow/dags/warehouse_pipeline.py
[2026-05-22T17:32:14.709+0000] {logging_mixin.py:188} INFO - [2026-05-22T17:32:14.709+0000] {dag.py:3036} INFO - Sync 1 DAGs
[2026-05-22T17:32:14.716+0000] {logging_mixin.py:188} INFO - [2026-05-22T17:32:14.716+0000] {dag.py:3823} INFO - Setting next_dagrun for warehouse_pipeline to None, run_after=None
[2026-05-22T17:32:14.727+0000] {processor.py:183} INFO - Processing /opt/airflow/dags/warehouse_pipeline.py took 0.063 seconds
