[2026-05-22T14:25:01.982+0000] {manager.py:469} INFO - Processing files using up to 2 processes at a time 
[2026-05-22T14:25:01.983+0000] {manager.py:470} INFO - Process each file at most once every 30 seconds
[2026-05-22T14:25:01.986+0000] {manager.py:471} INFO - Checking for new files in /opt/airflow/dags every 300 seconds
[2026-05-22T14:25:01.986+0000] {manager.py:738} INFO - Searching for files in /opt/airflow/dags
[2026-05-22T14:25:01.990+0000] {manager.py:741} INFO - There are 2 files in /opt/airflow/dags
[2026-05-22T14:25:02.065+0000] {manager.py:879} INFO - 
================================================================================
DAG File Processing Stats

File Path                                  PID  Runtime      # DAGs    # Errors  Last Runtime    Last Run
---------------------------------------  -----  ---------  --------  ----------  --------------  ----------
/opt/airflow/dags/test_dag.py              210  0.03s             0           0
/opt/airflow/dags/warehouse_pipeline.py    206  0.05s             0           0
================================================================================
[2026-05-22T14:25:32.292+0000] {manager.py:879} INFO - 
================================================================================
DAG File Processing Stats

File Path                                  PID  Runtime      # DAGs    # Errors  Last Runtime    Last Run
---------------------------------------  -----  ---------  --------  ----------  --------------  -------------------
/opt/airflow/dags/test_dag.py              254  0.00s             1           0  0.11s           2026-05-22T14:25:02
/opt/airflow/dags/warehouse_pipeline.py    252  0.01s             1           0  0.12s           2026-05-22T14:25:02
================================================================================
[2026-05-22T14:26:02.625+0000] {manager.py:879} INFO - 
================================================================================
DAG File Processing Stats

File Path                                  PID  Runtime      # DAGs    # Errors  Last Runtime    Last Run
---------------------------------------  -----  ---------  --------  ----------  --------------  -------------------
/opt/airflow/dags/test_dag.py              264  0.01s             1           0  0.07s           2026-05-22T14:25:32
/opt/airflow/dags/warehouse_pipeline.py    262  0.04s             1           0  0.08s           2026-05-22T14:25:32
================================================================================
[2026-05-22T14:26:32.975+0000] {manager.py:879} INFO - 
================================================================================
DAG File Processing Stats

File Path                                  PID  Runtime      # DAGs    # Errors  Last Runtime    Last Run
---------------------------------------  -----  ---------  --------  ----------  --------------  -------------------
/opt/airflow/dags/test_dag.py              274  0.01s             1           0  0.11s           2026-05-22T14:26:02
/opt/airflow/dags/warehouse_pipeline.py    272  0.03s             1           0  0.14s           2026-05-22T14:26:02
================================================================================
[2026-05-22T14:27:03.432+0000] {manager.py:879} INFO - 
================================================================================
DAG File Processing Stats

File Path                                  PID  Runtime      # DAGs    # Errors  Last Runtime    Last Run
---------------------------------------  -----  ---------  --------  ----------  --------------  -------------------
/opt/airflow/dags/test_dag.py              284  0.00s             1           0  0.10s           2026-05-22T14:26:33
/opt/airflow/dags/warehouse_pipeline.py    282  0.04s             1           0  0.12s           2026-05-22T14:26:33
================================================================================
[2026-05-22T14:27:33.817+0000] {manager.py:879} INFO - 
================================================================================
DAG File Processing Stats

File Path                                  PID  Runtime      # DAGs    # Errors  Last Runtime    Last Run
---------------------------------------  -----  ---------  --------  ----------  --------------  -------------------
/opt/airflow/dags/test_dag.py              330  0.00s             1           0  0.10s           2026-05-22T14:27:03
/opt/airflow/dags/warehouse_pipeline.py    327  0.02s             1           0  0.14s           2026-05-22T14:27:03
================================================================================
[2026-05-22T14:28:04.196+0000] {manager.py:879} INFO - 
================================================================================
DAG File Processing Stats

File Path                                  PID  Runtime      # DAGs    # Errors  Last Runtime    Last Run
---------------------------------------  -----  ---------  --------  ----------  --------------  -------------------
/opt/airflow/dags/test_dag.py              340  0.01s             1           0  0.08s           2026-05-22T14:27:33
/opt/airflow/dags/warehouse_pipeline.py    337  0.02s             1           0  0.10s           2026-05-22T14:27:33
================================================================================
[2026-05-22T14:28:34.596+0000] {manager.py:879} INFO - 
================================================================================
DAG File Processing Stats

File Path                                  PID  Runtime      # DAGs    # Errors  Last Runtime    Last Run
---------------------------------------  -----  ---------  --------  ----------  --------------  -------------------
/opt/airflow/dags/test_dag.py              350  0.01s             1           0  0.11s           2026-05-22T14:28:04
/opt/airflow/dags/warehouse_pipeline.py    347  0.03s             1           0  0.13s           2026-05-22T14:28:04
================================================================================
[2026-05-22T14:29:05.089+0000] {manager.py:879} INFO - 
================================================================================
DAG File Processing Stats

File Path                                  PID  Runtime      # DAGs    # Errors  Last Runtime    Last Run
---------------------------------------  -----  ---------  --------  ----------  --------------  -------------------
/opt/airflow/dags/test_dag.py              360  0.00s             1           0  0.12s           2026-05-22T14:28:34
/opt/airflow/dags/warehouse_pipeline.py    357  0.02s             1           0  0.14s           2026-05-22T14:28:34
================================================================================
[2026-05-22T14:29:35.574+0000] {manager.py:879} INFO - 
================================================================================
DAG File Processing Stats

File Path                                  PID  Runtime      # DAGs    # Errors  Last Runtime    Last Run
---------------------------------------  -----  ---------  --------  ----------  --------------  -------------------
/opt/airflow/dags/test_dag.py              370  0.01s             1           0  0.11s           2026-05-22T14:29:05
/opt/airflow/dags/warehouse_pipeline.py    367  0.02s             1           0  0.12s           2026-05-22T14:29:05
================================================================================
[2026-05-22T14:30:02.852+0000] {manager.py:738} INFO - Searching for files in /opt/airflow/dags
[2026-05-22T14:30:02.863+0000] {manager.py:741} INFO - There are 2 files in /opt/airflow/dags
[2026-05-22T14:30:05.924+0000] {manager.py:879} INFO - 
================================================================================
DAG File Processing Stats

File Path                                  PID  Runtime      # DAGs    # Errors  Last Runtime    Last Run
---------------------------------------  -----  ---------  --------  ----------  --------------  -------------------
/opt/airflow/dags/test_dag.py              379  0.00s             1           0  0.12s           2026-05-22T14:29:35
/opt/airflow/dags/warehouse_pipeline.py    377  0.02s             1           0  0.14s           2026-05-22T14:29:35
================================================================================
[2026-05-22T14:30:36.263+0000] {manager.py:879} INFO - 
================================================================================
DAG File Processing Stats

File Path                                  PID  Runtime      # DAGs    # Errors  Last Runtime    Last Run
---------------------------------------  -----  ---------  --------  ----------  --------------  -------------------
/opt/airflow/dags/test_dag.py              390  0.01s             1           0  0.10s           2026-05-22T14:30:06
/opt/airflow/dags/warehouse_pipeline.py    387  0.03s             1           0  0.11s           2026-05-22T14:30:06
================================================================================
[2026-05-22T14:31:06.668+0000] {manager.py:879} INFO - 
================================================================================
DAG File Processing Stats

File Path                                  PID  Runtime      # DAGs    # Errors  Last Runtime    Last Run
---------------------------------------  -----  ---------  --------  ----------  --------------  -------------------
/opt/airflow/dags/test_dag.py              400  0.00s             1           0  0.11s           2026-05-22T14:30:36
/opt/airflow/dags/warehouse_pipeline.py    397  0.02s             1           0  0.13s           2026-05-22T14:30:36
================================================================================
[2026-05-22T14:31:37.011+0000] {manager.py:879} INFO - 
================================================================================
DAG File Processing Stats

File Path                                  PID  Runtime      # DAGs    # Errors  Last Runtime    Last Run
---------------------------------------  -----  ---------  --------  ----------  --------------  -------------------
/opt/airflow/dags/test_dag.py              410  0.00s             1           0  0.11s           2026-05-22T14:31:06
/opt/airflow/dags/warehouse_pipeline.py    407  0.02s             1           0  0.13s           2026-05-22T14:31:06
================================================================================
[2026-05-22T14:32:07.516+0000] {manager.py:879} INFO - 
================================================================================
DAG File Processing Stats

File Path                                  PID  Runtime      # DAGs    # Errors  Last Runtime    Last Run
---------------------------------------  -----  ---------  --------  ----------  --------------  -------------------
/opt/airflow/dags/test_dag.py              420  0.01s             1           0  0.10s           2026-05-22T14:31:37
/opt/airflow/dags/warehouse_pipeline.py    417  0.03s             1           0  0.12s           2026-05-22T14:31:37
================================================================================
[2026-05-22T14:32:37.933+0000] {manager.py:879} INFO - 
================================================================================
DAG File Processing Stats

File Path                                  PID  Runtime      # DAGs    # Errors  Last Runtime    Last Run
---------------------------------------  -----  ---------  --------  ----------  --------------  -------------------
/opt/airflow/dags/test_dag.py              429  0.01s             1           0  0.11s           2026-05-22T14:32:07
/opt/airflow/dags/warehouse_pipeline.py    427  0.03s             1           0  0.14s           2026-05-22T14:32:07
================================================================================
[2026-05-22T14:33:08.344+0000] {manager.py:879} INFO - 
================================================================================
DAG File Processing Stats

File Path                                  PID  Runtime      # DAGs    # Errors  Last Runtime    Last Run
---------------------------------------  -----  ---------  --------  ----------  --------------  -------------------
/opt/airflow/dags/test_dag.py              440  0.01s             1           0  0.12s           2026-05-22T14:32:38
/opt/airflow/dags/warehouse_pipeline.py    437  0.03s             1           0  0.14s           2026-05-22T14:32:38
================================================================================
[2026-05-22T14:33:38.748+0000] {manager.py:879} INFO - 
================================================================================
DAG File Processing Stats

File Path                                  PID  Runtime      # DAGs    # Errors  Last Runtime    Last Run
---------------------------------------  -----  ---------  --------  ----------  --------------  -------------------
/opt/airflow/dags/test_dag.py              450  0.01s             1           0  0.11s           2026-05-22T14:33:08
/opt/airflow/dags/warehouse_pipeline.py    447  0.04s             1           0  0.13s           2026-05-22T14:33:08
================================================================================
[2026-05-22T14:34:09.062+0000] {manager.py:879} INFO - 
================================================================================
DAG File Processing Stats

File Path                                  PID  Runtime      # DAGs    # Errors  Last Runtime    Last Run
---------------------------------------  -----  ---------  --------  ----------  --------------  -------------------
/opt/airflow/dags/test_dag.py              459  0.00s             1           0  0.10s           2026-05-22T14:33:38
/opt/airflow/dags/warehouse_pipeline.py    457  0.01s             1           0  0.13s           2026-05-22T14:33:38
================================================================================
[2026-05-22T14:34:39.470+0000] {manager.py:879} INFO - 
================================================================================
DAG File Processing Stats

File Path                                  PID  Runtime      # DAGs    # Errors  Last Runtime    Last Run
---------------------------------------  -----  ---------  --------  ----------  --------------  -------------------
/opt/airflow/dags/test_dag.py              470  0.01s             1           0  0.07s           2026-05-22T14:34:09
/opt/airflow/dags/warehouse_pipeline.py    467  0.03s             1           0  0.08s           2026-05-22T14:34:09
================================================================================
[2026-05-22T14:35:03.729+0000] {manager.py:738} INFO - Searching for files in /opt/airflow/dags
[2026-05-22T14:35:03.742+0000] {manager.py:741} INFO - There are 2 files in /opt/airflow/dags
[2026-05-22T14:35:09.850+0000] {manager.py:879} INFO - 
================================================================================
DAG File Processing Stats

File Path                                  PID  Runtime      # DAGs    # Errors  Last Runtime    Last Run
---------------------------------------  -----  ---------  --------  ----------  --------------  -------------------
/opt/airflow/dags/test_dag.py              479  0.01s             1           0  0.11s           2026-05-22T14:34:39
/opt/airflow/dags/warehouse_pipeline.py    477  0.03s             1           0  0.13s           2026-05-22T14:34:39
================================================================================
[2026-05-22T14:35:40.312+0000] {manager.py:879} INFO - 
================================================================================
DAG File Processing Stats

File Path                                  PID  Runtime      # DAGs    # Errors  Last Runtime    Last Run
---------------------------------------  -----  ---------  --------  ----------  --------------  -------------------
/opt/airflow/dags/test_dag.py              490  0.00s             1           0  0.14s           2026-05-22T14:35:09
/opt/airflow/dags/warehouse_pipeline.py    487  0.02s             1           0  0.16s           2026-05-22T14:35:09
================================================================================
[2026-05-22T14:36:10.698+0000] {manager.py:879} INFO - 
================================================================================
DAG File Processing Stats

File Path                                  PID  Runtime      # DAGs    # Errors  Last Runtime    Last Run
---------------------------------------  -----  ---------  --------  ----------  --------------  -------------------
/opt/airflow/dags/test_dag.py              499  0.01s             1           0  0.09s           2026-05-22T14:35:40
/opt/airflow/dags/warehouse_pipeline.py    497  0.03s             1           0  0.11s           2026-05-22T14:35:40
================================================================================
[2026-05-22T14:36:41.102+0000] {manager.py:879} INFO - 
================================================================================
DAG File Processing Stats

File Path                                  PID  Runtime      # DAGs    # Errors  Last Runtime    Last Run
---------------------------------------  -----  ---------  --------  ----------  --------------  -------------------
/opt/airflow/dags/test_dag.py              510  0.01s             1           0  0.11s           2026-05-22T14:36:10
/opt/airflow/dags/warehouse_pipeline.py    507  0.03s             1           0  0.13s           2026-05-22T14:36:10
================================================================================
[2026-05-22T14:37:11.463+0000] {manager.py:879} INFO - 
================================================================================
DAG File Processing Stats

File Path                                  PID  Runtime      # DAGs    # Errors  Last Runtime    Last Run
---------------------------------------  -----  ---------  --------  ----------  --------------  -------------------
/opt/airflow/dags/test_dag.py              520  0.00s             1           0  0.11s           2026-05-22T14:36:41
/opt/airflow/dags/warehouse_pipeline.py    517  0.02s             1           0  0.14s           2026-05-22T14:36:41
================================================================================
[2026-05-22T14:37:41.847+0000] {manager.py:879} INFO - 
================================================================================
DAG File Processing Stats

File Path                                  PID  Runtime      # DAGs    # Errors  Last Runtime    Last Run
---------------------------------------  -----  ---------  --------  ----------  --------------  -------------------
/opt/airflow/dags/test_dag.py              530  0.00s             1           0  0.08s           2026-05-22T14:37:11
/opt/airflow/dags/warehouse_pipeline.py    527  0.02s             1           0  0.09s           2026-05-22T14:37:11
================================================================================
[2026-05-22T14:38:12.231+0000] {manager.py:879} INFO - 
================================================================================
DAG File Processing Stats

File Path                                  PID  Runtime      # DAGs    # Errors  Last Runtime    Last Run
---------------------------------------  -----  ---------  --------  ----------  --------------  -------------------
/opt/airflow/dags/test_dag.py              540  0.01s             1           0  0.10s           2026-05-22T14:37:41
/opt/airflow/dags/warehouse_pipeline.py    537  0.03s             1           0  0.11s           2026-05-22T14:37:41
================================================================================
[2026-05-22T14:38:42.607+0000] {manager.py:879} INFO - 
================================================================================
DAG File Processing Stats

File Path                                  PID  Runtime      # DAGs    # Errors  Last Runtime    Last Run
---------------------------------------  -----  ---------  --------  ----------  --------------  -------------------
/opt/airflow/dags/test_dag.py              550  0.01s             1           0  0.10s           2026-05-22T14:38:12
/opt/airflow/dags/warehouse_pipeline.py    547  0.02s             1           0  0.12s           2026-05-22T14:38:12
================================================================================
[2026-05-22T14:39:12.998+0000] {manager.py:879} INFO - 
================================================================================
DAG File Processing Stats

File Path                                  PID  Runtime      # DAGs    # Errors  Last Runtime    Last Run
---------------------------------------  -----  ---------  --------  ----------  --------------  -------------------
/opt/airflow/dags/test_dag.py              560  0.00s             1           0  0.07s           2026-05-22T14:38:42
/opt/airflow/dags/warehouse_pipeline.py    557  0.02s             1           0  0.08s           2026-05-22T14:38:42
================================================================================
[2026-05-22T14:39:43.372+0000] {manager.py:879} INFO - 
================================================================================
DAG File Processing Stats

File Path                                  PID  Runtime      # DAGs    # Errors  Last Runtime    Last Run
---------------------------------------  -----  ---------  --------  ----------  --------------  -------------------
/opt/airflow/dags/test_dag.py              570  0.00s             1           0  0.11s           2026-05-22T14:39:13
/opt/airflow/dags/warehouse_pipeline.py    567  0.01s             1           0  0.12s           2026-05-22T14:39:13
================================================================================
[2026-05-22T14:40:04.588+0000] {manager.py:738} INFO - Searching for files in /opt/airflow/dags
[2026-05-22T14:40:04.594+0000] {manager.py:741} INFO - There are 2 files in /opt/airflow/dags
[2026-05-22T14:40:13.711+0000] {manager.py:879} INFO - 
================================================================================
DAG File Processing Stats

File Path                                  PID  Runtime      # DAGs    # Errors  Last Runtime    Last Run
---------------------------------------  -----  ---------  --------  ----------  --------------  -------------------
/opt/airflow/dags/test_dag.py              580  0.00s             1           0  0.08s           2026-05-22T14:39:43
/opt/airflow/dags/warehouse_pipeline.py    577  0.01s             1           0  0.09s           2026-05-22T14:39:43
================================================================================
[2026-05-22T14:40:44.176+0000] {manager.py:879} INFO - 
================================================================================
DAG File Processing Stats

File Path                                  PID  Runtime      # DAGs    # Errors  Last Runtime    Last Run
---------------------------------------  -----  ---------  --------  ----------  --------------  -------------------
/opt/airflow/dags/test_dag.py              590  0.01s             1           0  0.07s           2026-05-22T14:40:13
/opt/airflow/dags/warehouse_pipeline.py    587  0.04s             1           0  0.08s           2026-05-22T14:40:13
================================================================================
[2026-05-22T14:41:14.532+0000] {manager.py:879} INFO - 
================================================================================
DAG File Processing Stats

File Path                                  PID  Runtime      # DAGs    # Errors  Last Runtime    Last Run
---------------------------------------  -----  ---------  --------  ----------  --------------  -------------------
/opt/airflow/dags/test_dag.py              600  0.00s             1           0  0.09s           2026-05-22T14:40:44
/opt/airflow/dags/warehouse_pipeline.py    597  0.02s             1           0  0.12s           2026-05-22T14:40:44
================================================================================
[2026-05-22T14:41:44.980+0000] {manager.py:879} INFO - 
================================================================================
DAG File Processing Stats

File Path                                  PID  Runtime      # DAGs    # Errors  Last Runtime    Last Run
---------------------------------------  -----  ---------  --------  ----------  --------------  -------------------
/opt/airflow/dags/test_dag.py              610  0.01s             1           0  0.11s           2026-05-22T14:41:14
/opt/airflow/dags/warehouse_pipeline.py    607  0.03s             1           0  0.13s           2026-05-22T14:41:14
================================================================================
[2026-05-22T14:42:15.372+0000] {manager.py:879} INFO - 
================================================================================
DAG File Processing Stats

File Path                                  PID  Runtime      # DAGs    # Errors  Last Runtime    Last Run
---------------------------------------  -----  ---------  --------  ----------  --------------  -------------------
/opt/airflow/dags/test_dag.py              620  0.01s             1           0  0.09s           2026-05-22T14:41:45
/opt/airflow/dags/warehouse_pipeline.py    617  0.03s             1           0  0.12s           2026-05-22T14:41:45
================================================================================
[2026-05-22T14:42:45.764+0000] {manager.py:879} INFO - 
================================================================================
DAG File Processing Stats

File Path                                  PID  Runtime      # DAGs    # Errors  Last Runtime    Last Run
---------------------------------------  -----  ---------  --------  ----------  --------------  -------------------
/opt/airflow/dags/test_dag.py              630  0.00s             1           0  0.09s           2026-05-22T14:42:15
/opt/airflow/dags/warehouse_pipeline.py    627  0.01s             1           0  0.11s           2026-05-22T14:42:15
================================================================================
[2026-05-22T14:43:16.158+0000] {manager.py:879} INFO - 
================================================================================
DAG File Processing Stats

File Path                                  PID  Runtime      # DAGs    # Errors  Last Runtime    Last Run
---------------------------------------  -----  ---------  --------  ----------  --------------  -------------------
/opt/airflow/dags/test_dag.py              639  0.01s             1           0  0.07s           2026-05-22T14:42:45
/opt/airflow/dags/warehouse_pipeline.py    637  0.03s             1           0  0.08s           2026-05-22T14:42:45
================================================================================
[2026-05-22T14:43:46.542+0000] {manager.py:879} INFO - 
================================================================================
DAG File Processing Stats

File Path                                  PID  Runtime      # DAGs    # Errors  Last Runtime    Last Run
---------------------------------------  -----  ---------  --------  ----------  --------------  -------------------
/opt/airflow/dags/test_dag.py              650  0.01s             1           0  0.11s           2026-05-22T14:43:16
/opt/airflow/dags/warehouse_pipeline.py    647  0.02s             1           0  0.12s           2026-05-22T14:43:16
================================================================================
[2026-05-22T14:44:16.955+0000] {manager.py:879} INFO - 
================================================================================
DAG File Processing Stats

File Path                                  PID  Runtime      # DAGs    # Errors  Last Runtime    Last Run
---------------------------------------  -----  ---------  --------  ----------  --------------  -------------------
/opt/airflow/dags/test_dag.py              660  0.01s             1           0  0.08s           2026-05-22T14:43:46
/opt/airflow/dags/warehouse_pipeline.py    657  0.03s             1           0  0.09s           2026-05-22T14:43:46
================================================================================
[2026-05-22T14:44:47.354+0000] {manager.py:879} INFO - 
================================================================================
DAG File Processing Stats

File Path                                  PID  Runtime      # DAGs    # Errors  Last Runtime    Last Run
---------------------------------------  -----  ---------  --------  ----------  --------------  -------------------
/opt/airflow/dags/test_dag.py              669  0.00s             1           0  0.10s           2026-05-22T14:44:17
/opt/airflow/dags/warehouse_pipeline.py    667  0.01s             1           0  0.12s           2026-05-22T14:44:17
================================================================================
[2026-05-22T14:45:05.539+0000] {manager.py:738} INFO - Searching for files in /opt/airflow/dags
[2026-05-22T14:45:05.552+0000] {manager.py:741} INFO - There are 2 files in /opt/airflow/dags
[2026-05-22T14:45:17.709+0000] {manager.py:879} INFO - 
================================================================================
DAG File Processing Stats

File Path                                  PID  Runtime      # DAGs    # Errors  Last Runtime    Last Run
---------------------------------------  -----  ---------  --------  ----------  --------------  -------------------
/opt/airflow/dags/test_dag.py              680  0.00s             1           0  0.07s           2026-05-22T14:44:47
/opt/airflow/dags/warehouse_pipeline.py    677  0.01s             1           0  0.08s           2026-05-22T14:44:47
================================================================================
[2026-05-22T14:45:48.211+0000] {manager.py:879} INFO - 
================================================================================
DAG File Processing Stats

File Path                                  PID  Runtime      # DAGs    # Errors  Last Runtime    Last Run
---------------------------------------  -----  ---------  --------  ----------  --------------  -------------------
/opt/airflow/dags/test_dag.py              690  0.01s             1           0  0.11s           2026-05-22T14:45:17
/opt/airflow/dags/warehouse_pipeline.py    687  0.03s             1           0  0.11s           2026-05-22T14:45:17
================================================================================
[2026-05-22T14:46:18.656+0000] {manager.py:879} INFO - 
================================================================================
DAG File Processing Stats

File Path                                  PID  Runtime      # DAGs    # Errors  Last Runtime    Last Run
---------------------------------------  -----  ---------  --------  ----------  --------------  -------------------
/opt/airflow/dags/test_dag.py              700  0.01s             1           0  0.11s           2026-05-22T14:45:48
/opt/airflow/dags/warehouse_pipeline.py    697  0.03s             1           0  0.13s           2026-05-22T14:45:48
================================================================================
[2026-05-22T14:46:49.050+0000] {manager.py:879} INFO - 
================================================================================
DAG File Processing Stats

File Path                                  PID  Runtime      # DAGs    # Errors  Last Runtime    Last Run
---------------------------------------  -----  ---------  --------  ----------  --------------  -------------------
/opt/airflow/dags/test_dag.py              710  0.00s             1           0  0.10s           2026-05-22T14:46:18
/opt/airflow/dags/warehouse_pipeline.py    707  0.03s             1           0  0.12s           2026-05-22T14:46:18
================================================================================
[2026-05-22T14:47:19.419+0000] {manager.py:879} INFO - 
================================================================================
DAG File Processing Stats

File Path                                  PID  Runtime      # DAGs    # Errors  Last Runtime    Last Run
---------------------------------------  -----  ---------  --------  ----------  --------------  -------------------
/opt/airflow/dags/test_dag.py              720  0.01s             1           0  0.08s           2026-05-22T14:46:49
/opt/airflow/dags/warehouse_pipeline.py    717  0.03s             1           0  0.10s           2026-05-22T14:46:49
================================================================================
[2026-05-22T14:47:49.797+0000] {manager.py:879} INFO - 
================================================================================
DAG File Processing Stats

File Path                                  PID  Runtime      # DAGs    # Errors  Last Runtime    Last Run
---------------------------------------  -----  ---------  --------  ----------  --------------  -------------------
/opt/airflow/dags/test_dag.py              730  0.01s             1           0  0.11s           2026-05-22T14:47:19
/opt/airflow/dags/warehouse_pipeline.py    727  0.04s             1           0  0.13s           2026-05-22T14:47:19
================================================================================
[2026-05-22T14:48:20.130+0000] {manager.py:879} INFO - 
================================================================================
DAG File Processing Stats

File Path                                  PID  Runtime      # DAGs    # Errors  Last Runtime    Last Run
---------------------------------------  -----  ---------  --------  ----------  --------------  -------------------
/opt/airflow/dags/test_dag.py              739  0.01s             1           0  0.12s           2026-05-22T14:47:49
/opt/airflow/dags/warehouse_pipeline.py    737  0.03s             1           0  0.15s           2026-05-22T14:47:49
================================================================================
[2026-05-22T14:48:50.592+0000] {manager.py:879} INFO - 
================================================================================
DAG File Processing Stats

File Path                                  PID  Runtime      # DAGs    # Errors  Last Runtime    Last Run
---------------------------------------  -----  ---------  --------  ----------  --------------  -------------------
/opt/airflow/dags/test_dag.py              750  0.01s             1           0  0.11s           2026-05-22T14:48:20
/opt/airflow/dags/warehouse_pipeline.py    747  0.02s             1           0  0.14s           2026-05-22T14:48:20
================================================================================
[2026-05-22T14:49:20.930+0000] {manager.py:879} INFO - 
================================================================================
DAG File Processing Stats

File Path                                  PID  Runtime      # DAGs    # Errors  Last Runtime    Last Run
---------------------------------------  -----  ---------  --------  ----------  --------------  -------------------
/opt/airflow/dags/test_dag.py              760  0.01s             1           0  0.10s           2026-05-22T14:48:50
/opt/airflow/dags/warehouse_pipeline.py    757  0.03s             1           0  0.12s           2026-05-22T14:48:50
================================================================================
[2026-05-22T14:49:51.286+0000] {manager.py:879} INFO - 
================================================================================
DAG File Processing Stats

File Path                                  PID  Runtime      # DAGs    # Errors  Last Runtime    Last Run
---------------------------------------  -----  ---------  --------  ----------  --------------  -------------------
/opt/airflow/dags/test_dag.py              770  0.00s             1           0  0.11s           2026-05-22T14:49:21
/opt/airflow/dags/warehouse_pipeline.py    767  0.02s             1           0  0.13s           2026-05-22T14:49:21
================================================================================
[2026-05-22T14:50:06.463+0000] {manager.py:738} INFO - Searching for files in /opt/airflow/dags
[2026-05-22T14:50:06.474+0000] {manager.py:741} INFO - There are 2 files in /opt/airflow/dags
[2026-05-22T14:50:21.675+0000] {manager.py:879} INFO - 
================================================================================
DAG File Processing Stats

File Path                                  PID  Runtime      # DAGs    # Errors  Last Runtime    Last Run
---------------------------------------  -----  ---------  --------  ----------  --------------  -------------------
/opt/airflow/dags/test_dag.py              780  0.01s             1           0  0.09s           2026-05-22T14:49:51
/opt/airflow/dags/warehouse_pipeline.py    777  0.02s             1           0  0.11s           2026-05-22T14:49:51
================================================================================
[2026-05-22T14:50:52.057+0000] {manager.py:879} INFO - 
================================================================================
DAG File Processing Stats

File Path                                  PID  Runtime      # DAGs    # Errors  Last Runtime    Last Run
---------------------------------------  -----  ---------  --------  ----------  --------------  -------------------
/opt/airflow/dags/test_dag.py              790  0.01s             1           0  0.08s           2026-05-22T14:50:21
/opt/airflow/dags/warehouse_pipeline.py    787  0.03s             1           0  0.09s           2026-05-22T14:50:21
================================================================================
[2026-05-22T14:51:22.438+0000] {manager.py:879} INFO - 
================================================================================
DAG File Processing Stats

File Path                                  PID  Runtime      # DAGs    # Errors  Last Runtime    Last Run
---------------------------------------  -----  ---------  --------  ----------  --------------  -------------------
/opt/airflow/dags/test_dag.py              800  0.01s             1           0  0.10s           2026-05-22T14:50:52
/opt/airflow/dags/warehouse_pipeline.py    797  0.03s             1           0  0.12s           2026-05-22T14:50:52
================================================================================
[2026-05-22T14:51:52.848+0000] {manager.py:879} INFO - 
================================================================================
DAG File Processing Stats

File Path                                  PID  Runtime      # DAGs    # Errors  Last Runtime    Last Run
---------------------------------------  -----  ---------  --------  ----------  --------------  -------------------
/opt/airflow/dags/test_dag.py              810  0.01s             1           0  0.10s           2026-05-22T14:51:22
/opt/airflow/dags/warehouse_pipeline.py    807  0.02s             1           0  0.12s           2026-05-22T14:51:22
================================================================================
[2026-05-22T14:52:23.239+0000] {manager.py:879} INFO - 
================================================================================
DAG File Processing Stats

File Path                                  PID  Runtime      # DAGs    # Errors  Last Runtime    Last Run
---------------------------------------  -----  ---------  --------  ----------  --------------  -------------------
/opt/airflow/dags/test_dag.py              820  0.00s             1           0  0.09s           2026-05-22T14:51:52
/opt/airflow/dags/warehouse_pipeline.py    817  0.01s             1           0  0.11s           2026-05-22T14:51:52
================================================================================
[2026-05-22T14:52:53.653+0000] {manager.py:879} INFO - 
================================================================================
DAG File Processing Stats

File Path                                  PID  Runtime      # DAGs    # Errors  Last Runtime    Last Run
---------------------------------------  -----  ---------  --------  ----------  --------------  -------------------
/opt/airflow/dags/test_dag.py              830  0.01s             1           0  0.08s           2026-05-22T14:52:23
/opt/airflow/dags/warehouse_pipeline.py    827  0.02s             1           0  0.09s           2026-05-22T14:52:23
================================================================================
[2026-05-22T14:53:23.978+0000] {manager.py:879} INFO - 
================================================================================
DAG File Processing Stats

File Path                                  PID  Runtime      # DAGs    # Errors  Last Runtime    Last Run
---------------------------------------  -----  ---------  --------  ----------  --------------  -------------------
/opt/airflow/dags/test_dag.py              840  0.00s             1           0  0.12s           2026-05-22T14:52:53
/opt/airflow/dags/warehouse_pipeline.py    837  0.01s             1           0  0.14s           2026-05-22T14:52:53
================================================================================
[2026-05-22T14:53:54.406+0000] {manager.py:879} INFO - 
================================================================================
DAG File Processing Stats

File Path                                  PID  Runtime      # DAGs    # Errors  Last Runtime    Last Run
---------------------------------------  -----  ---------  --------  ----------  --------------  -------------------
/opt/airflow/dags/test_dag.py              850  0.01s             1           0  0.09s           2026-05-22T14:53:24
/opt/airflow/dags/warehouse_pipeline.py    847  0.03s             1           0  0.09s           2026-05-22T14:53:24
================================================================================
[2026-05-22T14:54:24.867+0000] {manager.py:879} INFO - 
================================================================================
DAG File Processing Stats

File Path                                  PID  Runtime      # DAGs    # Errors  Last Runtime    Last Run
---------------------------------------  -----  ---------  --------  ----------  --------------  -------------------
/opt/airflow/dags/test_dag.py              860  0.01s             1           0  0.11s           2026-05-22T14:53:54
/opt/airflow/dags/warehouse_pipeline.py    857  0.03s             1           0  0.13s           2026-05-22T14:53:54
================================================================================
[2026-05-22T14:54:55.214+0000] {manager.py:879} INFO - 
================================================================================
DAG File Processing Stats

File Path                                  PID  Runtime      # DAGs    # Errors  Last Runtime    Last Run
---------------------------------------  -----  ---------  --------  ----------  --------------  -------------------
/opt/airflow/dags/test_dag.py              870  0.00s             1           0  0.11s           2026-05-22T14:54:24
/opt/airflow/dags/warehouse_pipeline.py    867  0.04s             1           0  0.13s           2026-05-22T14:54:24
================================================================================
[2026-05-22T14:55:07.345+0000] {manager.py:738} INFO - Searching for files in /opt/airflow/dags
[2026-05-22T14:55:07.351+0000] {manager.py:741} INFO - There are 2 files in /opt/airflow/dags
[2026-05-22T14:55:25.523+0000] {manager.py:879} INFO - 
================================================================================
DAG File Processing Stats

File Path                                  PID  Runtime      # DAGs    # Errors  Last Runtime    Last Run
---------------------------------------  -----  ---------  --------  ----------  --------------  -------------------
/opt/airflow/dags/test_dag.py              879  0.00s             1           0  0.11s           2026-05-22T14:54:55
/opt/airflow/dags/warehouse_pipeline.py    877  0.01s             1           0  0.15s           2026-05-22T14:54:55
================================================================================
[2026-05-22T14:55:55.906+0000] {manager.py:879} INFO - 
================================================================================
DAG File Processing Stats

File Path                                  PID  Runtime      # DAGs    # Errors  Last Runtime    Last Run
---------------------------------------  -----  ---------  --------  ----------  --------------  -------------------
/opt/airflow/dags/test_dag.py              889  0.01s             1           0  0.07s           2026-05-22T14:55:25
/opt/airflow/dags/warehouse_pipeline.py    887  0.03s             1           0  0.08s           2026-05-22T14:55:25
================================================================================
[2026-05-22T14:56:26.300+0000] {manager.py:879} INFO - 
================================================================================
DAG File Processing Stats

File Path                                  PID  Runtime      # DAGs    # Errors  Last Runtime    Last Run
---------------------------------------  -----  ---------  --------  ----------  --------------  -------------------
/opt/airflow/dags/test_dag.py              900  0.01s             1           0  0.11s           2026-05-22T14:55:55
/opt/airflow/dags/warehouse_pipeline.py    897  0.04s             1           0  0.14s           2026-05-22T14:55:56
================================================================================
[2026-05-22T14:56:56.743+0000] {manager.py:879} INFO - 
================================================================================
DAG File Processing Stats

File Path                                  PID  Runtime      # DAGs    # Errors  Last Runtime    Last Run
---------------------------------------  -----  ---------  --------  ----------  --------------  -------------------
/opt/airflow/dags/test_dag.py              909  0.01s             1           0  0.10s           2026-05-22T14:56:26
/opt/airflow/dags/warehouse_pipeline.py    907  0.03s             1           0  0.12s           2026-05-22T14:56:26
================================================================================
[2026-05-22T14:57:27.258+0000] {manager.py:879} INFO - 
================================================================================
DAG File Processing Stats

File Path                                  PID  Runtime      # DAGs    # Errors  Last Runtime    Last Run
---------------------------------------  -----  ---------  --------  ----------  --------------  -------------------
/opt/airflow/dags/test_dag.py              920  0.01s             1           0  0.12s           2026-05-22T14:56:56
/opt/airflow/dags/warehouse_pipeline.py    917  0.03s             1           0  0.14s           2026-05-22T14:56:56
================================================================================
[2026-05-22T14:57:57.635+0000] {manager.py:879} INFO - 
================================================================================
DAG File Processing Stats

File Path                                  PID  Runtime      # DAGs    # Errors  Last Runtime    Last Run
---------------------------------------  -----  ---------  --------  ----------  --------------  -------------------
/opt/airflow/dags/test_dag.py              930  0.00s             1           0  0.10s           2026-05-22T14:57:27
/opt/airflow/dags/warehouse_pipeline.py    927  0.02s             1           0  0.11s           2026-05-22T14:57:27
================================================================================
[2026-05-22T14:58:27.989+0000] {manager.py:879} INFO - 
================================================================================
DAG File Processing Stats

File Path                                  PID  Runtime      # DAGs    # Errors  Last Runtime    Last Run
---------------------------------------  -----  ---------  --------  ----------  --------------  -------------------
/opt/airflow/dags/test_dag.py              940  0.00s             1           0  0.08s           2026-05-22T14:57:57
/opt/airflow/dags/warehouse_pipeline.py    937  0.02s             1           0  0.10s           2026-05-22T14:57:57
================================================================================
[2026-05-22T14:58:58.473+0000] {manager.py:879} INFO - 
================================================================================
DAG File Processing Stats

File Path                                  PID  Runtime      # DAGs    # Errors  Last Runtime    Last Run
---------------------------------------  -----  ---------  --------  ----------  --------------  -------------------
/opt/airflow/dags/test_dag.py              949  0.00s             1           0  0.10s           2026-05-22T14:58:28
/opt/airflow/dags/warehouse_pipeline.py    947  0.06s             1           0  0.12s           2026-05-22T14:58:28
================================================================================
[2026-05-22T14:59:28.789+0000] {manager.py:879} INFO - 
================================================================================
DAG File Processing Stats

File Path                                  PID  Runtime      # DAGs    # Errors  Last Runtime    Last Run
---------------------------------------  -----  ---------  --------  ----------  --------------  -------------------
/opt/airflow/dags/test_dag.py              995  0.00s             1           0  0.10s           2026-05-22T14:58:58
/opt/airflow/dags/warehouse_pipeline.py    992  0.02s             1           0  0.16s           2026-05-22T14:58:58
================================================================================
[2026-05-22T14:59:59.097+0000] {manager.py:879} INFO - 
================================================================================
DAG File Processing Stats

File Path                                  PID  Runtime      # DAGs    # Errors  Last Runtime    Last Run
---------------------------------------  -----  ---------  --------  ----------  --------------  -------------------
/opt/airflow/dags/test_dag.py             1005  0.00s             1           0  0.08s           2026-05-22T14:59:28
/opt/airflow/dags/warehouse_pipeline.py   1002  0.03s             1           0  0.09s           2026-05-22T14:59:28
================================================================================
[2026-05-22T15:00:08.188+0000] {manager.py:738} INFO - Searching for files in /opt/airflow/dags
[2026-05-22T15:00:08.195+0000] {manager.py:741} INFO - There are 2 files in /opt/airflow/dags
[2026-05-22T15:00:29.421+0000] {manager.py:879} INFO - 
================================================================================
DAG File Processing Stats

File Path                                  PID  Runtime      # DAGs    # Errors  Last Runtime    Last Run
---------------------------------------  -----  ---------  --------  ----------  --------------  -------------------
/opt/airflow/dags/test_dag.py             1015  0.01s             1           0  0.09s           2026-05-22T14:59:59
/opt/airflow/dags/warehouse_pipeline.py   1012  0.03s             1           0  0.11s           2026-05-22T14:59:59
================================================================================
[2026-05-22T15:00:59.842+0000] {manager.py:879} INFO - 
================================================================================
DAG File Processing Stats

File Path                                  PID  Runtime      # DAGs    # Errors  Last Runtime    Last Run
---------------------------------------  -----  ---------  --------  ----------  --------------  -------------------
/opt/airflow/dags/test_dag.py             1025  0.01s             1           0  0.09s           2026-05-22T15:00:29
/opt/airflow/dags/warehouse_pipeline.py   1022  0.03s             1           0  0.11s           2026-05-22T15:00:29
================================================================================
[2026-05-22T15:01:30.285+0000] {manager.py:879} INFO - 
================================================================================
DAG File Processing Stats

File Path                                  PID  Runtime      # DAGs    # Errors  Last Runtime    Last Run
---------------------------------------  -----  ---------  --------  ----------  --------------  -------------------
/opt/airflow/dags/test_dag.py             1035  0.01s             1           0  0.11s           2026-05-22T15:00:59
/opt/airflow/dags/warehouse_pipeline.py   1032  0.05s             1           0  0.13s           2026-05-22T15:00:59
================================================================================
[2026-05-22T15:02:00.824+0000] {manager.py:879} INFO - 
================================================================================
DAG File Processing Stats

File Path                                  PID  Runtime      # DAGs    # Errors  Last Runtime    Last Run
---------------------------------------  -----  ---------  --------  ----------  --------------  -------------------
/opt/airflow/dags/test_dag.py             1045  0.01s             1           0  0.15s           2026-05-22T15:01:30
/opt/airflow/dags/warehouse_pipeline.py   1042  0.04s             1           0  0.19s           2026-05-22T15:01:30
================================================================================
[2026-05-22T15:02:31.325+0000] {manager.py:879} INFO - 
================================================================================
DAG File Processing Stats

File Path                                  PID  Runtime      # DAGs    # Errors  Last Runtime    Last Run
---------------------------------------  -----  ---------  --------  ----------  --------------  -------------------
/opt/airflow/dags/test_dag.py             1067  0.01s             1           0  0.11s           2026-05-22T15:02:00
/opt/airflow/dags/warehouse_pipeline.py   1064  0.02s             1           0  0.14s           2026-05-22T15:02:00
================================================================================
[2026-05-22T15:03:01.684+0000] {manager.py:879} INFO - 
================================================================================
DAG File Processing Stats

File Path                                  PID  Runtime      # DAGs    # Errors  Last Runtime    Last Run
---------------------------------------  -----  ---------  --------  ----------  --------------  -------------------
/opt/airflow/dags/test_dag.py             1077  0.01s             1           0  0.10s           2026-05-22T15:02:31
/opt/airflow/dags/warehouse_pipeline.py   1074  0.03s             1           0  0.12s           2026-05-22T15:02:31
================================================================================
[2026-05-22T15:03:32.103+0000] {manager.py:879} INFO - 
================================================================================
DAG File Processing Stats

File Path                                  PID  Runtime      # DAGs    # Errors  Last Runtime    Last Run
---------------------------------------  -----  ---------  --------  ----------  --------------  -------------------
/opt/airflow/dags/test_dag.py             1087  0.01s             1           0  0.11s           2026-05-22T15:03:01
/opt/airflow/dags/warehouse_pipeline.py   1084  0.03s             1           0  0.13s           2026-05-22T15:03:01
================================================================================
[2026-05-22T15:04:09.492+0000] {manager.py:469} INFO - Processing files using up to 2 processes at a time 
[2026-05-22T15:04:09.497+0000] {manager.py:470} INFO - Process each file at most once every 30 seconds
[2026-05-22T15:04:09.497+0000] {manager.py:471} INFO - Checking for new files in /opt/airflow/dags every 300 seconds
[2026-05-22T15:04:09.497+0000] {manager.py:738} INFO - Searching for files in /opt/airflow/dags
[2026-05-22T15:04:09.500+0000] {manager.py:741} INFO - There are 2 files in /opt/airflow/dags
[2026-05-22T15:04:09.571+0000] {manager.py:879} INFO - 
================================================================================
DAG File Processing Stats

File Path                                  PID  Runtime      # DAGs    # Errors  Last Runtime    Last Run
---------------------------------------  -----  ---------  --------  ----------  --------------  ----------
/opt/airflow/dags/test_dag.py              211  0.03s             0           0
/opt/airflow/dags/warehouse_pipeline.py    208  0.04s             0           0
================================================================================
[2026-05-22T15:04:39.980+0000] {manager.py:879} INFO - 
================================================================================
DAG File Processing Stats

File Path                                  PID  Runtime      # DAGs    # Errors  Last Runtime    Last Run
---------------------------------------  -----  ---------  --------  ----------  --------------  -------------------
/opt/airflow/dags/test_dag.py              220  0.01s             1           0  0.10s           2026-05-22T15:04:09
/opt/airflow/dags/warehouse_pipeline.py    218  0.03s             1           0  0.11s           2026-05-22T15:04:09
================================================================================
[2026-05-22T15:05:10.359+0000] {manager.py:879} INFO - 
================================================================================
DAG File Processing Stats

File Path                                  PID  Runtime      # DAGs    # Errors  Last Runtime    Last Run
---------------------------------------  -----  ---------  --------  ----------  --------------  -------------------
/opt/airflow/dags/test_dag.py              231  0.01s             1           0  0.10s           2026-05-22T15:04:40
/opt/airflow/dags/warehouse_pipeline.py    228  0.02s             1           0  0.12s           2026-05-22T15:04:40
================================================================================
[2026-05-22T15:05:40.801+0000] {manager.py:879} INFO - 
================================================================================
DAG File Processing Stats

File Path                                  PID  Runtime      # DAGs    # Errors  Last Runtime    Last Run
---------------------------------------  -----  ---------  --------  ----------  --------------  -------------------
/opt/airflow/dags/test_dag.py              241  0.00s             1           0  0.12s           2026-05-22T15:05:10
/opt/airflow/dags/warehouse_pipeline.py    238  0.01s             1           0  0.14s           2026-05-22T15:05:10
================================================================================
[2026-05-22T15:06:11.173+0000] {manager.py:879} INFO - 
================================================================================
DAG File Processing Stats

File Path                                  PID  Runtime      # DAGs    # Errors  Last Runtime    Last Run
---------------------------------------  -----  ---------  --------  ----------  --------------  -------------------
/opt/airflow/dags/test_dag.py              251  0.01s             1           0  0.08s           2026-05-22T15:05:40
/opt/airflow/dags/warehouse_pipeline.py    248  0.02s             1           0  0.08s           2026-05-22T15:05:40
================================================================================
[2026-05-22T15:06:41.628+0000] {manager.py:879} INFO - 
================================================================================
DAG File Processing Stats

File Path                                  PID  Runtime      # DAGs    # Errors  Last Runtime    Last Run
---------------------------------------  -----  ---------  --------  ----------  --------------  -------------------
/opt/airflow/dags/test_dag.py              261  0.01s             1           0  0.09s           2026-05-22T15:06:11
/opt/airflow/dags/warehouse_pipeline.py    258  0.02s             1           0  0.11s           2026-05-22T15:06:11
================================================================================
[2026-05-22T15:07:12.080+0000] {manager.py:879} INFO - 
================================================================================
DAG File Processing Stats

File Path                                  PID  Runtime      # DAGs    # Errors  Last Runtime    Last Run
---------------------------------------  -----  ---------  --------  ----------  --------------  -------------------
/opt/airflow/dags/test_dag.py              271  0.01s             1           0  0.08s           2026-05-22T15:06:41
/opt/airflow/dags/warehouse_pipeline.py    268  0.01s             1           0  0.09s           2026-05-22T15:06:41
================================================================================
[2026-05-22T15:07:42.899+0000] {manager.py:879} INFO - 
================================================================================
DAG File Processing Stats

File Path                                  PID  Runtime      # DAGs    # Errors  Last Runtime    Last Run
---------------------------------------  -----  ---------  --------  ----------  --------------  -------------------
/opt/airflow/dags/test_dag.py              281  0.02s             1           0  0.07s           2026-05-22T15:07:12
/opt/airflow/dags/warehouse_pipeline.py    278  0.35s             1           0  0.08s           2026-05-22T15:07:12
================================================================================
[2026-05-22T15:08:24.812+0000] {manager.py:879} INFO - 
================================================================================
DAG File Processing Stats

File Path                                PID    Runtime      # DAGs    # Errors  Last Runtime    Last Run
---------------------------------------  -----  ---------  --------  ----------  --------------  -------------------
/opt/airflow/dags/test_dag.py                                     1           0  0.11s           2026-05-22T15:08:13
/opt/airflow/dags/warehouse_pipeline.py                           1           0  0.13s           2026-05-22T15:08:13
================================================================================
[2026-05-22T15:11:56.148+0000] {manager.py:469} INFO - Processing files using up to 2 processes at a time 
[2026-05-22T15:11:56.152+0000] {manager.py:470} INFO - Process each file at most once every 30 seconds
[2026-05-22T15:11:56.152+0000] {manager.py:471} INFO - Checking for new files in /opt/airflow/dags every 300 seconds
[2026-05-22T15:11:56.152+0000] {manager.py:738} INFO - Searching for files in /opt/airflow/dags
[2026-05-22T15:11:56.155+0000] {manager.py:741} INFO - There are 2 files in /opt/airflow/dags
[2026-05-22T15:11:56.237+0000] {manager.py:879} INFO - 
================================================================================
DAG File Processing Stats

File Path                                  PID  Runtime      # DAGs    # Errors  Last Runtime    Last Run
---------------------------------------  -----  ---------  --------  ----------  --------------  ----------
/opt/airflow/dags/test_dag.py              170  0.03s             0           0
/opt/airflow/dags/warehouse_pipeline.py    166  0.06s             0           0
================================================================================
[2026-05-22T15:12:26.533+0000] {manager.py:879} INFO - 
================================================================================
DAG File Processing Stats

File Path                                  PID  Runtime      # DAGs    # Errors  Last Runtime    Last Run
---------------------------------------  -----  ---------  --------  ----------  --------------  -------------------
/opt/airflow/dags/test_dag.py              180  0.01s             1           0  0.24s           2026-05-22T15:11:56
/opt/airflow/dags/warehouse_pipeline.py    177  0.02s             1           0  0.26s           2026-05-22T15:11:56
================================================================================
[2026-05-22T15:12:56.883+0000] {manager.py:879} INFO - 
================================================================================
DAG File Processing Stats

File Path                                  PID  Runtime      # DAGs    # Errors  Last Runtime    Last Run
---------------------------------------  -----  ---------  --------  ----------  --------------  -------------------
/opt/airflow/dags/test_dag.py              190  0.01s             1           0  0.12s           2026-05-22T15:12:26
/opt/airflow/dags/warehouse_pipeline.py    187  0.02s             1           0  0.14s           2026-05-22T15:12:26
================================================================================
[2026-05-22T15:13:27.228+0000] {manager.py:879} INFO - 
================================================================================
DAG File Processing Stats

File Path                                  PID  Runtime      # DAGs    # Errors  Last Runtime    Last Run
---------------------------------------  -----  ---------  --------  ----------  --------------  -------------------
/opt/airflow/dags/test_dag.py              214  0.00s             1           0  0.11s           2026-05-22T15:12:56
/opt/airflow/dags/warehouse_pipeline.py    211  0.01s             1           0  0.13s           2026-05-22T15:12:56
================================================================================
[2026-05-22T15:13:57.605+0000] {manager.py:879} INFO - 
================================================================================
DAG File Processing Stats

File Path                                  PID  Runtime      # DAGs    # Errors  Last Runtime    Last Run
---------------------------------------  -----  ---------  --------  ----------  --------------  -------------------
/opt/airflow/dags/test_dag.py              224  0.00s             1           0  0.08s           2026-05-22T15:13:27
/opt/airflow/dags/warehouse_pipeline.py    221  0.02s             1           0  0.09s           2026-05-22T15:13:27
================================================================================
[2026-05-22T15:14:28.037+0000] {manager.py:879} INFO - 
================================================================================
DAG File Processing Stats

File Path                                  PID  Runtime      # DAGs    # Errors  Last Runtime    Last Run
---------------------------------------  -----  ---------  --------  ----------  --------------  -------------------
/opt/airflow/dags/test_dag.py              234  0.01s             1           0  0.10s           2026-05-22T15:13:57
/opt/airflow/dags/warehouse_pipeline.py    231  0.02s             1           0  0.12s           2026-05-22T15:13:57
================================================================================
[2026-05-22T15:16:01.738+0000] {manager.py:469} INFO - Processing files using up to 2 processes at a time 
[2026-05-22T15:16:01.743+0000] {manager.py:470} INFO - Process each file at most once every 30 seconds
[2026-05-22T15:16:01.743+0000] {manager.py:471} INFO - Checking for new files in /opt/airflow/dags every 300 seconds
[2026-05-22T15:16:01.743+0000] {manager.py:738} INFO - Searching for files in /opt/airflow/dags
[2026-05-22T15:16:01.746+0000] {manager.py:741} INFO - There are 2 files in /opt/airflow/dags
[2026-05-22T15:16:01.799+0000] {manager.py:879} INFO - 
================================================================================
DAG File Processing Stats

File Path                                  PID  Runtime      # DAGs    # Errors  Last Runtime    Last Run
---------------------------------------  -----  ---------  --------  ----------  --------------  ----------
/opt/airflow/dags/test_dag.py              170  0.02s             0           0
/opt/airflow/dags/warehouse_pipeline.py    167  0.03s             0           0
================================================================================
[2026-05-22T15:16:32.114+0000] {manager.py:879} INFO - 
================================================================================
DAG File Processing Stats

File Path                                  PID  Runtime      # DAGs    # Errors  Last Runtime    Last Run
---------------------------------------  -----  ---------  --------  ----------  --------------  -------------------
/opt/airflow/dags/test_dag.py              180  0.01s             1           0  0.09s           2026-05-22T15:16:01
/opt/airflow/dags/warehouse_pipeline.py    177  0.02s             1           0  0.09s           2026-05-22T15:16:01
================================================================================
[2026-05-22T15:17:02.611+0000] {manager.py:879} INFO - 
================================================================================
DAG File Processing Stats

File Path                                  PID  Runtime      # DAGs    # Errors  Last Runtime    Last Run
---------------------------------------  -----  ---------  --------  ----------  --------------  -------------------
/opt/airflow/dags/test_dag.py              190  0.00s             1           0  0.09s           2026-05-22T15:16:32
/opt/airflow/dags/warehouse_pipeline.py    187  0.03s             1           0  0.12s           2026-05-22T15:16:32
================================================================================
[2026-05-22T15:17:33.005+0000] {manager.py:879} INFO - 
================================================================================
DAG File Processing Stats

File Path                                  PID  Runtime      # DAGs    # Errors  Last Runtime    Last Run
---------------------------------------  -----  ---------  --------  ----------  --------------  -------------------
/opt/airflow/dags/test_dag.py              198  0.01s             1           0  0.12s           2026-05-22T15:17:02
/opt/airflow/dags/warehouse_pipeline.py    197  0.04s             1           0  0.14s           2026-05-22T15:17:02
================================================================================
[2026-05-22T15:18:03.480+0000] {manager.py:879} INFO - 
================================================================================
DAG File Processing Stats

File Path                                  PID  Runtime      # DAGs    # Errors  Last Runtime    Last Run
---------------------------------------  -----  ---------  --------  ----------  --------------  -------------------
/opt/airflow/dags/test_dag.py              209  0.01s             1           0  0.12s           2026-05-22T15:17:33
/opt/airflow/dags/warehouse_pipeline.py    207  0.03s             1           0  0.15s           2026-05-22T15:17:33
================================================================================
[2026-05-22T15:18:33.865+0000] {manager.py:879} INFO - 
================================================================================
DAG File Processing Stats

File Path                                  PID  Runtime      # DAGs    # Errors  Last Runtime    Last Run
---------------------------------------  -----  ---------  --------  ----------  --------------  -------------------
/opt/airflow/dags/test_dag.py              220  0.01s             1           0  0.10s           2026-05-22T15:18:03
/opt/airflow/dags/warehouse_pipeline.py    217  0.04s             1           0  0.12s           2026-05-22T15:18:03
================================================================================
[2026-05-22T15:19:04.238+0000] {manager.py:879} INFO - 
================================================================================
DAG File Processing Stats

File Path                                  PID  Runtime      # DAGs    # Errors  Last Runtime    Last Run
---------------------------------------  -----  ---------  --------  ----------  --------------  -------------------
/opt/airflow/dags/test_dag.py              229  0.00s             1           0  0.12s           2026-05-22T15:18:33
/opt/airflow/dags/warehouse_pipeline.py    227  0.01s             1           0  0.15s           2026-05-22T15:18:33
================================================================================
[2026-05-22T15:19:34.639+0000] {manager.py:879} INFO - 
================================================================================
DAG File Processing Stats

File Path                                  PID  Runtime      # DAGs    # Errors  Last Runtime    Last Run
---------------------------------------  -----  ---------  --------  ----------  --------------  -------------------
/opt/airflow/dags/test_dag.py              239  0.01s             1           0  0.12s           2026-05-22T15:19:04
/opt/airflow/dags/warehouse_pipeline.py    237  0.04s             1           0  0.13s           2026-05-22T15:19:04
================================================================================
[2026-05-22T15:20:05.050+0000] {manager.py:879} INFO - 
================================================================================
DAG File Processing Stats

File Path                                  PID  Runtime      # DAGs    # Errors  Last Runtime    Last Run
---------------------------------------  -----  ---------  --------  ----------  --------------  -------------------
/opt/airflow/dags/test_dag.py              250  0.01s             1           0  0.11s           2026-05-22T15:19:34
/opt/airflow/dags/warehouse_pipeline.py    247  0.01s             1           0  0.14s           2026-05-22T15:19:34
================================================================================
[2026-05-22T15:20:35.382+0000] {manager.py:879} INFO - 
================================================================================
DAG File Processing Stats

File Path                                  PID  Runtime      # DAGs    # Errors  Last Runtime    Last Run
---------------------------------------  -----  ---------  --------  ----------  --------------  -------------------
/opt/airflow/dags/test_dag.py              260  0.01s             1           0  0.08s           2026-05-22T15:20:05
/opt/airflow/dags/warehouse_pipeline.py    257  0.03s             1           0  0.08s           2026-05-22T15:20:05
================================================================================
[2026-05-22T15:21:01.757+0000] {manager.py:738} INFO - Searching for files in /opt/airflow/dags
[2026-05-22T15:21:01.772+0000] {manager.py:741} INFO - There are 2 files in /opt/airflow/dags
[2026-05-22T15:21:05.855+0000] {manager.py:879} INFO - 
================================================================================
DAG File Processing Stats

File Path                                  PID  Runtime      # DAGs    # Errors  Last Runtime    Last Run
---------------------------------------  -----  ---------  --------  ----------  --------------  -------------------
/opt/airflow/dags/test_dag.py              268  0.00s             1           0  0.12s           2026-05-22T15:20:35
/opt/airflow/dags/warehouse_pipeline.py    267  0.02s             1           0  0.15s           2026-05-22T15:20:35
================================================================================
[2026-05-22T15:21:36.270+0000] {manager.py:879} INFO - 
================================================================================
DAG File Processing Stats

File Path                                  PID  Runtime      # DAGs    # Errors  Last Runtime    Last Run
---------------------------------------  -----  ---------  --------  ----------  --------------  -------------------
/opt/airflow/dags/test_dag.py              280  0.00s             1           0  0.09s           2026-05-22T15:21:05
/opt/airflow/dags/warehouse_pipeline.py    277  0.01s             1           0  0.11s           2026-05-22T15:21:05
================================================================================
[2026-05-22T15:22:06.642+0000] {manager.py:879} INFO - 
================================================================================
DAG File Processing Stats

File Path                                  PID  Runtime      # DAGs    # Errors  Last Runtime    Last Run
---------------------------------------  -----  ---------  --------  ----------  --------------  -------------------
/opt/airflow/dags/test_dag.py              302  0.01s             1           0  0.08s           2026-05-22T15:21:36
/opt/airflow/dags/warehouse_pipeline.py    299  0.02s             1           0  0.09s           2026-05-22T15:21:36
================================================================================
[2026-05-22T15:22:37.077+0000] {manager.py:879} INFO - 
================================================================================
DAG File Processing Stats

File Path                                  PID  Runtime      # DAGs    # Errors  Last Runtime    Last Run
---------------------------------------  -----  ---------  --------  ----------  --------------  -------------------
/opt/airflow/dags/test_dag.py              312  0.00s             1           0  0.09s           2026-05-22T15:22:06
/opt/airflow/dags/warehouse_pipeline.py    309  0.02s             1           0  0.10s           2026-05-22T15:22:06
================================================================================
[2026-05-22T15:23:07.433+0000] {manager.py:879} INFO - 
================================================================================
DAG File Processing Stats

File Path                                  PID  Runtime      # DAGs    # Errors  Last Runtime    Last Run
---------------------------------------  -----  ---------  --------  ----------  --------------  -------------------
/opt/airflow/dags/test_dag.py              322  0.01s             1           0  0.11s           2026-05-22T15:22:37
/opt/airflow/dags/warehouse_pipeline.py    319  0.02s             1           0  0.13s           2026-05-22T15:22:37
================================================================================
[2026-05-22T15:23:37.864+0000] {manager.py:879} INFO - 
================================================================================
DAG File Processing Stats

File Path                                  PID  Runtime      # DAGs    # Errors  Last Runtime    Last Run
---------------------------------------  -----  ---------  --------  ----------  --------------  -------------------
/opt/airflow/dags/test_dag.py              331  0.00s             1           0  0.09s           2026-05-22T15:23:07
/opt/airflow/dags/warehouse_pipeline.py    329  0.02s             1           0  0.10s           2026-05-22T15:23:07
================================================================================
[2026-05-22T15:24:08.332+0000] {manager.py:879} INFO - 
================================================================================
DAG File Processing Stats

File Path                                  PID  Runtime      # DAGs    # Errors  Last Runtime    Last Run
---------------------------------------  -----  ---------  --------  ----------  --------------  -------------------
/opt/airflow/dags/test_dag.py              341  0.01s             1           0  0.10s           2026-05-22T15:23:37
/opt/airflow/dags/warehouse_pipeline.py    339  0.02s             1           0  0.11s           2026-05-22T15:23:37
================================================================================
[2026-05-22T15:24:38.649+0000] {manager.py:879} INFO - 
================================================================================
DAG File Processing Stats

File Path                                  PID  Runtime      # DAGs    # Errors  Last Runtime    Last Run
---------------------------------------  -----  ---------  --------  ----------  --------------  -------------------
/opt/airflow/dags/test_dag.py              368  0.01s             1           0  0.08s           2026-05-22T15:24:08
/opt/airflow/dags/warehouse_pipeline.py    365  0.02s             1           0  0.09s           2026-05-22T15:24:08
================================================================================
[2026-05-22T15:25:09.025+0000] {manager.py:879} INFO - 
================================================================================
DAG File Processing Stats

File Path                                  PID  Runtime      # DAGs    # Errors  Last Runtime    Last Run
---------------------------------------  -----  ---------  --------  ----------  --------------  -------------------
/opt/airflow/dags/test_dag.py              377  0.01s             1           0  0.08s           2026-05-22T15:24:38
/opt/airflow/dags/warehouse_pipeline.py    375  0.02s             1           0  0.09s           2026-05-22T15:24:38
================================================================================
[2026-05-22T15:25:39.526+0000] {manager.py:879} INFO - 
================================================================================
DAG File Processing Stats

File Path                                  PID  Runtime      # DAGs    # Errors  Last Runtime    Last Run
---------------------------------------  -----  ---------  --------  ----------  --------------  -------------------
/opt/airflow/dags/test_dag.py              387  0.00s             1           0  0.14s           2026-05-22T15:25:09
/opt/airflow/dags/warehouse_pipeline.py    385  0.02s             1           0  0.16s           2026-05-22T15:25:09
================================================================================
[2026-05-22T15:26:01.862+0000] {manager.py:738} INFO - Searching for files in /opt/airflow/dags
[2026-05-22T15:26:01.876+0000] {manager.py:741} INFO - There are 2 files in /opt/airflow/dags
[2026-05-22T15:26:10.018+0000] {manager.py:879} INFO - 
================================================================================
DAG File Processing Stats

File Path                                  PID  Runtime      # DAGs    # Errors  Last Runtime    Last Run
---------------------------------------  -----  ---------  --------  ----------  --------------  -------------------
/opt/airflow/dags/test_dag.py              398  0.01s             1           0  0.11s           2026-05-22T15:25:39
/opt/airflow/dags/warehouse_pipeline.py    395  0.02s             1           0  0.13s           2026-05-22T15:25:39
================================================================================
[2026-05-22T15:26:34.527+0000] {manager.py:451} INFO - Exiting gracefully upon receiving signal 15
[2026-05-22T15:26:38.730+0000] {manager.py:469} INFO - Processing files using up to 2 processes at a time 
[2026-05-22T15:26:38.735+0000] {manager.py:470} INFO - Process each file at most once every 30 seconds
[2026-05-22T15:26:38.735+0000] {manager.py:471} INFO - Checking for new files in /opt/airflow/dags every 300 seconds
[2026-05-22T15:26:38.735+0000] {manager.py:738} INFO - Searching for files in /opt/airflow/dags
[2026-05-22T15:26:38.737+0000] {manager.py:741} INFO - There are 2 files in /opt/airflow/dags
[2026-05-22T15:26:38.785+0000] {manager.py:879} INFO - 
================================================================================
DAG File Processing Stats

File Path                                  PID  Runtime      # DAGs    # Errors  Last Runtime    Last Run
---------------------------------------  -----  ---------  --------  ----------  --------------  ----------
/opt/airflow/dags/test_dag.py              170  0.02s             0           0
/opt/airflow/dags/warehouse_pipeline.py    167  0.03s             0           0
================================================================================
[2026-05-22T15:27:09.195+0000] {manager.py:879} INFO - 
================================================================================
DAG File Processing Stats

File Path                                  PID  Runtime      # DAGs    # Errors  Last Runtime    Last Run
---------------------------------------  -----  ---------  --------  ----------  --------------  -------------------
/opt/airflow/dags/test_dag.py              180  0.01s             1           0  0.08s           2026-05-22T15:26:38
/opt/airflow/dags/warehouse_pipeline.py    177  0.03s             1           0  0.08s           2026-05-22T15:26:38
================================================================================
[2026-05-22T15:27:39.617+0000] {manager.py:879} INFO - 
================================================================================
DAG File Processing Stats

File Path                                  PID  Runtime      # DAGs    # Errors  Last Runtime    Last Run
---------------------------------------  -----  ---------  --------  ----------  --------------  -------------------
/opt/airflow/dags/test_dag.py              205  0.00s             1           0  0.11s           2026-05-22T15:27:09
/opt/airflow/dags/warehouse_pipeline.py    203  0.02s             1           0  0.14s           2026-05-22T15:27:09
================================================================================
[2026-05-22T15:28:09.969+0000] {manager.py:879} INFO - 
================================================================================
DAG File Processing Stats

File Path                                  PID  Runtime      # DAGs    # Errors  Last Runtime    Last Run
---------------------------------------  -----  ---------  --------  ----------  --------------  -------------------
/opt/airflow/dags/test_dag.py              216  0.01s             1           0  0.21s           2026-05-22T15:27:39
/opt/airflow/dags/warehouse_pipeline.py    213  0.02s             1           0  0.22s           2026-05-22T15:27:39
================================================================================
[2026-05-22T15:28:40.440+0000] {manager.py:879} INFO - 
================================================================================
DAG File Processing Stats

File Path                                  PID  Runtime      # DAGs    # Errors  Last Runtime    Last Run
---------------------------------------  -----  ---------  --------  ----------  --------------  -------------------
/opt/airflow/dags/test_dag.py              226  0.00s             1           0  0.12s           2026-05-22T15:28:10
/opt/airflow/dags/warehouse_pipeline.py    223  0.01s             1           0  0.13s           2026-05-22T15:28:10
================================================================================
[2026-05-22T15:29:10.823+0000] {manager.py:879} INFO - 
================================================================================
DAG File Processing Stats

File Path                                  PID  Runtime      # DAGs    # Errors  Last Runtime    Last Run
---------------------------------------  -----  ---------  --------  ----------  --------------  -------------------
/opt/airflow/dags/test_dag.py              236  0.01s             1           0  0.08s           2026-05-22T15:28:40
/opt/airflow/dags/warehouse_pipeline.py    233  0.04s             1           0  0.08s           2026-05-22T15:28:40
================================================================================
[2026-05-22T15:29:41.161+0000] {manager.py:879} INFO - 
================================================================================
DAG File Processing Stats

File Path                                  PID  Runtime      # DAGs    # Errors  Last Runtime    Last Run
---------------------------------------  -----  ---------  --------  ----------  --------------  -------------------
/opt/airflow/dags/test_dag.py              246  0.00s             1           0  0.11s           2026-05-22T15:29:10
/opt/airflow/dags/warehouse_pipeline.py    243  0.01s             1           0  0.15s           2026-05-22T15:29:10
================================================================================
[2026-05-22T15:30:11.587+0000] {manager.py:879} INFO - 
================================================================================
DAG File Processing Stats

File Path                                  PID  Runtime      # DAGs    # Errors  Last Runtime    Last Run
---------------------------------------  -----  ---------  --------  ----------  --------------  -------------------
/opt/airflow/dags/test_dag.py              256  0.01s             1           0  0.07s           2026-05-22T15:29:41
/opt/airflow/dags/warehouse_pipeline.py    253  0.01s             1           0  0.08s           2026-05-22T15:29:41
================================================================================
[2026-05-22T15:30:42.020+0000] {manager.py:879} INFO - 
================================================================================
DAG File Processing Stats

File Path                                  PID  Runtime      # DAGs    # Errors  Last Runtime    Last Run
---------------------------------------  -----  ---------  --------  ----------  --------------  -------------------
/opt/airflow/dags/test_dag.py              266  0.01s             1           0  0.08s           2026-05-22T15:30:11
/opt/airflow/dags/warehouse_pipeline.py    263  0.03s             1           0  0.09s           2026-05-22T15:30:11
================================================================================
[2026-05-22T15:31:12.437+0000] {manager.py:879} INFO - 
================================================================================
DAG File Processing Stats

File Path                                  PID  Runtime      # DAGs    # Errors  Last Runtime    Last Run
---------------------------------------  -----  ---------  --------  ----------  --------------  -------------------
/opt/airflow/dags/test_dag.py              275  0.01s             1           0  0.10s           2026-05-22T15:30:42
/opt/airflow/dags/warehouse_pipeline.py    273  0.02s             1           0  0.12s           2026-05-22T15:30:42
================================================================================
[2026-05-22T15:31:38.780+0000] {manager.py:738} INFO - Searching for files in /opt/airflow/dags
[2026-05-22T15:31:38.790+0000] {manager.py:741} INFO - There are 2 files in /opt/airflow/dags
[2026-05-22T15:31:42.792+0000] {manager.py:879} INFO - 
================================================================================
DAG File Processing Stats

File Path                                  PID  Runtime      # DAGs    # Errors  Last Runtime    Last Run
---------------------------------------  -----  ---------  --------  ----------  --------------  -------------------
/opt/airflow/dags/test_dag.py              286  0.01s             1           0  0.12s           2026-05-22T15:31:12
/opt/airflow/dags/warehouse_pipeline.py    283  0.04s             1           0  0.13s           2026-05-22T15:31:12
================================================================================
[2026-05-22T15:32:13.241+0000] {manager.py:879} INFO - 
================================================================================
DAG File Processing Stats

File Path                                  PID  Runtime      # DAGs    # Errors  Last Runtime    Last Run
---------------------------------------  -----  ---------  --------  ----------  --------------  -------------------
/opt/airflow/dags/test_dag.py              295  0.01s             1           0  0.12s           2026-05-22T15:31:42
/opt/airflow/dags/warehouse_pipeline.py    293  0.03s             1           0  0.15s           2026-05-22T15:31:42
================================================================================
[2026-05-22T15:32:43.761+0000] {manager.py:879} INFO - 
================================================================================
DAG File Processing Stats

File Path                                  PID  Runtime      # DAGs    # Errors  Last Runtime    Last Run
---------------------------------------  -----  ---------  --------  ----------  --------------  -------------------
/opt/airflow/dags/warehouse_pipeline.py                           0           1  0.05s           2026-05-22T15:32:28
/opt/airflow/dags/test_dag.py              308  0.01s             1           0  0.10s           2026-05-22T15:32:13
================================================================================
[2026-05-22T15:33:14.132+0000] {manager.py:879} INFO - 
================================================================================
DAG File Processing Stats

File Path                                  PID  Runtime      # DAGs    # Errors  Last Runtime    Last Run
---------------------------------------  -----  ---------  --------  ----------  --------------  -------------------
/opt/airflow/dags/warehouse_pipeline.py                           0           1  0.06s           2026-05-22T15:32:58
/opt/airflow/dags/test_dag.py              318  0.01s             1           0  0.10s           2026-05-22T15:32:43
================================================================================
[2026-05-22T15:33:44.522+0000] {manager.py:879} INFO - 
================================================================================
DAG File Processing Stats

File Path                                  PID  Runtime      # DAGs    # Errors  Last Runtime    Last Run
---------------------------------------  -----  ---------  --------  ----------  --------------  -------------------
/opt/airflow/dags/warehouse_pipeline.py                           0           1  0.04s           2026-05-22T15:33:29
/opt/airflow/dags/test_dag.py              328  0.00s             1           0  0.08s           2026-05-22T15:33:14
================================================================================
[2026-05-22T15:34:14.899+0000] {manager.py:879} INFO - 
================================================================================
DAG File Processing Stats

File Path                                  PID  Runtime      # DAGs    # Errors  Last Runtime    Last Run
---------------------------------------  -----  ---------  --------  ----------  --------------  -------------------
/opt/airflow/dags/warehouse_pipeline.py                           0           1  0.05s           2026-05-22T15:33:48
/opt/airflow/dags/test_dag.py              338  0.01s             1           0  0.08s           2026-05-22T15:33:44
================================================================================
[2026-05-22T15:34:45.281+0000] {manager.py:879} INFO - 
================================================================================
DAG File Processing Stats

File Path                                  PID  Runtime      # DAGs    # Errors  Last Runtime    Last Run
---------------------------------------  -----  ---------  --------  ----------  --------------  -------------------
/opt/airflow/dags/warehouse_pipeline.py                           0           1  0.05s           2026-05-22T15:34:19
/opt/airflow/dags/test_dag.py              348  0.02s             1           0  0.09s           2026-05-22T15:34:14
================================================================================
[2026-05-22T15:35:15.631+0000] {manager.py:879} INFO - 
================================================================================
DAG File Processing Stats

File Path                                  PID  Runtime      # DAGs    # Errors  Last Runtime    Last Run
---------------------------------------  -----  ---------  --------  ----------  --------------  -------------------
/opt/airflow/dags/warehouse_pipeline.py                           0           1  0.03s           2026-05-22T15:34:49
/opt/airflow/dags/test_dag.py              358  0.01s             1           0  0.13s           2026-05-22T15:34:45
================================================================================
[2026-05-22T15:35:45.990+0000] {manager.py:879} INFO - 
================================================================================
DAG File Processing Stats

File Path                                  PID  Runtime      # DAGs    # Errors  Last Runtime    Last Run
---------------------------------------  -----  ---------  --------  ----------  --------------  -------------------
/opt/airflow/dags/warehouse_pipeline.py                           0           1  0.05s           2026-05-22T15:35:19
/opt/airflow/dags/test_dag.py              368  0.01s             1           0  0.10s           2026-05-22T15:35:15
================================================================================
[2026-05-22T15:51:20.897+0000] {manager.py:738} INFO - Searching for files in /opt/airflow/dags
[2026-05-22T15:51:21.003+0000] {manager.py:741} INFO - There are 2 files in /opt/airflow/dags
[2026-05-22T15:51:36.469+0000] {manager.py:879} INFO - 
================================================================================
DAG File Processing Stats

File Path                                PID    Runtime      # DAGs    # Errors  Last Runtime    Last Run
---------------------------------------  -----  ---------  --------  ----------  --------------  -------------------
/opt/airflow/dags/warehouse_pipeline.py                           0           1  0.10s           2026-05-22T15:51:21
/opt/airflow/dags/test_dag.py                                     1           0  0.24s           2026-05-22T15:51:21
================================================================================
[2026-05-22T16:16:26.963+0000] {manager.py:738} INFO - Searching for files in /opt/airflow/dags
[2026-05-22T16:16:26.979+0000] {manager.py:741} INFO - There are 2 files in /opt/airflow/dags
[2026-05-22T16:16:42.592+0000] {manager.py:879} INFO - 
================================================================================
DAG File Processing Stats

File Path                                PID    Runtime      # DAGs    # Errors  Last Runtime    Last Run
---------------------------------------  -----  ---------  --------  ----------  --------------  -------------------
/opt/airflow/dags/warehouse_pipeline.py                           0           1  0.15s           2026-05-22T16:16:27
/opt/airflow/dags/test_dag.py                                     1           0  0.22s           2026-05-22T16:16:27
================================================================================
[2026-05-22T16:18:28.063+0000] {manager.py:879} INFO - 
================================================================================
DAG File Processing Stats

File Path                                PID    Runtime      # DAGs    # Errors  Last Runtime    Last Run
---------------------------------------  -----  ---------  --------  ----------  --------------  -------------------
/opt/airflow/dags/warehouse_pipeline.py                           0           1  0.11s           2026-05-22T16:18:11
/opt/airflow/dags/test_dag.py                                     1           0  0.13s           2026-05-22T16:18:11
================================================================================
[2026-05-22T16:33:47.225+0000] {manager.py:738} INFO - Searching for files in /opt/airflow/dags
[2026-05-22T16:33:47.241+0000] {manager.py:741} INFO - There are 2 files in /opt/airflow/dags
[2026-05-22T16:34:04.517+0000] {manager.py:879} INFO - 
================================================================================
DAG File Processing Stats

File Path                                PID    Runtime      # DAGs    # Errors  Last Runtime    Last Run
---------------------------------------  -----  ---------  --------  ----------  --------------  -------------------
/opt/airflow/dags/warehouse_pipeline.py                           0           1  0.09s           2026-05-22T16:33:47
/opt/airflow/dags/test_dag.py                                     1           0  0.09s           2026-05-22T16:33:47
================================================================================
[2026-05-22T16:34:34.951+0000] {manager.py:879} INFO - 
================================================================================
DAG File Processing Stats

File Path                                PID    Runtime      # DAGs    # Errors  Last Runtime    Last Run
---------------------------------------  -----  ---------  --------  ----------  --------------  -------------------
/opt/airflow/dags/warehouse_pipeline.py                           0           1  0.08s           2026-05-22T16:34:17
/opt/airflow/dags/test_dag.py                                     1           0  0.10s           2026-05-22T16:34:17
================================================================================
[2026-05-22T16:35:05.367+0000] {manager.py:879} INFO - 
================================================================================
DAG File Processing Stats

File Path                                PID    Runtime      # DAGs    # Errors  Last Runtime    Last Run
---------------------------------------  -----  ---------  --------  ----------  --------------  -------------------
/opt/airflow/dags/warehouse_pipeline.py                           0           1  0.07s           2026-05-22T16:34:48
/opt/airflow/dags/test_dag.py                                     1           0  0.08s           2026-05-22T16:34:48
================================================================================
[2026-05-22T16:35:35.775+0000] {manager.py:879} INFO - 
================================================================================
DAG File Processing Stats

File Path                                PID    Runtime      # DAGs    # Errors  Last Runtime    Last Run
---------------------------------------  -----  ---------  --------  ----------  --------------  -------------------
/opt/airflow/dags/warehouse_pipeline.py                           0           1  0.06s           2026-05-22T16:35:18
/opt/airflow/dags/test_dag.py                                     1           0  0.08s           2026-05-22T16:35:18
================================================================================
[2026-05-22T16:36:06.190+0000] {manager.py:879} INFO - 
================================================================================
DAG File Processing Stats

File Path                                PID    Runtime      # DAGs    # Errors  Last Runtime    Last Run
---------------------------------------  -----  ---------  --------  ----------  --------------  -------------------
/opt/airflow/dags/warehouse_pipeline.py                           0           1  0.06s           2026-05-22T16:35:48
/opt/airflow/dags/test_dag.py                                     1           0  0.07s           2026-05-22T16:35:49
================================================================================
[2026-05-22T16:36:36.613+0000] {manager.py:879} INFO - 
================================================================================
DAG File Processing Stats

File Path                                PID    Runtime      # DAGs    # Errors  Last Runtime    Last Run
---------------------------------------  -----  ---------  --------  ----------  --------------  -------------------
/opt/airflow/dags/warehouse_pipeline.py                           0           1  0.09s           2026-05-22T16:36:19
/opt/airflow/dags/test_dag.py                                     1           0  0.12s           2026-05-22T16:36:19
================================================================================
[2026-05-22T16:37:07.108+0000] {manager.py:879} INFO - 
================================================================================
DAG File Processing Stats

File Path                                PID    Runtime      # DAGs    # Errors  Last Runtime    Last Run
---------------------------------------  -----  ---------  --------  ----------  --------------  -------------------
/opt/airflow/dags/test_dag.py                                     1           0  0.10s           2026-05-22T16:36:49
/opt/airflow/dags/warehouse_pipeline.py                           1           0  0.17s           2026-05-22T16:37:03
================================================================================
[2026-05-22T16:37:37.443+0000] {manager.py:879} INFO - 
================================================================================
DAG File Processing Stats

File Path                                PID    Runtime      # DAGs    # Errors  Last Runtime    Last Run
---------------------------------------  -----  ---------  --------  ----------  --------------  -------------------
/opt/airflow/dags/test_dag.py                                     1           0  0.07s           2026-05-22T16:37:20
/opt/airflow/dags/warehouse_pipeline.py                           1           0  0.07s           2026-05-22T16:37:33
================================================================================
[2026-05-22T16:38:07.824+0000] {manager.py:879} INFO - 
================================================================================
DAG File Processing Stats

File Path                                PID    Runtime      # DAGs    # Errors  Last Runtime    Last Run
---------------------------------------  -----  ---------  --------  ----------  --------------  -------------------
/opt/airflow/dags/test_dag.py                                     1           0  0.10s           2026-05-22T16:37:50
/opt/airflow/dags/warehouse_pipeline.py                           1           0  0.08s           2026-05-22T16:38:03
================================================================================
[2026-05-22T16:38:38.169+0000] {manager.py:879} INFO - 
================================================================================
DAG File Processing Stats

File Path                                PID    Runtime      # DAGs    # Errors  Last Runtime    Last Run
---------------------------------------  -----  ---------  --------  ----------  --------------  -------------------
/opt/airflow/dags/test_dag.py                                     1           0  0.08s           2026-05-22T16:38:21
/opt/airflow/dags/warehouse_pipeline.py                           1           0  0.07s           2026-05-22T16:38:34
================================================================================
[2026-05-22T16:38:47.268+0000] {manager.py:738} INFO - Searching for files in /opt/airflow/dags
[2026-05-22T16:38:47.278+0000] {manager.py:741} INFO - There are 2 files in /opt/airflow/dags
[2026-05-22T16:39:08.599+0000] {manager.py:879} INFO - 
================================================================================
DAG File Processing Stats

File Path                                PID    Runtime      # DAGs    # Errors  Last Runtime    Last Run
---------------------------------------  -----  ---------  --------  ----------  --------------  -------------------
/opt/airflow/dags/test_dag.py                                     1           0  0.09s           2026-05-22T16:38:51
/opt/airflow/dags/warehouse_pipeline.py                           1           0  0.12s           2026-05-22T16:38:52
================================================================================
[2026-05-22T16:39:39.007+0000] {manager.py:879} INFO - 
================================================================================
DAG File Processing Stats

File Path                                PID    Runtime      # DAGs    # Errors  Last Runtime    Last Run
---------------------------------------  -----  ---------  --------  ----------  --------------  -------------------
/opt/airflow/dags/test_dag.py                                     1           0  0.08s           2026-05-22T16:39:21
/opt/airflow/dags/warehouse_pipeline.py                           1           0  0.12s           2026-05-22T16:39:22
================================================================================
[2026-05-22T16:40:09.369+0000] {manager.py:879} INFO - 
================================================================================
DAG File Processing Stats

File Path                                PID    Runtime      # DAGs    # Errors  Last Runtime    Last Run
---------------------------------------  -----  ---------  --------  ----------  --------------  -------------------
/opt/airflow/dags/test_dag.py                                     1           0  0.11s           2026-05-22T16:39:52
/opt/airflow/dags/warehouse_pipeline.py                           1           0  0.08s           2026-05-22T16:39:53
================================================================================
[2026-05-22T16:40:39.788+0000] {manager.py:879} INFO - 
================================================================================
DAG File Processing Stats

File Path                                PID    Runtime      # DAGs    # Errors  Last Runtime    Last Run
---------------------------------------  -----  ---------  --------  ----------  --------------  -------------------
/opt/airflow/dags/test_dag.py                                     1           0  0.10s           2026-05-22T16:40:22
/opt/airflow/dags/warehouse_pipeline.py                           1           0  0.08s           2026-05-22T16:40:23
================================================================================
[2026-05-22T16:41:10.213+0000] {manager.py:879} INFO - 
================================================================================
DAG File Processing Stats

File Path                                PID    Runtime      # DAGs    # Errors  Last Runtime    Last Run
---------------------------------------  -----  ---------  --------  ----------  --------------  -------------------
/opt/airflow/dags/test_dag.py                                     1           0  0.08s           2026-05-22T16:40:53
/opt/airflow/dags/warehouse_pipeline.py                           1           0  0.08s           2026-05-22T16:40:54
================================================================================
[2026-05-22T16:41:40.617+0000] {manager.py:879} INFO - 
================================================================================
DAG File Processing Stats

File Path                                  PID  Runtime      # DAGs    # Errors  Last Runtime    Last Run
---------------------------------------  -----  ---------  --------  ----------  --------------  -------------------
/opt/airflow/dags/warehouse_pipeline.py    614  0.00s             0           1  0.05s           2026-05-22T16:41:25
/opt/airflow/dags/test_dag.py                                     1           0  0.08s           2026-05-22T16:41:23
================================================================================
[2026-05-22T16:42:10.996+0000] {manager.py:879} INFO - 
================================================================================
DAG File Processing Stats

File Path                                  PID  Runtime      # DAGs    # Errors  Last Runtime    Last Run
---------------------------------------  -----  ---------  --------  ----------  --------------  -------------------
/opt/airflow/dags/test_dag.py                                     1           0  0.08s           2026-05-22T16:41:53
/opt/airflow/dags/warehouse_pipeline.py    639  0.02s             1           0  0.13s           2026-05-22T16:41:40
================================================================================
[2026-05-22T16:42:41.399+0000] {manager.py:879} INFO - 
================================================================================
DAG File Processing Stats

File Path                                  PID  Runtime      # DAGs    # Errors  Last Runtime    Last Run
---------------------------------------  -----  ---------  --------  ----------  --------------  -------------------
/opt/airflow/dags/test_dag.py                                     1           0  0.10s           2026-05-22T16:42:24
/opt/airflow/dags/warehouse_pipeline.py    649  0.02s             1           0  0.10s           2026-05-22T16:42:11
================================================================================
[2026-05-22T16:43:11.765+0000] {manager.py:879} INFO - 
================================================================================
DAG File Processing Stats

File Path                                  PID  Runtime      # DAGs    # Errors  Last Runtime    Last Run
---------------------------------------  -----  ---------  --------  ----------  --------------  -------------------
/opt/airflow/dags/test_dag.py                                     1           0  0.08s           2026-05-22T16:42:54
/opt/airflow/dags/warehouse_pipeline.py    659  0.01s             1           0  0.10s           2026-05-22T16:42:41
================================================================================
[2026-05-22T16:43:42.156+0000] {manager.py:879} INFO - 
================================================================================
DAG File Processing Stats

File Path                                PID    Runtime      # DAGs    # Errors  Last Runtime    Last Run
---------------------------------------  -----  ---------  --------  ----------  --------------  -------------------
/opt/airflow/dags/test_dag.py                                     1           0  0.07s           2026-05-22T16:43:25
/opt/airflow/dags/warehouse_pipeline.py                           1           0  0.11s           2026-05-22T16:43:21
================================================================================
[2026-05-22T16:43:48.229+0000] {manager.py:738} INFO - Searching for files in /opt/airflow/dags
[2026-05-22T16:43:48.239+0000] {manager.py:741} INFO - There are 2 files in /opt/airflow/dags
[2026-05-22T16:44:12.596+0000] {manager.py:879} INFO - 
================================================================================
DAG File Processing Stats

File Path                                PID    Runtime      # DAGs    # Errors  Last Runtime    Last Run
---------------------------------------  -----  ---------  --------  ----------  --------------  -------------------
/opt/airflow/dags/test_dag.py                                     1           0  0.08s           2026-05-22T16:43:55
/opt/airflow/dags/warehouse_pipeline.py                           1           0  0.10s           2026-05-22T16:43:52
================================================================================
[2026-05-22T16:44:42.976+0000] {manager.py:879} INFO - 
================================================================================
DAG File Processing Stats

File Path                                PID    Runtime      # DAGs    # Errors  Last Runtime    Last Run
---------------------------------------  -----  ---------  --------  ----------  --------------  -------------------
/opt/airflow/dags/test_dag.py                                     1           0  0.05s           2026-05-22T16:44:25
/opt/airflow/dags/warehouse_pipeline.py                           1           0  0.08s           2026-05-22T16:44:22
================================================================================
[2026-05-22T16:45:13.399+0000] {manager.py:879} INFO - 
================================================================================
DAG File Processing Stats

File Path                                PID    Runtime      # DAGs    # Errors  Last Runtime    Last Run
---------------------------------------  -----  ---------  --------  ----------  --------------  -------------------
/opt/airflow/dags/test_dag.py                                     1           0  0.07s           2026-05-22T16:44:56
/opt/airflow/dags/warehouse_pipeline.py                           1           0  0.08s           2026-05-22T16:44:53
================================================================================
[2026-05-22T16:45:43.795+0000] {manager.py:879} INFO - 
================================================================================
DAG File Processing Stats

File Path                                PID    Runtime      # DAGs    # Errors  Last Runtime    Last Run
---------------------------------------  -----  ---------  --------  ----------  --------------  -------------------
/opt/airflow/dags/test_dag.py                                     1           0  0.08s           2026-05-22T16:45:26
/opt/airflow/dags/warehouse_pipeline.py                           1           0  0.08s           2026-05-22T16:45:23
================================================================================
[2026-05-22T16:46:14.159+0000] {manager.py:879} INFO - 
================================================================================
DAG File Processing Stats

File Path                                PID    Runtime      # DAGs    # Errors  Last Runtime    Last Run
---------------------------------------  -----  ---------  --------  ----------  --------------  -------------------
/opt/airflow/dags/test_dag.py                                     1           0  0.07s           2026-05-22T16:45:57
/opt/airflow/dags/warehouse_pipeline.py                           1           0  0.13s           2026-05-22T16:45:54
================================================================================
[2026-05-22T16:46:44.594+0000] {manager.py:879} INFO - 
================================================================================
DAG File Processing Stats

File Path                                PID    Runtime      # DAGs    # Errors  Last Runtime    Last Run
---------------------------------------  -----  ---------  --------  ----------  --------------  -------------------
/opt/airflow/dags/test_dag.py                                     1           0  0.07s           2026-05-22T16:46:27
/opt/airflow/dags/warehouse_pipeline.py                           1           0  0.10s           2026-05-22T16:46:24
================================================================================
[2026-05-22T16:47:15.004+0000] {manager.py:879} INFO - 
================================================================================
DAG File Processing Stats

File Path                                PID    Runtime      # DAGs    # Errors  Last Runtime    Last Run
---------------------------------------  -----  ---------  --------  ----------  --------------  -------------------
/opt/airflow/dags/test_dag.py                                     1           0  0.07s           2026-05-22T16:46:57
/opt/airflow/dags/warehouse_pipeline.py                           1           0  0.09s           2026-05-22T16:46:54
================================================================================
[2026-05-22T16:47:45.405+0000] {manager.py:879} INFO - 
================================================================================
DAG File Processing Stats

File Path                                PID    Runtime      # DAGs    # Errors  Last Runtime    Last Run
---------------------------------------  -----  ---------  --------  ----------  --------------  -------------------
/opt/airflow/dags/test_dag.py                                     1           0  0.08s           2026-05-22T16:47:28
/opt/airflow/dags/warehouse_pipeline.py                           1           0  0.09s           2026-05-22T16:47:25
================================================================================
[2026-05-22T16:48:15.731+0000] {manager.py:879} INFO - 
================================================================================
DAG File Processing Stats

File Path                                PID    Runtime      # DAGs    # Errors  Last Runtime    Last Run
---------------------------------------  -----  ---------  --------  ----------  --------------  -------------------
/opt/airflow/dags/test_dag.py                                     1           0  0.07s           2026-05-22T16:47:58
/opt/airflow/dags/warehouse_pipeline.py                           1           0  0.16s           2026-05-22T16:47:55
================================================================================
[2026-05-22T16:48:46.074+0000] {manager.py:879} INFO - 
================================================================================
DAG File Processing Stats

File Path                                PID    Runtime      # DAGs    # Errors  Last Runtime    Last Run
---------------------------------------  -----  ---------  --------  ----------  --------------  -------------------
/opt/airflow/dags/test_dag.py                                     1           0  0.08s           2026-05-22T16:48:28
/opt/airflow/dags/warehouse_pipeline.py                           1           0  0.07s           2026-05-22T16:48:25
================================================================================
[2026-05-22T16:48:49.100+0000] {manager.py:738} INFO - Searching for files in /opt/airflow/dags
[2026-05-22T16:48:49.112+0000] {manager.py:741} INFO - There are 2 files in /opt/airflow/dags
[2026-05-22T16:49:16.474+0000] {manager.py:879} INFO - 
================================================================================
DAG File Processing Stats

File Path                                PID    Runtime      # DAGs    # Errors  Last Runtime    Last Run
---------------------------------------  -----  ---------  --------  ----------  --------------  -------------------
/opt/airflow/dags/test_dag.py                                     1           0  0.08s           2026-05-22T16:48:59
/opt/airflow/dags/warehouse_pipeline.py                           1           0  0.14s           2026-05-22T16:48:56
================================================================================
[2026-05-22T16:49:46.822+0000] {manager.py:879} INFO - 
================================================================================
DAG File Processing Stats

File Path                                PID    Runtime      # DAGs    # Errors  Last Runtime    Last Run
---------------------------------------  -----  ---------  --------  ----------  --------------  -------------------
/opt/airflow/dags/test_dag.py                                     1           0  0.06s           2026-05-22T16:49:29
/opt/airflow/dags/warehouse_pipeline.py                           1           0  0.15s           2026-05-22T16:49:26
================================================================================
[2026-05-22T16:50:17.333+0000] {manager.py:879} INFO - 
================================================================================
DAG File Processing Stats

File Path                                PID    Runtime      # DAGs    # Errors  Last Runtime    Last Run
---------------------------------------  -----  ---------  --------  ----------  --------------  -------------------
/opt/airflow/dags/test_dag.py                                     1           0  0.18s           2026-05-22T16:50:00
/opt/airflow/dags/warehouse_pipeline.py                           1           0  0.13s           2026-05-22T16:49:53
================================================================================
[2026-05-22T16:50:47.828+0000] {manager.py:879} INFO - 
================================================================================
DAG File Processing Stats

File Path                                PID    Runtime      # DAGs    # Errors  Last Runtime    Last Run
---------------------------------------  -----  ---------  --------  ----------  --------------  -------------------
/opt/airflow/dags/test_dag.py                                     1           0  0.09s           2026-05-22T16:50:30
/opt/airflow/dags/warehouse_pipeline.py                           1           0  0.14s           2026-05-22T16:50:23
================================================================================
[2026-05-22T16:51:18.265+0000] {manager.py:879} INFO - 
================================================================================
DAG File Processing Stats

File Path                                PID    Runtime      # DAGs    # Errors  Last Runtime    Last Run
---------------------------------------  -----  ---------  --------  ----------  --------------  -------------------
/opt/airflow/dags/test_dag.py                                     1           0  0.08s           2026-05-22T16:51:01
/opt/airflow/dags/warehouse_pipeline.py                           1           0  0.13s           2026-05-22T16:50:54
================================================================================
[2026-05-22T16:51:48.669+0000] {manager.py:879} INFO - 
================================================================================
DAG File Processing Stats

File Path                                PID    Runtime      # DAGs    # Errors  Last Runtime    Last Run
---------------------------------------  -----  ---------  --------  ----------  --------------  -------------------
/opt/airflow/dags/test_dag.py                                     1           0  0.11s           2026-05-22T16:51:31
/opt/airflow/dags/warehouse_pipeline.py                           1           0  0.08s           2026-05-22T16:51:24
================================================================================
[2026-05-22T16:52:19.050+0000] {manager.py:879} INFO - 
================================================================================
DAG File Processing Stats

File Path                                PID    Runtime      # DAGs    # Errors  Last Runtime    Last Run
---------------------------------------  -----  ---------  --------  ----------  --------------  -------------------
/opt/airflow/dags/test_dag.py                                     1           0  0.06s           2026-05-22T16:52:01
/opt/airflow/dags/warehouse_pipeline.py                           1           0  0.12s           2026-05-22T16:51:54
================================================================================
[2026-05-22T16:52:49.459+0000] {manager.py:879} INFO - 
================================================================================
DAG File Processing Stats

File Path                                PID    Runtime      # DAGs    # Errors  Last Runtime    Last Run
---------------------------------------  -----  ---------  --------  ----------  --------------  -------------------
/opt/airflow/dags/test_dag.py                                     1           0  0.08s           2026-05-22T16:52:32
/opt/airflow/dags/warehouse_pipeline.py                           1           0  0.14s           2026-05-22T16:52:25
================================================================================
[2026-05-22T16:53:19.914+0000] {manager.py:879} INFO - 
================================================================================
DAG File Processing Stats

File Path                                PID    Runtime      # DAGs    # Errors  Last Runtime    Last Run
---------------------------------------  -----  ---------  --------  ----------  --------------  -------------------
/opt/airflow/dags/test_dag.py                                     1           0  0.13s           2026-05-22T16:53:02
/opt/airflow/dags/warehouse_pipeline.py                           1           0  0.15s           2026-05-22T16:52:55
================================================================================
[2026-05-22T16:53:49.233+0000] {manager.py:738} INFO - Searching for files in /opt/airflow/dags
[2026-05-22T16:53:49.244+0000] {manager.py:741} INFO - There are 2 files in /opt/airflow/dags
[2026-05-22T16:53:50.270+0000] {manager.py:879} INFO - 
================================================================================
DAG File Processing Stats

File Path                                PID    Runtime      # DAGs    # Errors  Last Runtime    Last Run
---------------------------------------  -----  ---------  --------  ----------  --------------  -------------------
/opt/airflow/dags/test_dag.py                                     1           0  0.07s           2026-05-22T16:53:33
/opt/airflow/dags/warehouse_pipeline.py                           1           0  0.12s           2026-05-22T16:53:26
================================================================================
[2026-05-22T16:54:20.615+0000] {manager.py:879} INFO - 
================================================================================
DAG File Processing Stats

File Path                                PID    Runtime      # DAGs    # Errors  Last Runtime    Last Run
---------------------------------------  -----  ---------  --------  ----------  --------------  -------------------
/opt/airflow/dags/test_dag.py                                     1           0  0.07s           2026-05-22T16:54:03
/opt/airflow/dags/warehouse_pipeline.py                           1           0  0.08s           2026-05-22T16:53:56
================================================================================
[2026-05-22T16:54:51.048+0000] {manager.py:879} INFO - 
================================================================================
DAG File Processing Stats

File Path                                PID    Runtime      # DAGs    # Errors  Last Runtime    Last Run
---------------------------------------  -----  ---------  --------  ----------  --------------  -------------------
/opt/airflow/dags/test_dag.py                                     1           0  0.09s           2026-05-22T16:54:33
/opt/airflow/dags/warehouse_pipeline.py                           1           0  0.11s           2026-05-22T16:54:40
================================================================================
[2026-05-22T16:55:21.403+0000] {manager.py:879} INFO - 
================================================================================
DAG File Processing Stats

File Path                                PID    Runtime      # DAGs    # Errors  Last Runtime    Last Run
---------------------------------------  -----  ---------  --------  ----------  --------------  -------------------
/opt/airflow/dags/test_dag.py                                     1           0  0.06s           2026-05-22T16:55:04
/opt/airflow/dags/warehouse_pipeline.py                           1           0  0.08s           2026-05-22T16:55:11
================================================================================
[2026-05-22T16:55:51.874+0000] {manager.py:879} INFO - 
================================================================================
DAG File Processing Stats

File Path                                PID    Runtime      # DAGs    # Errors  Last Runtime    Last Run
---------------------------------------  -----  ---------  --------  ----------  --------------  -------------------
/opt/airflow/dags/test_dag.py                                     1           0  0.14s           2026-05-22T16:55:34
/opt/airflow/dags/warehouse_pipeline.py                           1           0  0.09s           2026-05-22T16:55:41
================================================================================
[2026-05-22T16:56:22.345+0000] {manager.py:879} INFO - 
================================================================================
DAG File Processing Stats

File Path                                PID    Runtime      # DAGs    # Errors  Last Runtime    Last Run
---------------------------------------  -----  ---------  --------  ----------  --------------  -------------------
/opt/airflow/dags/test_dag.py                                     1           0  0.13s           2026-05-22T16:56:05
/opt/airflow/dags/warehouse_pipeline.py                           1           0  0.10s           2026-05-22T16:56:12
================================================================================
[2026-05-22T16:56:52.758+0000] {manager.py:879} INFO - 
================================================================================
DAG File Processing Stats

File Path                                PID    Runtime      # DAGs    # Errors  Last Runtime    Last Run
---------------------------------------  -----  ---------  --------  ----------  --------------  -------------------
/opt/airflow/dags/test_dag.py                                     1           0  0.10s           2026-05-22T16:56:35
/opt/airflow/dags/warehouse_pipeline.py                           1           0  0.15s           2026-05-22T16:56:42
================================================================================
[2026-05-22T16:57:23.153+0000] {manager.py:879} INFO - 
================================================================================
DAG File Processing Stats

File Path                                PID    Runtime      # DAGs    # Errors  Last Runtime    Last Run
---------------------------------------  -----  ---------  --------  ----------  --------------  -------------------
/opt/airflow/dags/test_dag.py                                     1           0  0.07s           2026-05-22T16:57:05
/opt/airflow/dags/warehouse_pipeline.py                           1           0  0.08s           2026-05-22T16:57:13
================================================================================
[2026-05-22T16:57:53.565+0000] {manager.py:879} INFO - 
================================================================================
DAG File Processing Stats

File Path                                PID    Runtime      # DAGs    # Errors  Last Runtime    Last Run
---------------------------------------  -----  ---------  --------  ----------  --------------  -------------------
/opt/airflow/dags/test_dag.py                                     1           0  0.09s           2026-05-22T16:57:36
/opt/airflow/dags/warehouse_pipeline.py                           1           0  0.13s           2026-05-22T16:57:42
================================================================================
[2026-05-22T16:58:23.977+0000] {manager.py:879} INFO - 
================================================================================
DAG File Processing Stats

File Path                                PID    Runtime      # DAGs    # Errors  Last Runtime    Last Run
---------------------------------------  -----  ---------  --------  ----------  --------------  -------------------
/opt/airflow/dags/test_dag.py                                     1           0  0.17s           2026-05-22T16:58:06
/opt/airflow/dags/warehouse_pipeline.py                           1           0  0.08s           2026-05-22T16:58:12
================================================================================
[2026-05-22T16:58:49.346+0000] {manager.py:738} INFO - Searching for files in /opt/airflow/dags
[2026-05-22T16:58:49.355+0000] {manager.py:741} INFO - There are 2 files in /opt/airflow/dags
[2026-05-22T16:58:54.418+0000] {manager.py:879} INFO - 
================================================================================
DAG File Processing Stats

File Path                                PID    Runtime      # DAGs    # Errors  Last Runtime    Last Run
---------------------------------------  -----  ---------  --------  ----------  --------------  -------------------
/opt/airflow/dags/test_dag.py                                     1           0  0.10s           2026-05-22T16:58:37
/opt/airflow/dags/warehouse_pipeline.py                           1           0  0.08s           2026-05-22T16:58:43
================================================================================
[2026-05-22T16:59:24.856+0000] {manager.py:879} INFO - 
================================================================================
DAG File Processing Stats

File Path                                PID    Runtime      # DAGs    # Errors  Last Runtime    Last Run
---------------------------------------  -----  ---------  --------  ----------  --------------  -------------------
/opt/airflow/dags/test_dag.py                                     1           0  0.10s           2026-05-22T16:59:07
/opt/airflow/dags/warehouse_pipeline.py                           1           0  0.08s           2026-05-22T16:59:13
================================================================================
[2026-05-22T16:59:55.281+0000] {manager.py:879} INFO - 
================================================================================
DAG File Processing Stats

File Path                                PID    Runtime      # DAGs    # Errors  Last Runtime    Last Run
---------------------------------------  -----  ---------  --------  ----------  --------------  -------------------
/opt/airflow/dags/test_dag.py                                     1           0  0.09s           2026-05-22T16:59:38
/opt/airflow/dags/warehouse_pipeline.py                           1           0  0.08s           2026-05-22T16:59:44
================================================================================
[2026-05-22T17:00:25.691+0000] {manager.py:879} INFO - 
================================================================================
DAG File Processing Stats

File Path                                PID    Runtime      # DAGs    # Errors  Last Runtime    Last Run
---------------------------------------  -----  ---------  --------  ----------  --------------  -------------------
/opt/airflow/dags/test_dag.py                                     1           0  0.08s           2026-05-22T17:00:08
/opt/airflow/dags/warehouse_pipeline.py                           1           0  0.09s           2026-05-22T17:00:14
================================================================================
[2026-05-22T17:00:56.039+0000] {manager.py:879} INFO - 
================================================================================
DAG File Processing Stats

File Path                                PID    Runtime      # DAGs    # Errors  Last Runtime    Last Run
---------------------------------------  -----  ---------  --------  ----------  --------------  -------------------
/opt/airflow/dags/test_dag.py                                     1           0  0.08s           2026-05-22T17:00:38
/opt/airflow/dags/warehouse_pipeline.py                           1           0  0.07s           2026-05-22T17:00:44
================================================================================
[2026-05-22T17:01:26.501+0000] {manager.py:879} INFO - 
================================================================================
DAG File Processing Stats

File Path                                PID    Runtime      # DAGs    # Errors  Last Runtime    Last Run
---------------------------------------  -----  ---------  --------  ----------  --------------  -------------------
/opt/airflow/dags/test_dag.py                                     1           0  0.08s           2026-05-22T17:01:09
/opt/airflow/dags/warehouse_pipeline.py                           1           0  0.12s           2026-05-22T17:01:15
================================================================================
[2026-05-22T17:03:47.105+0000] {manager.py:879} INFO - 
================================================================================
DAG File Processing Stats

File Path                                PID    Runtime      # DAGs    # Errors  Last Runtime    Last Run
---------------------------------------  -----  ---------  --------  ----------  --------------  -------------------
/opt/airflow/dags/test_dag.py                                     1           0  0.10s           2026-05-22T17:03:37
/opt/airflow/dags/warehouse_pipeline.py                           1           0  0.11s           2026-05-22T17:03:37
================================================================================
[2026-05-22T17:03:50.138+0000] {manager.py:738} INFO - Searching for files in /opt/airflow/dags
[2026-05-22T17:03:50.166+0000] {manager.py:741} INFO - There are 2 files in /opt/airflow/dags
[2026-05-22T17:04:17.608+0000] {manager.py:879} INFO - 
================================================================================
DAG File Processing Stats

File Path                                PID    Runtime      # DAGs    # Errors  Last Runtime    Last Run
---------------------------------------  -----  ---------  --------  ----------  --------------  -------------------
/opt/airflow/dags/test_dag.py                                     1           0  0.12s           2026-05-22T17:04:08
/opt/airflow/dags/warehouse_pipeline.py                           1           0  0.13s           2026-05-22T17:04:08
================================================================================
[2026-05-22T17:04:48.044+0000] {manager.py:879} INFO - 
================================================================================
DAG File Processing Stats

File Path                                PID    Runtime      # DAGs    # Errors  Last Runtime    Last Run
---------------------------------------  -----  ---------  --------  ----------  --------------  -------------------
/opt/airflow/dags/test_dag.py                                     1           0  0.10s           2026-05-22T17:04:38
/opt/airflow/dags/warehouse_pipeline.py                           1           0  0.10s           2026-05-22T17:04:38
================================================================================
[2026-05-22T17:05:18.486+0000] {manager.py:879} INFO - 
================================================================================
DAG File Processing Stats

File Path                                PID    Runtime      # DAGs    # Errors  Last Runtime    Last Run
---------------------------------------  -----  ---------  --------  ----------  --------------  -------------------
/opt/airflow/dags/test_dag.py                                     1           0  0.11s           2026-05-22T17:05:09
/opt/airflow/dags/warehouse_pipeline.py                           1           0  0.12s           2026-05-22T17:05:09
================================================================================
[2026-05-22T17:05:48.953+0000] {manager.py:879} INFO - 
================================================================================
DAG File Processing Stats

File Path                                PID    Runtime      # DAGs    # Errors  Last Runtime    Last Run
---------------------------------------  -----  ---------  --------  ----------  --------------  -------------------
/opt/airflow/dags/test_dag.py                                     1           0  0.11s           2026-05-22T17:05:39
/opt/airflow/dags/warehouse_pipeline.py                           1           0  0.12s           2026-05-22T17:05:39
================================================================================
[2026-05-22T17:06:19.414+0000] {manager.py:879} INFO - 
================================================================================
DAG File Processing Stats

File Path                                PID    Runtime      # DAGs    # Errors  Last Runtime    Last Run
---------------------------------------  -----  ---------  --------  ----------  --------------  -------------------
/opt/airflow/dags/test_dag.py                                     1           0  0.10s           2026-05-22T17:06:10
/opt/airflow/dags/warehouse_pipeline.py                           1           0  0.12s           2026-05-22T17:06:10
================================================================================
[2026-05-22T17:06:49.876+0000] {manager.py:879} INFO - 
================================================================================
DAG File Processing Stats

File Path                                PID    Runtime      # DAGs    # Errors  Last Runtime    Last Run
---------------------------------------  -----  ---------  --------  ----------  --------------  -------------------
/opt/airflow/dags/test_dag.py                                     1           0  0.10s           2026-05-22T17:06:40
/opt/airflow/dags/warehouse_pipeline.py                           1           0  0.12s           2026-05-22T17:06:40
================================================================================
[2026-05-22T17:07:20.196+0000] {manager.py:879} INFO - 
================================================================================
DAG File Processing Stats

File Path                                PID    Runtime      # DAGs    # Errors  Last Runtime    Last Run
---------------------------------------  -----  ---------  --------  ----------  --------------  -------------------
/opt/airflow/dags/test_dag.py                                     1           0  0.11s           2026-05-22T17:07:11
/opt/airflow/dags/warehouse_pipeline.py                           1           0  0.12s           2026-05-22T17:07:11
================================================================================
[2026-05-22T17:07:50.584+0000] {manager.py:879} INFO - 
================================================================================
DAG File Processing Stats

File Path                                PID    Runtime      # DAGs    # Errors  Last Runtime    Last Run
---------------------------------------  -----  ---------  --------  ----------  --------------  -------------------
/opt/airflow/dags/test_dag.py                                     1           0  0.08s           2026-05-22T17:07:41
/opt/airflow/dags/warehouse_pipeline.py                           1           0  0.19s           2026-05-22T17:07:38
================================================================================
[2026-05-22T17:08:21.003+0000] {manager.py:879} INFO - 
================================================================================
DAG File Processing Stats

File Path                                PID    Runtime      # DAGs    # Errors  Last Runtime    Last Run
---------------------------------------  -----  ---------  --------  ----------  --------------  -------------------
/opt/airflow/dags/test_dag.py                                     1           0  0.08s           2026-05-22T17:08:11
/opt/airflow/dags/warehouse_pipeline.py                           1           0  0.11s           2026-05-22T17:08:08
================================================================================
[2026-05-22T17:08:50.366+0000] {manager.py:738} INFO - Searching for files in /opt/airflow/dags
[2026-05-22T17:08:50.371+0000] {manager.py:741} INFO - There are 2 files in /opt/airflow/dags
[2026-05-22T17:08:51.384+0000] {manager.py:879} INFO - 
================================================================================
DAG File Processing Stats

File Path                                PID    Runtime      # DAGs    # Errors  Last Runtime    Last Run
---------------------------------------  -----  ---------  --------  ----------  --------------  -------------------
/opt/airflow/dags/test_dag.py                                     1           0  0.09s           2026-05-22T17:08:42
/opt/airflow/dags/warehouse_pipeline.py                           1           0  0.10s           2026-05-22T17:08:39
================================================================================
[2026-05-22T17:09:21.740+0000] {manager.py:879} INFO - 
================================================================================
DAG File Processing Stats

File Path                                PID    Runtime      # DAGs    # Errors  Last Runtime    Last Run
---------------------------------------  -----  ---------  --------  ----------  --------------  -------------------
/opt/airflow/dags/test_dag.py                                     1           0  0.09s           2026-05-22T17:09:12
/opt/airflow/dags/warehouse_pipeline.py                           1           0  0.06s           2026-05-22T17:09:09
================================================================================
[2026-05-22T17:09:52.184+0000] {manager.py:879} INFO - 
================================================================================
DAG File Processing Stats

File Path                                PID    Runtime      # DAGs    # Errors  Last Runtime    Last Run
---------------------------------------  -----  ---------  --------  ----------  --------------  -------------------
/opt/airflow/dags/test_dag.py                                     1           0  0.10s           2026-05-22T17:09:43
/opt/airflow/dags/warehouse_pipeline.py                           1           0  0.10s           2026-05-22T17:09:40
================================================================================
[2026-05-22T17:10:22.566+0000] {manager.py:879} INFO - 
================================================================================
DAG File Processing Stats

File Path                                PID    Runtime      # DAGs    # Errors  Last Runtime    Last Run
---------------------------------------  -----  ---------  --------  ----------  --------------  -------------------
/opt/airflow/dags/test_dag.py                                     1           0  0.10s           2026-05-22T17:10:13
/opt/airflow/dags/warehouse_pipeline.py                           1           0  0.07s           2026-05-22T17:10:10
================================================================================
[2026-05-22T17:10:52.995+0000] {manager.py:879} INFO - 
================================================================================
DAG File Processing Stats

File Path                                PID    Runtime      # DAGs    # Errors  Last Runtime    Last Run
---------------------------------------  -----  ---------  --------  ----------  --------------  -------------------
/opt/airflow/dags/test_dag.py                                     1           0  0.08s           2026-05-22T17:10:43
/opt/airflow/dags/warehouse_pipeline.py                           1           0  0.09s           2026-05-22T17:10:40
================================================================================
[2026-05-22T17:11:23.414+0000] {manager.py:879} INFO - 
================================================================================
DAG File Processing Stats

File Path                                PID    Runtime      # DAGs    # Errors  Last Runtime    Last Run
---------------------------------------  -----  ---------  --------  ----------  --------------  -------------------
/opt/airflow/dags/test_dag.py                                     1           0  0.09s           2026-05-22T17:11:14
/opt/airflow/dags/warehouse_pipeline.py                           1           0  0.12s           2026-05-22T17:11:11
================================================================================
[2026-05-22T17:11:53.901+0000] {manager.py:879} INFO - 
================================================================================
DAG File Processing Stats

File Path                                PID    Runtime      # DAGs    # Errors  Last Runtime    Last Run
---------------------------------------  -----  ---------  --------  ----------  --------------  -------------------
/opt/airflow/dags/test_dag.py                                     1           0  0.08s           2026-05-22T17:11:44
/opt/airflow/dags/warehouse_pipeline.py                           1           0  0.12s           2026-05-22T17:11:42
================================================================================
[2026-05-22T17:12:24.339+0000] {manager.py:879} INFO - 
================================================================================
DAG File Processing Stats

File Path                                PID    Runtime      # DAGs    # Errors  Last Runtime    Last Run
---------------------------------------  -----  ---------  --------  ----------  --------------  -------------------
/opt/airflow/dags/test_dag.py                                     1           0  0.08s           2026-05-22T17:12:15
/opt/airflow/dags/warehouse_pipeline.py                           1           0  0.10s           2026-05-22T17:12:13
================================================================================
[2026-05-22T17:12:54.685+0000] {manager.py:879} INFO - 
================================================================================
DAG File Processing Stats

File Path                                PID    Runtime      # DAGs    # Errors  Last Runtime    Last Run
---------------------------------------  -----  ---------  --------  ----------  --------------  -------------------
/opt/airflow/dags/test_dag.py                                     1           0  0.07s           2026-05-22T17:12:45
/opt/airflow/dags/warehouse_pipeline.py                           1           0  0.07s           2026-05-22T17:12:43
================================================================================
[2026-05-22T17:13:25.107+0000] {manager.py:879} INFO - 
================================================================================
DAG File Processing Stats

File Path                                PID    Runtime      # DAGs    # Errors  Last Runtime    Last Run
---------------------------------------  -----  ---------  --------  ----------  --------------  -------------------
/opt/airflow/dags/test_dag.py                                     1           0  0.07s           2026-05-22T17:13:16
/opt/airflow/dags/warehouse_pipeline.py                           1           0  0.09s           2026-05-22T17:13:13
================================================================================
[2026-05-22T17:13:50.463+0000] {manager.py:738} INFO - Searching for files in /opt/airflow/dags
[2026-05-22T17:13:50.468+0000] {manager.py:741} INFO - There are 2 files in /opt/airflow/dags
[2026-05-22T17:13:55.525+0000] {manager.py:879} INFO - 
================================================================================
DAG File Processing Stats

File Path                                PID    Runtime      # DAGs    # Errors  Last Runtime    Last Run
---------------------------------------  -----  ---------  --------  ----------  --------------  -------------------
/opt/airflow/dags/test_dag.py                                     1           0  0.08s           2026-05-22T17:13:46
/opt/airflow/dags/warehouse_pipeline.py                           1           0  0.10s           2026-05-22T17:13:44
================================================================================
[2026-05-22T17:14:25.877+0000] {manager.py:879} INFO - 
================================================================================
DAG File Processing Stats

File Path                                PID    Runtime      # DAGs    # Errors  Last Runtime    Last Run
---------------------------------------  -----  ---------  --------  ----------  --------------  -------------------
/opt/airflow/dags/test_dag.py                                     1           0  0.08s           2026-05-22T17:14:16
/opt/airflow/dags/warehouse_pipeline.py                           1           0  0.10s           2026-05-22T17:14:14
================================================================================
[2026-05-22T17:14:56.329+0000] {manager.py:879} INFO - 
================================================================================
DAG File Processing Stats

File Path                                PID    Runtime      # DAGs    # Errors  Last Runtime    Last Run
---------------------------------------  -----  ---------  --------  ----------  --------------  -------------------
/opt/airflow/dags/test_dag.py                                     1           0  0.08s           2026-05-22T17:14:47
/opt/airflow/dags/warehouse_pipeline.py                           1           0  0.12s           2026-05-22T17:14:49
================================================================================
[2026-05-22T17:15:26.759+0000] {manager.py:879} INFO - 
================================================================================
DAG File Processing Stats

File Path                                PID    Runtime      # DAGs    # Errors  Last Runtime    Last Run
---------------------------------------  -----  ---------  --------  ----------  --------------  -------------------
/opt/airflow/dags/test_dag.py                                     1           0  0.10s           2026-05-22T17:15:17
/opt/airflow/dags/warehouse_pipeline.py                           1           0  0.06s           2026-05-22T17:15:19
================================================================================
[2026-05-22T17:15:57.211+0000] {manager.py:879} INFO - 
================================================================================
DAG File Processing Stats

File Path                                PID    Runtime      # DAGs    # Errors  Last Runtime    Last Run
---------------------------------------  -----  ---------  --------  ----------  --------------  -------------------
/opt/airflow/dags/test_dag.py                                     1           0  0.09s           2026-05-22T17:15:48
/opt/airflow/dags/warehouse_pipeline.py                           1           0  0.08s           2026-05-22T17:15:50
================================================================================
[2026-05-22T17:16:27.577+0000] {manager.py:879} INFO - 
================================================================================
DAG File Processing Stats

File Path                                PID    Runtime      # DAGs    # Errors  Last Runtime    Last Run
---------------------------------------  -----  ---------  --------  ----------  --------------  -------------------
/opt/airflow/dags/test_dag.py                                     1           0  0.08s           2026-05-22T17:16:18
/opt/airflow/dags/warehouse_pipeline.py                           1           0  0.05s           2026-05-22T17:16:20
================================================================================
[2026-05-22T17:16:57.935+0000] {manager.py:879} INFO - 
================================================================================
DAG File Processing Stats

File Path                                PID    Runtime      # DAGs    # Errors  Last Runtime    Last Run
---------------------------------------  -----  ---------  --------  ----------  --------------  -------------------
/opt/airflow/dags/test_dag.py                                     1           0  0.14s           2026-05-22T17:16:48
/opt/airflow/dags/warehouse_pipeline.py                           1           0  0.07s           2026-05-22T17:16:50
================================================================================
[2026-05-22T17:17:28.325+0000] {manager.py:879} INFO - 
================================================================================
DAG File Processing Stats

File Path                                PID    Runtime      # DAGs    # Errors  Last Runtime    Last Run
---------------------------------------  -----  ---------  --------  ----------  --------------  -------------------
/opt/airflow/dags/test_dag.py                                     1           0  0.09s           2026-05-22T17:17:19
/opt/airflow/dags/warehouse_pipeline.py                           1           0  0.14s           2026-05-22T17:17:21
================================================================================
[2026-05-22T17:17:58.633+0000] {manager.py:879} INFO - 
================================================================================
DAG File Processing Stats

File Path                                PID    Runtime      # DAGs    # Errors  Last Runtime    Last Run
---------------------------------------  -----  ---------  --------  ----------  --------------  -------------------
/opt/airflow/dags/test_dag.py                                     1           0  0.11s           2026-05-22T17:17:49
/opt/airflow/dags/warehouse_pipeline.py                           1           0  0.07s           2026-05-22T17:17:51
================================================================================
[2026-05-22T17:18:29.009+0000] {manager.py:879} INFO - 
================================================================================
DAG File Processing Stats

File Path                                PID    Runtime      # DAGs    # Errors  Last Runtime    Last Run
---------------------------------------  -----  ---------  --------  ----------  --------------  -------------------
/opt/airflow/dags/test_dag.py                                     1           0  0.08s           2026-05-22T17:18:19
/opt/airflow/dags/warehouse_pipeline.py                           1           0  0.08s           2026-05-22T17:18:21
================================================================================
[2026-05-22T17:18:51.253+0000] {manager.py:738} INFO - Searching for files in /opt/airflow/dags
[2026-05-22T17:18:51.262+0000] {manager.py:741} INFO - There are 2 files in /opt/airflow/dags
[2026-05-22T17:18:59.430+0000] {manager.py:879} INFO - 
================================================================================
DAG File Processing Stats

File Path                                PID    Runtime      # DAGs    # Errors  Last Runtime    Last Run
---------------------------------------  -----  ---------  --------  ----------  --------------  -------------------
/opt/airflow/dags/test_dag.py                                     1           0  0.10s           2026-05-22T17:18:50
/opt/airflow/dags/warehouse_pipeline.py                           1           0  0.08s           2026-05-22T17:18:52
================================================================================
[2026-05-22T17:19:29.797+0000] {manager.py:879} INFO - 
================================================================================
DAG File Processing Stats

File Path                                PID    Runtime      # DAGs    # Errors  Last Runtime    Last Run
---------------------------------------  -----  ---------  --------  ----------  --------------  -------------------
/opt/airflow/dags/test_dag.py                                     1           0  0.06s           2026-05-22T17:19:20
/opt/airflow/dags/warehouse_pipeline.py                           1           0  0.12s           2026-05-22T17:19:16
================================================================================
[2026-05-22T17:20:00.151+0000] {manager.py:879} INFO - 
================================================================================
DAG File Processing Stats

File Path                                PID    Runtime      # DAGs    # Errors  Last Runtime    Last Run
---------------------------------------  -----  ---------  --------  ----------  --------------  -------------------
/opt/airflow/dags/test_dag.py                                     1           0  0.07s           2026-05-22T17:19:51
/opt/airflow/dags/warehouse_pipeline.py                           1           0  0.15s           2026-05-22T17:19:47
================================================================================
[2026-05-22T17:20:30.606+0000] {manager.py:879} INFO - 
================================================================================
DAG File Processing Stats

File Path                                PID    Runtime      # DAGs    # Errors  Last Runtime    Last Run
---------------------------------------  -----  ---------  --------  ----------  --------------  -------------------
/opt/airflow/dags/test_dag.py                                     1           0  0.12s           2026-05-22T17:20:21
/opt/airflow/dags/warehouse_pipeline.py                           1           0  0.12s           2026-05-22T17:20:17
================================================================================
[2026-05-22T17:21:00.990+0000] {manager.py:879} INFO - 
================================================================================
DAG File Processing Stats

File Path                                PID    Runtime      # DAGs    # Errors  Last Runtime    Last Run
---------------------------------------  -----  ---------  --------  ----------  --------------  -------------------
/opt/airflow/dags/test_dag.py                                     1           0  0.09s           2026-05-22T17:20:51
/opt/airflow/dags/warehouse_pipeline.py                           1           0  0.08s           2026-05-22T17:20:47
================================================================================
[2026-05-22T17:21:31.360+0000] {manager.py:879} INFO - 
================================================================================
DAG File Processing Stats

File Path                                PID    Runtime      # DAGs    # Errors  Last Runtime    Last Run
---------------------------------------  -----  ---------  --------  ----------  --------------  -------------------
/opt/airflow/dags/test_dag.py                                     1           0  0.08s           2026-05-22T17:21:22
/opt/airflow/dags/warehouse_pipeline.py                           1           0  0.12s           2026-05-22T17:21:18
================================================================================
[2026-05-22T17:22:01.743+0000] {manager.py:879} INFO - 
================================================================================
DAG File Processing Stats

File Path                                PID    Runtime      # DAGs    # Errors  Last Runtime    Last Run
---------------------------------------  -----  ---------  --------  ----------  --------------  -------------------
/opt/airflow/dags/test_dag.py                                     1           0  0.10s           2026-05-22T17:21:52
/opt/airflow/dags/warehouse_pipeline.py                           1           0  0.15s           2026-05-22T17:21:43
================================================================================
[2026-05-22T17:22:32.132+0000] {manager.py:879} INFO - 
================================================================================
DAG File Processing Stats

File Path                                PID    Runtime      # DAGs    # Errors  Last Runtime    Last Run
---------------------------------------  -----  ---------  --------  ----------  --------------  -------------------
/opt/airflow/dags/test_dag.py                                     1           0  0.10s           2026-05-22T17:22:23
/opt/airflow/dags/warehouse_pipeline.py                           1           0  0.08s           2026-05-22T17:22:13
================================================================================
[2026-05-22T17:23:02.503+0000] {manager.py:879} INFO - 
================================================================================
DAG File Processing Stats

File Path                                PID    Runtime      # DAGs    # Errors  Last Runtime    Last Run
---------------------------------------  -----  ---------  --------  ----------  --------------  -------------------
/opt/airflow/dags/test_dag.py                                     1           0  0.10s           2026-05-22T17:22:53
/opt/airflow/dags/warehouse_pipeline.py                           1           0  0.09s           2026-05-22T17:22:44
================================================================================
[2026-05-22T17:23:32.908+0000] {manager.py:879} INFO - 
================================================================================
DAG File Processing Stats

File Path                                PID    Runtime      # DAGs    # Errors  Last Runtime    Last Run
---------------------------------------  -----  ---------  --------  ----------  --------------  -------------------
/opt/airflow/dags/test_dag.py                                     1           0  0.08s           2026-05-22T17:23:23
/opt/airflow/dags/warehouse_pipeline.py                           1           0  0.13s           2026-05-22T17:23:14
================================================================================
[2026-05-22T17:23:52.156+0000] {manager.py:738} INFO - Searching for files in /opt/airflow/dags
[2026-05-22T17:23:52.166+0000] {manager.py:741} INFO - There are 2 files in /opt/airflow/dags
[2026-05-22T17:24:03.362+0000] {manager.py:879} INFO - 
================================================================================
DAG File Processing Stats

File Path                                PID    Runtime      # DAGs    # Errors  Last Runtime    Last Run
---------------------------------------  -----  ---------  --------  ----------  --------------  -------------------
/opt/airflow/dags/test_dag.py                                     1           0  0.08s           2026-05-22T17:23:54
/opt/airflow/dags/warehouse_pipeline.py                           1           0  0.13s           2026-05-22T17:23:45
================================================================================
[2026-05-22T17:24:33.721+0000] {manager.py:879} INFO - 
================================================================================
DAG File Processing Stats

File Path                                PID    Runtime      # DAGs    # Errors  Last Runtime    Last Run
---------------------------------------  -----  ---------  --------  ----------  --------------  -------------------
/opt/airflow/dags/test_dag.py                                     1           0  0.08s           2026-05-22T17:24:24
/opt/airflow/dags/warehouse_pipeline.py                           1           0  0.08s           2026-05-22T17:24:15
================================================================================
[2026-05-22T17:25:04.088+0000] {manager.py:879} INFO - 
================================================================================
DAG File Processing Stats

File Path                                PID    Runtime      # DAGs    # Errors  Last Runtime    Last Run
---------------------------------------  -----  ---------  --------  ----------  --------------  -------------------
/opt/airflow/dags/test_dag.py                                     1           0  0.08s           2026-05-22T17:24:55
/opt/airflow/dags/warehouse_pipeline.py                           1           0  0.10s           2026-05-22T17:24:45
================================================================================
[2026-05-22T17:25:34.494+0000] {manager.py:879} INFO - 
================================================================================
DAG File Processing Stats

File Path                                PID    Runtime      # DAGs    # Errors  Last Runtime    Last Run
---------------------------------------  -----  ---------  --------  ----------  --------------  -------------------
/opt/airflow/dags/test_dag.py                                     1           0  0.08s           2026-05-22T17:25:25
/opt/airflow/dags/warehouse_pipeline.py                           1           0  0.09s           2026-05-22T17:25:16
================================================================================
[2026-05-22T17:26:04.863+0000] {manager.py:879} INFO - 
================================================================================
DAG File Processing Stats

File Path                                PID    Runtime      # DAGs    # Errors  Last Runtime    Last Run
---------------------------------------  -----  ---------  --------  ----------  --------------  -------------------
/opt/airflow/dags/test_dag.py                                     1           0  0.08s           2026-05-22T17:25:55
/opt/airflow/dags/warehouse_pipeline.py                           1           0  0.08s           2026-05-22T17:25:46
================================================================================
[2026-05-22T17:26:35.277+0000] {manager.py:879} INFO - 
================================================================================
DAG File Processing Stats

File Path                                PID    Runtime      # DAGs    # Errors  Last Runtime    Last Run
---------------------------------------  -----  ---------  --------  ----------  --------------  -------------------
/opt/airflow/dags/test_dag.py                                     1           0  0.08s           2026-05-22T17:26:26
/opt/airflow/dags/warehouse_pipeline.py                           1           0  0.10s           2026-05-22T17:26:17
================================================================================
[2026-05-22T17:27:05.666+0000] {manager.py:879} INFO - 
================================================================================
DAG File Processing Stats

File Path                                PID    Runtime      # DAGs    # Errors  Last Runtime    Last Run
---------------------------------------  -----  ---------  --------  ----------  --------------  -------------------
/opt/airflow/dags/test_dag.py                                     1           0  0.08s           2026-05-22T17:26:56
/opt/airflow/dags/warehouse_pipeline.py                           1           0  0.08s           2026-05-22T17:26:47
================================================================================
[2026-05-22T17:27:36.074+0000] {manager.py:879} INFO - 
================================================================================
DAG File Processing Stats

File Path                                PID    Runtime      # DAGs    # Errors  Last Runtime    Last Run
---------------------------------------  -----  ---------  --------  ----------  --------------  -------------------
/opt/airflow/dags/test_dag.py                                     1           0  0.09s           2026-05-22T17:27:27
/opt/airflow/dags/warehouse_pipeline.py                           1           0  0.11s           2026-05-22T17:27:17
================================================================================
[2026-05-22T17:28:06.449+0000] {manager.py:879} INFO - 
================================================================================
DAG File Processing Stats

File Path                                PID    Runtime      # DAGs    # Errors  Last Runtime    Last Run
---------------------------------------  -----  ---------  --------  ----------  --------------  -------------------
/opt/airflow/dags/test_dag.py                                     1           0  0.08s           2026-05-22T17:27:57
/opt/airflow/dags/warehouse_pipeline.py                           1           0  0.13s           2026-05-22T17:27:43
================================================================================
[2026-05-22T17:28:36.793+0000] {manager.py:879} INFO - 
================================================================================
DAG File Processing Stats

File Path                                PID    Runtime      # DAGs    # Errors  Last Runtime    Last Run
---------------------------------------  -----  ---------  --------  ----------  --------------  -------------------
/opt/airflow/dags/test_dag.py                                     1           0  0.07s           2026-05-22T17:28:27
/opt/airflow/dags/warehouse_pipeline.py                           1           0  0.09s           2026-05-22T17:28:13
================================================================================
[2026-05-22T17:28:52.971+0000] {manager.py:738} INFO - Searching for files in /opt/airflow/dags
[2026-05-22T17:28:52.980+0000] {manager.py:741} INFO - There are 2 files in /opt/airflow/dags
[2026-05-22T17:29:07.236+0000] {manager.py:879} INFO - 
================================================================================
DAG File Processing Stats

File Path                                PID    Runtime      # DAGs    # Errors  Last Runtime    Last Run
---------------------------------------  -----  ---------  --------  ----------  --------------  -------------------
/opt/airflow/dags/test_dag.py                                     1           0  0.08s           2026-05-22T17:28:58
/opt/airflow/dags/warehouse_pipeline.py                           1           0  0.10s           2026-05-22T17:28:56
================================================================================
[2026-05-22T17:29:37.674+0000] {manager.py:879} INFO - 
================================================================================
DAG File Processing Stats

File Path                                PID    Runtime      # DAGs    # Errors  Last Runtime    Last Run
---------------------------------------  -----  ---------  --------  ----------  --------------  -------------------
/opt/airflow/dags/test_dag.py                                     1           0  0.08s           2026-05-22T17:29:28
/opt/airflow/dags/warehouse_pipeline.py                           1           0  0.07s           2026-05-22T17:29:31
================================================================================
[2026-05-22T17:30:08.032+0000] {manager.py:879} INFO - 
================================================================================
DAG File Processing Stats

File Path                                PID    Runtime      # DAGs    # Errors  Last Runtime    Last Run
---------------------------------------  -----  ---------  --------  ----------  --------------  -------------------
/opt/airflow/dags/test_dag.py                                     1           0  0.09s           2026-05-22T17:29:59
/opt/airflow/dags/warehouse_pipeline.py                           1           0  0.09s           2026-05-22T17:29:42
================================================================================
[2026-05-22T17:30:38.433+0000] {manager.py:879} INFO - 
================================================================================
DAG File Processing Stats

File Path                                PID    Runtime      # DAGs    # Errors  Last Runtime    Last Run
---------------------------------------  -----  ---------  --------  ----------  --------------  -------------------
/opt/airflow/dags/test_dag.py                                     1           0  0.11s           2026-05-22T17:30:29
/opt/airflow/dags/warehouse_pipeline.py                           1           0  0.11s           2026-05-22T17:30:13
================================================================================
[2026-05-22T17:31:08.754+0000] {manager.py:879} INFO - 
================================================================================
DAG File Processing Stats

File Path                                PID    Runtime      # DAGs    # Errors  Last Runtime    Last Run
---------------------------------------  -----  ---------  --------  ----------  --------------  -------------------
/opt/airflow/dags/test_dag.py                                     1           0  0.11s           2026-05-22T17:30:59
/opt/airflow/dags/warehouse_pipeline.py                           1           0  0.06s           2026-05-22T17:30:43
================================================================================
[2026-05-22T17:31:39.161+0000] {manager.py:879} INFO - 
================================================================================
DAG File Processing Stats

File Path                                PID    Runtime      # DAGs    # Errors  Last Runtime    Last Run
---------------------------------------  -----  ---------  --------  ----------  --------------  -------------------
/opt/airflow/dags/test_dag.py                                     1           0  0.13s           2026-05-22T17:31:30
/opt/airflow/dags/warehouse_pipeline.py                           1           0  0.09s           2026-05-22T17:31:13
================================================================================
[2026-05-22T17:32:09.581+0000] {manager.py:879} INFO - 
================================================================================
DAG File Processing Stats

File Path                                PID    Runtime      # DAGs    # Errors  Last Runtime    Last Run
---------------------------------------  -----  ---------  --------  ----------  --------------  -------------------
/opt/airflow/dags/test_dag.py                                     1           0  0.10s           2026-05-22T17:32:00
/opt/airflow/dags/warehouse_pipeline.py                           1           0  0.11s           2026-05-22T17:31:44
================================================================================
[2026-05-25T10:20:45.137+0000] {manager.py:469} INFO - Processing files using up to 2 processes at a time 
[2026-05-25T10:20:45.144+0000] {manager.py:470} INFO - Process each file at most once every 30 seconds
[2026-05-25T10:20:45.144+0000] {manager.py:471} INFO - Checking for new files in /opt/airflow/dags every 300 seconds
[2026-05-25T10:20:45.144+0000] {manager.py:738} INFO - Searching for files in /opt/airflow/dags
[2026-05-25T10:20:45.148+0000] {manager.py:741} INFO - There are 2 files in /opt/airflow/dags
[2026-05-25T10:20:45.204+0000] {manager.py:879} INFO - 
================================================================================
DAG File Processing Stats

File Path                                  PID  Runtime      # DAGs    # Errors  Last Runtime    Last Run
---------------------------------------  -----  ---------  --------  ----------  --------------  ----------
/opt/airflow/dags/test_dag.py              170  0.03s             0           0
/opt/airflow/dags/warehouse_pipeline.py    167  0.03s             0           0
================================================================================
[2026-05-25T10:21:15.695+0000] {manager.py:879} INFO - 
================================================================================
DAG File Processing Stats

File Path                                  PID  Runtime      # DAGs    # Errors  Last Runtime    Last Run
---------------------------------------  -----  ---------  --------  ----------  --------------  -------------------
/opt/airflow/dags/test_dag.py              180  0.00s             1           0  0.14s           2026-05-25T10:20:45
/opt/airflow/dags/warehouse_pipeline.py    177  0.02s             1           0  0.21s           2026-05-25T10:20:45
================================================================================
[2026-05-25T10:21:46.039+0000] {manager.py:879} INFO - 
================================================================================
DAG File Processing Stats

File Path                                  PID  Runtime      # DAGs    # Errors  Last Runtime    Last Run
---------------------------------------  -----  ---------  --------  ----------  --------------  -------------------
/opt/airflow/dags/test_dag.py              224  0.01s             1           0  0.10s           2026-05-25T10:21:15
/opt/airflow/dags/warehouse_pipeline.py    221  0.03s             1           0  0.12s           2026-05-25T10:21:15
================================================================================
[2026-05-25T10:22:16.386+0000] {manager.py:879} INFO - 
================================================================================
DAG File Processing Stats

File Path                                  PID  Runtime      # DAGs    # Errors  Last Runtime    Last Run
---------------------------------------  -----  ---------  --------  ----------  --------------  -------------------
/opt/airflow/dags/test_dag.py              234  0.01s             1           0  0.11s           2026-05-25T10:21:46
/opt/airflow/dags/warehouse_pipeline.py    231  0.03s             1           0  0.13s           2026-05-25T10:21:46
================================================================================
[2026-05-25T10:22:46.748+0000] {manager.py:879} INFO - 
================================================================================
DAG File Processing Stats

File Path                                  PID  Runtime      # DAGs    # Errors  Last Runtime    Last Run
---------------------------------------  -----  ---------  --------  ----------  --------------  -------------------
/opt/airflow/dags/test_dag.py              244  0.00s             1           0  0.10s           2026-05-25T10:22:16
/opt/airflow/dags/warehouse_pipeline.py    241  0.02s             1           0  0.12s           2026-05-25T10:22:16
================================================================================
[2026-05-25T10:23:17.195+0000] {manager.py:879} INFO - 
================================================================================
DAG File Processing Stats

File Path                                  PID  Runtime      # DAGs    # Errors  Last Runtime    Last Run
---------------------------------------  -----  ---------  --------  ----------  --------------  -------------------
/opt/airflow/dags/test_dag.py              256  0.00s             1           0  0.08s           2026-05-25T10:22:46
/opt/airflow/dags/warehouse_pipeline.py                           1           0  0.18s           2026-05-25T10:23:10
================================================================================
[2026-05-25T10:23:29.839+0000] {manager.py:469} INFO - Processing files using up to 2 processes at a time 
[2026-05-25T10:23:29.845+0000] {manager.py:470} INFO - Process each file at most once every 30 seconds
[2026-05-25T10:23:29.845+0000] {manager.py:471} INFO - Checking for new files in /opt/airflow/dags every 300 seconds
[2026-05-25T10:23:29.846+0000] {manager.py:738} INFO - Searching for files in /opt/airflow/dags
[2026-05-25T10:23:29.850+0000] {manager.py:741} INFO - There are 2 files in /opt/airflow/dags
[2026-05-25T10:23:29.920+0000] {manager.py:879} INFO - 
================================================================================
DAG File Processing Stats

File Path                                  PID  Runtime      # DAGs    # Errors  Last Runtime    Last Run
---------------------------------------  -----  ---------  --------  ----------  --------------  ----------
/opt/airflow/dags/test_dag.py              170  0.02s             0           0
/opt/airflow/dags/warehouse_pipeline.py    167  0.05s             0           0
================================================================================
[2026-05-25T10:24:00.342+0000] {manager.py:879} INFO - 
================================================================================
DAG File Processing Stats

File Path                                  PID  Runtime      # DAGs    # Errors  Last Runtime    Last Run
---------------------------------------  -----  ---------  --------  ----------  --------------  -------------------
/opt/airflow/dags/test_dag.py              180  0.00s             1           0  0.13s           2026-05-25T10:23:30
/opt/airflow/dags/warehouse_pipeline.py    177  0.02s             1           0  0.11s           2026-05-25T10:23:29
================================================================================
[2026-05-25T10:24:30.765+0000] {manager.py:879} INFO - 
================================================================================
DAG File Processing Stats

File Path                                  PID  Runtime      # DAGs    # Errors  Last Runtime    Last Run
---------------------------------------  -----  ---------  --------  ----------  --------------  -------------------
/opt/airflow/dags/test_dag.py              190  0.01s             1           0  0.10s           2026-05-25T10:24:00
/opt/airflow/dags/warehouse_pipeline.py    187  0.02s             1           0  0.11s           2026-05-25T10:24:00
================================================================================
[2026-05-25T10:25:01.214+0000] {manager.py:879} INFO - 
================================================================================
DAG File Processing Stats

File Path                                  PID  Runtime      # DAGs    # Errors  Last Runtime    Last Run
---------------------------------------  -----  ---------  --------  ----------  --------------  -------------------
/opt/airflow/dags/test_dag.py              234  0.01s             1           0  0.08s           2026-05-25T10:24:30
/opt/airflow/dags/warehouse_pipeline.py    231  0.02s             1           0  0.09s           2026-05-25T10:24:30
================================================================================
[2026-05-25T10:25:31.680+0000] {manager.py:879} INFO - 
================================================================================
DAG File Processing Stats

File Path                                  PID  Runtime      # DAGs    # Errors  Last Runtime    Last Run
---------------------------------------  -----  ---------  --------  ----------  --------------  -------------------
/opt/airflow/dags/test_dag.py              244  0.01s             1           0  0.12s           2026-05-25T10:25:01
/opt/airflow/dags/warehouse_pipeline.py    241  0.02s             1           0  0.13s           2026-05-25T10:25:01
================================================================================
[2026-05-25T10:26:02.145+0000] {manager.py:879} INFO - 
================================================================================
DAG File Processing Stats

File Path                                  PID  Runtime      # DAGs    # Errors  Last Runtime    Last Run
---------------------------------------  -----  ---------  --------  ----------  --------------  -------------------
/opt/airflow/dags/test_dag.py              254  0.01s             1           0  0.08s           2026-05-25T10:25:31
/opt/airflow/dags/warehouse_pipeline.py    251  0.02s             1           0  0.09s           2026-05-25T10:25:31
================================================================================
[2026-05-25T10:26:32.582+0000] {manager.py:879} INFO - 
================================================================================
DAG File Processing Stats

File Path                                  PID  Runtime      # DAGs    # Errors  Last Runtime    Last Run
---------------------------------------  -----  ---------  --------  ----------  --------------  -------------------
/opt/airflow/dags/test_dag.py              264  0.01s             1           0  0.09s           2026-05-25T10:26:02
/opt/airflow/dags/warehouse_pipeline.py    261  0.02s             1           0  0.11s           2026-05-25T10:26:02
================================================================================
[2026-05-25T10:27:01.990+0000] {manager.py:451} INFO - Exiting gracefully upon receiving signal 15
[2026-05-25T10:27:20.101+0000] {manager.py:469} INFO - Processing files using up to 2 processes at a time 
[2026-05-25T10:27:20.104+0000] {manager.py:470} INFO - Process each file at most once every 30 seconds
[2026-05-25T10:27:20.105+0000] {manager.py:471} INFO - Checking for new files in /opt/airflow/dags every 300 seconds
[2026-05-25T10:27:20.105+0000] {manager.py:738} INFO - Searching for files in /opt/airflow/dags
[2026-05-25T10:27:20.109+0000] {manager.py:741} INFO - There are 2 files in /opt/airflow/dags
[2026-05-25T10:27:20.190+0000] {manager.py:879} INFO - 
================================================================================
DAG File Processing Stats

File Path                                  PID  Runtime      # DAGs    # Errors  Last Runtime    Last Run
---------------------------------------  -----  ---------  --------  ----------  --------------  ----------
/opt/airflow/dags/test_dag.py              170  0.03s             0           0
/opt/airflow/dags/warehouse_pipeline.py    167  0.06s             0           0
================================================================================
[2026-05-25T10:27:50.456+0000] {manager.py:879} INFO - 
================================================================================
DAG File Processing Stats

File Path                                  PID  Runtime      # DAGs    # Errors  Last Runtime    Last Run
---------------------------------------  -----  ---------  --------  ----------  --------------  -------------------
/opt/airflow/dags/test_dag.py              212  0.01s             1           0  0.09s           2026-05-25T10:27:20
/opt/airflow/dags/warehouse_pipeline.py    211  0.02s             1           0  0.12s           2026-05-25T10:27:20
================================================================================
[2026-05-25T10:28:20.844+0000] {manager.py:879} INFO - 
================================================================================
DAG File Processing Stats

File Path                                  PID  Runtime      # DAGs    # Errors  Last Runtime    Last Run
---------------------------------------  -----  ---------  --------  ----------  --------------  -------------------
/opt/airflow/dags/test_dag.py              224  0.02s             1           0  0.10s           2026-05-25T10:27:50
/opt/airflow/dags/warehouse_pipeline.py    221  0.04s             1           0  0.11s           2026-05-25T10:27:50
================================================================================
[2026-05-25T10:28:51.337+0000] {manager.py:879} INFO - 
================================================================================
DAG File Processing Stats

File Path                                  PID  Runtime      # DAGs    # Errors  Last Runtime    Last Run
---------------------------------------  -----  ---------  --------  ----------  --------------  -------------------
/opt/airflow/dags/test_dag.py              234  0.01s             1           0  0.12s           2026-05-25T10:28:20
/opt/airflow/dags/warehouse_pipeline.py    231  0.03s             1           0  0.14s           2026-05-25T10:28:20
================================================================================
[2026-05-25T10:29:21.715+0000] {manager.py:879} INFO - 
================================================================================
DAG File Processing Stats

File Path                                  PID  Runtime      # DAGs    # Errors  Last Runtime    Last Run
---------------------------------------  -----  ---------  --------  ----------  --------------  -------------------
/opt/airflow/dags/test_dag.py              244  0.01s             1           0  0.11s           2026-05-25T10:28:51
/opt/airflow/dags/warehouse_pipeline.py    241  0.03s             1           0  0.14s           2026-05-25T10:28:51
================================================================================
[2026-05-25T10:29:52.172+0000] {manager.py:879} INFO - 
================================================================================
DAG File Processing Stats

File Path                                  PID  Runtime      # DAGs    # Errors  Last Runtime    Last Run
---------------------------------------  -----  ---------  --------  ----------  --------------  -------------------
/opt/airflow/dags/test_dag.py              254  0.00s             1           0  0.09s           2026-05-25T10:29:21
/opt/airflow/dags/warehouse_pipeline.py    251  0.01s             1           0  0.12s           2026-05-25T10:29:21
================================================================================
[2026-05-25T10:30:17.013+0000] {manager.py:451} INFO - Exiting gracefully upon receiving signal 15
[2026-05-25T10:30:25.532+0000] {manager.py:469} INFO - Processing files using up to 2 processes at a time 
[2026-05-25T10:30:25.539+0000] {manager.py:470} INFO - Process each file at most once every 30 seconds
[2026-05-25T10:30:25.540+0000] {manager.py:471} INFO - Checking for new files in /opt/airflow/dags every 300 seconds
[2026-05-25T10:30:25.540+0000] {manager.py:738} INFO - Searching for files in /opt/airflow/dags
[2026-05-25T10:30:25.544+0000] {manager.py:741} INFO - There are 2 files in /opt/airflow/dags
[2026-05-25T10:30:25.606+0000] {manager.py:879} INFO - 
================================================================================
DAG File Processing Stats

File Path                                  PID  Runtime      # DAGs    # Errors  Last Runtime    Last Run
---------------------------------------  -----  ---------  --------  ----------  --------------  ----------
/opt/airflow/dags/test_dag.py              169  0.02s             0           0
/opt/airflow/dags/warehouse_pipeline.py    165  0.04s             0           0
================================================================================
[2026-05-25T10:30:56.039+0000] {manager.py:879} INFO - 
================================================================================
DAG File Processing Stats

File Path                                  PID  Runtime      # DAGs    # Errors  Last Runtime    Last Run
---------------------------------------  -----  ---------  --------  ----------  --------------  -------------------
/opt/airflow/dags/test_dag.py              179  0.00s             1           0  0.13s           2026-05-25T10:30:25
/opt/airflow/dags/warehouse_pipeline.py    176  0.02s             1           0  0.13s           2026-05-25T10:30:25
================================================================================
[2026-05-25T10:31:26.542+0000] {manager.py:879} INFO - 
================================================================================
DAG File Processing Stats

File Path                                  PID  Runtime      # DAGs    # Errors  Last Runtime    Last Run
---------------------------------------  -----  ---------  --------  ----------  --------------  -------------------
/opt/airflow/dags/test_dag.py              189  0.00s             1           0  0.12s           2026-05-25T10:30:56
/opt/airflow/dags/warehouse_pipeline.py    186  0.01s             1           0  0.14s           2026-05-25T10:30:56
================================================================================
[2026-05-25T10:31:56.967+0000] {manager.py:879} INFO - 
================================================================================
DAG File Processing Stats

File Path                                  PID  Runtime      # DAGs    # Errors  Last Runtime    Last Run
---------------------------------------  -----  ---------  --------  ----------  --------------  -------------------
/opt/airflow/dags/test_dag.py              199  0.00s             1           0  0.08s           2026-05-25T10:31:26
/opt/airflow/dags/warehouse_pipeline.py    196  0.01s             1           0  0.09s           2026-05-25T10:31:26
================================================================================
[2026-05-25T10:32:27.480+0000] {manager.py:879} INFO - 
================================================================================
DAG File Processing Stats

File Path                                  PID  Runtime      # DAGs    # Errors  Last Runtime    Last Run
---------------------------------------  -----  ---------  --------  ----------  --------------  -------------------
/opt/airflow/dags/test_dag.py              209  0.00s             1           0  0.08s           2026-05-25T10:31:57
/opt/airflow/dags/warehouse_pipeline.py    206  0.03s             1           0  0.09s           2026-05-25T10:31:57
================================================================================
[2026-05-25T10:32:57.870+0000] {manager.py:879} INFO - 
================================================================================
DAG File Processing Stats

File Path                                  PID  Runtime      # DAGs    # Errors  Last Runtime    Last Run
---------------------------------------  -----  ---------  --------  ----------  --------------  -------------------
/opt/airflow/dags/test_dag.py              219  0.01s             1           0  0.11s           2026-05-25T10:32:27
/opt/airflow/dags/warehouse_pipeline.py    216  0.02s             1           0  0.14s           2026-05-25T10:32:27
================================================================================
[2026-05-25T10:33:32.856+0000] {manager.py:879} INFO - 
================================================================================
DAG File Processing Stats

File Path                                PID    Runtime      # DAGs    # Errors  Last Runtime    Last Run
---------------------------------------  -----  ---------  --------  ----------  --------------  -------------------
/opt/airflow/dags/test_dag.py                                     1           0  0.08s           2026-05-25T10:33:28
/opt/airflow/dags/warehouse_pipeline.py                           1           0  0.10s           2026-05-25T10:33:28
================================================================================
[2026-05-25T10:34:03.235+0000] {manager.py:879} INFO - 
================================================================================
DAG File Processing Stats

File Path                                PID    Runtime      # DAGs    # Errors  Last Runtime    Last Run
---------------------------------------  -----  ---------  --------  ----------  --------------  -------------------
/opt/airflow/dags/test_dag.py                                     1           0  0.09s           2026-05-25T10:33:59
/opt/airflow/dags/warehouse_pipeline.py                           1           0  0.11s           2026-05-25T10:33:59
================================================================================
[2026-05-25T10:34:33.660+0000] {manager.py:879} INFO - 
================================================================================
DAG File Processing Stats

File Path                                PID    Runtime      # DAGs    # Errors  Last Runtime    Last Run
---------------------------------------  -----  ---------  --------  ----------  --------------  -------------------
/opt/airflow/dags/test_dag.py                                     1           0  0.09s           2026-05-25T10:34:29
/opt/airflow/dags/warehouse_pipeline.py                           1           0  0.11s           2026-05-25T10:34:29
================================================================================
[2026-05-25T10:35:04.012+0000] {manager.py:879} INFO - 
================================================================================
DAG File Processing Stats

File Path                                PID    Runtime      # DAGs    # Errors  Last Runtime    Last Run
---------------------------------------  -----  ---------  --------  ----------  --------------  -------------------
/opt/airflow/dags/test_dag.py                                     1           0  0.09s           2026-05-25T10:35:00
/opt/airflow/dags/warehouse_pipeline.py                           1           0  0.11s           2026-05-25T10:35:00
================================================================================
[2026-05-25T10:35:26.265+0000] {manager.py:738} INFO - Searching for files in /opt/airflow/dags
[2026-05-25T10:35:26.276+0000] {manager.py:741} INFO - There are 2 files in /opt/airflow/dags
[2026-05-25T10:35:34.408+0000] {manager.py:879} INFO - 
================================================================================
DAG File Processing Stats

File Path                                PID    Runtime      # DAGs    # Errors  Last Runtime    Last Run
---------------------------------------  -----  ---------  --------  ----------  --------------  -------------------
/opt/airflow/dags/test_dag.py                                     1           0  0.09s           2026-05-25T10:35:30
/opt/airflow/dags/warehouse_pipeline.py                           1           0  0.10s           2026-05-25T10:35:30
================================================================================
[2026-05-25T10:36:04.836+0000] {manager.py:879} INFO - 
================================================================================
DAG File Processing Stats

File Path                                PID    Runtime      # DAGs    # Errors  Last Runtime    Last Run
---------------------------------------  -----  ---------  --------  ----------  --------------  -------------------
/opt/airflow/dags/test_dag.py                                     1           0  0.08s           2026-05-25T10:36:00
/opt/airflow/dags/warehouse_pipeline.py                           1           0  0.09s           2026-05-25T10:36:00
================================================================================
[2026-05-25T10:36:35.282+0000] {manager.py:879} INFO - 
================================================================================
DAG File Processing Stats

File Path                                PID    Runtime      # DAGs    # Errors  Last Runtime    Last Run
---------------------------------------  -----  ---------  --------  ----------  --------------  -------------------
/opt/airflow/dags/test_dag.py                                     1           0  0.09s           2026-05-25T10:36:31
/opt/airflow/dags/warehouse_pipeline.py                           1           0  0.09s           2026-05-25T10:36:31
================================================================================
[2026-05-25T10:37:10.316+0000] {manager.py:879} INFO - 
================================================================================
DAG File Processing Stats

File Path                                PID    Runtime      # DAGs    # Errors  Last Runtime    Last Run
---------------------------------------  -----  ---------  --------  ----------  --------------  -------------------
/opt/airflow/dags/test_dag.py                                     1           0  0.12s           2026-05-25T10:37:01
/opt/airflow/dags/warehouse_pipeline.py                           1           0  0.16s           2026-05-25T10:37:01
================================================================================
[2026-05-25T10:37:40.674+0000] {manager.py:879} INFO - 
================================================================================
DAG File Processing Stats

File Path                                PID    Runtime      # DAGs    # Errors  Last Runtime    Last Run
---------------------------------------  -----  ---------  --------  ----------  --------------  -------------------
/opt/airflow/dags/test_dag.py                                     1           0  0.10s           2026-05-25T10:37:32
/opt/airflow/dags/warehouse_pipeline.py                           1           0  0.13s           2026-05-25T10:37:32
================================================================================
[2026-05-25T10:38:11.046+0000] {manager.py:879} INFO - 
================================================================================
DAG File Processing Stats

File Path                                PID    Runtime      # DAGs    # Errors  Last Runtime    Last Run
---------------------------------------  -----  ---------  --------  ----------  --------------  -------------------
/opt/airflow/dags/test_dag.py                                     1           0  0.10s           2026-05-25T10:38:03
/opt/airflow/dags/warehouse_pipeline.py                           1           0  0.12s           2026-05-25T10:38:03
================================================================================
[2026-05-25T10:38:41.469+0000] {manager.py:879} INFO - 
================================================================================
DAG File Processing Stats

File Path                                PID    Runtime      # DAGs    # Errors  Last Runtime    Last Run
---------------------------------------  -----  ---------  --------  ----------  --------------  -------------------
/opt/airflow/dags/test_dag.py                                     1           0  0.08s           2026-05-25T10:38:33
/opt/airflow/dags/warehouse_pipeline.py                           1           0  0.09s           2026-05-25T10:38:33
================================================================================
[2026-05-25T10:39:11.936+0000] {manager.py:879} INFO - 
================================================================================
DAG File Processing Stats

File Path                                PID    Runtime      # DAGs    # Errors  Last Runtime    Last Run
---------------------------------------  -----  ---------  --------  ----------  --------------  -------------------
/opt/airflow/dags/test_dag.py                                     1           0  0.11s           2026-05-25T10:39:03
/opt/airflow/dags/warehouse_pipeline.py                           1           0  0.13s           2026-05-25T10:39:03
================================================================================
[2026-05-25T10:39:42.391+0000] {manager.py:879} INFO - 
================================================================================
DAG File Processing Stats

File Path                                PID    Runtime      # DAGs    # Errors  Last Runtime    Last Run
---------------------------------------  -----  ---------  --------  ----------  --------------  -------------------
/opt/airflow/dags/test_dag.py                                     1           0  0.09s           2026-05-25T10:39:34
/opt/airflow/dags/warehouse_pipeline.py                           1           0  0.11s           2026-05-25T10:39:34
================================================================================
[2026-05-25T10:40:36.151+0000] {manager.py:469} INFO - Processing files using up to 2 processes at a time 
[2026-05-25T10:40:36.160+0000] {manager.py:470} INFO - Process each file at most once every 30 seconds
[2026-05-25T10:40:36.160+0000] {manager.py:471} INFO - Checking for new files in /opt/airflow/dags every 300 seconds
[2026-05-25T10:40:36.160+0000] {manager.py:738} INFO - Searching for files in /opt/airflow/dags
[2026-05-25T10:40:36.164+0000] {manager.py:741} INFO - There are 2 files in /opt/airflow/dags
[2026-05-25T10:40:36.225+0000] {manager.py:879} INFO - 
================================================================================
DAG File Processing Stats

File Path                                  PID  Runtime      # DAGs    # Errors  Last Runtime    Last Run
---------------------------------------  -----  ---------  --------  ----------  --------------  ----------
/opt/airflow/dags/test_dag.py              170  0.03s             0           0
/opt/airflow/dags/warehouse_pipeline.py    167  0.04s             0           0
================================================================================
[2026-05-25T10:41:06.550+0000] {manager.py:879} INFO - 
================================================================================
DAG File Processing Stats

File Path                                  PID  Runtime      # DAGs    # Errors  Last Runtime    Last Run
---------------------------------------  -----  ---------  --------  ----------  --------------  -------------------
/opt/airflow/dags/test_dag.py              180  0.01s             1           0  0.08s           2026-05-25T10:40:36
/opt/airflow/dags/warehouse_pipeline.py    177  0.03s             1           0  0.09s           2026-05-25T10:40:36
================================================================================
[2026-05-25T10:41:37.070+0000] {manager.py:879} INFO - 
================================================================================
DAG File Processing Stats

File Path                                  PID  Runtime      # DAGs    # Errors  Last Runtime    Last Run
---------------------------------------  -----  ---------  --------  ----------  --------------  -------------------
/opt/airflow/dags/test_dag.py              190  0.01s             1           0  0.12s           2026-05-25T10:41:06
/opt/airflow/dags/warehouse_pipeline.py    187  0.04s             1           0  0.15s           2026-05-25T10:41:06
================================================================================
[2026-05-25T10:42:07.456+0000] {manager.py:879} INFO - 
================================================================================
DAG File Processing Stats

File Path                                  PID  Runtime      # DAGs    # Errors  Last Runtime    Last Run
---------------------------------------  -----  ---------  --------  ----------  --------------  -------------------
/opt/airflow/dags/test_dag.py              200  0.01s             1           0  0.13s           2026-05-25T10:41:37
/opt/airflow/dags/warehouse_pipeline.py    197  0.02s             1           0  0.15s           2026-05-25T10:41:37
================================================================================
[2026-05-25T10:42:37.824+0000] {manager.py:879} INFO - 
================================================================================
DAG File Processing Stats

File Path                                  PID  Runtime      # DAGs    # Errors  Last Runtime    Last Run
---------------------------------------  -----  ---------  --------  ----------  --------------  -------------------
/opt/airflow/dags/test_dag.py              210  0.01s             1           0  0.08s           2026-05-25T10:42:07
/opt/airflow/dags/warehouse_pipeline.py    207  0.02s             1           0  0.09s           2026-05-25T10:42:07
================================================================================
[2026-05-25T10:43:08.272+0000] {manager.py:879} INFO - 
================================================================================
DAG File Processing Stats

File Path                                  PID  Runtime      # DAGs    # Errors  Last Runtime    Last Run
---------------------------------------  -----  ---------  --------  ----------  --------------  -------------------
/opt/airflow/dags/test_dag.py              220  0.01s             1           0  0.09s           2026-05-25T10:42:37
/opt/airflow/dags/warehouse_pipeline.py    217  0.02s             1           0  0.11s           2026-05-25T10:42:37
================================================================================
[2026-05-25T10:43:38.721+0000] {manager.py:879} INFO - 
================================================================================
DAG File Processing Stats

File Path                                  PID  Runtime      # DAGs    # Errors  Last Runtime    Last Run
---------------------------------------  -----  ---------  --------  ----------  --------------  -------------------
/opt/airflow/dags/test_dag.py              229  0.01s             1           0  0.09s           2026-05-25T10:43:08
/opt/airflow/dags/warehouse_pipeline.py    227  0.02s             1           0  0.10s           2026-05-25T10:43:08
================================================================================
[2026-05-25T10:44:09.099+0000] {manager.py:879} INFO - 
================================================================================
DAG File Processing Stats

File Path                                  PID  Runtime      # DAGs    # Errors  Last Runtime    Last Run
---------------------------------------  -----  ---------  --------  ----------  --------------  -------------------
/opt/airflow/dags/test_dag.py              240  0.01s             1           0  0.09s           2026-05-25T10:43:38
/opt/airflow/dags/warehouse_pipeline.py    237  0.02s             1           0  0.11s           2026-05-25T10:43:38
================================================================================
[2026-05-25T10:44:39.440+0000] {manager.py:879} INFO - 
================================================================================
DAG File Processing Stats

File Path                                  PID  Runtime      # DAGs    # Errors  Last Runtime    Last Run
---------------------------------------  -----  ---------  --------  ----------  --------------  -------------------
/opt/airflow/dags/test_dag.py              250  0.01s             1           0  0.09s           2026-05-25T10:44:09
/opt/airflow/dags/warehouse_pipeline.py    247  0.02s             1           0  0.11s           2026-05-25T10:44:09
================================================================================
[2026-05-25T10:45:09.856+0000] {manager.py:879} INFO - 
================================================================================
DAG File Processing Stats

File Path                                  PID  Runtime      # DAGs    # Errors  Last Runtime    Last Run
---------------------------------------  -----  ---------  --------  ----------  --------------  -------------------
/opt/airflow/dags/test_dag.py              260  0.00s             1           0  0.10s           2026-05-25T10:44:39
/opt/airflow/dags/warehouse_pipeline.py    257  0.01s             1           0  0.11s           2026-05-25T10:44:39
================================================================================
[2026-05-25T10:45:37.166+0000] {manager.py:738} INFO - Searching for files in /opt/airflow/dags
[2026-05-25T10:45:37.182+0000] {manager.py:741} INFO - There are 2 files in /opt/airflow/dags
[2026-05-25T10:45:40.268+0000] {manager.py:879} INFO - 
================================================================================
DAG File Processing Stats

File Path                                  PID  Runtime      # DAGs    # Errors  Last Runtime    Last Run
---------------------------------------  -----  ---------  --------  ----------  --------------  -------------------
/opt/airflow/dags/test_dag.py              270  0.01s             1           0  0.07s           2026-05-25T10:45:09
/opt/airflow/dags/warehouse_pipeline.py    267  0.03s             1           0  0.08s           2026-05-25T10:45:09
================================================================================
[2026-05-25T10:46:10.629+0000] {manager.py:879} INFO - 
================================================================================
DAG File Processing Stats

File Path                                  PID  Runtime      # DAGs    # Errors  Last Runtime    Last Run
---------------------------------------  -----  ---------  --------  ----------  --------------  -------------------
/opt/airflow/dags/test_dag.py              279  0.01s             1           0  0.11s           2026-05-25T10:45:40
/opt/airflow/dags/warehouse_pipeline.py    277  0.03s             1           0  0.13s           2026-05-25T10:45:40
================================================================================
[2026-05-25T10:46:41.023+0000] {manager.py:879} INFO - 
================================================================================
DAG File Processing Stats

File Path                                  PID  Runtime      # DAGs    # Errors  Last Runtime    Last Run
---------------------------------------  -----  ---------  --------  ----------  --------------  -------------------
/opt/airflow/dags/test_dag.py              290  0.01s             1           0  0.12s           2026-05-25T10:46:10
/opt/airflow/dags/warehouse_pipeline.py    287  0.03s             1           0  0.14s           2026-05-25T10:46:10
================================================================================
[2026-05-25T10:47:11.395+0000] {manager.py:879} INFO - 
================================================================================
DAG File Processing Stats

File Path                                  PID  Runtime      # DAGs    # Errors  Last Runtime    Last Run
---------------------------------------  -----  ---------  --------  ----------  --------------  -------------------
/opt/airflow/dags/test_dag.py              299  0.01s             1           0  0.10s           2026-05-25T10:46:41
/opt/airflow/dags/warehouse_pipeline.py    297  0.03s             1           0  0.12s           2026-05-25T10:46:41
================================================================================
[2026-05-25T10:47:41.837+0000] {manager.py:879} INFO - 
================================================================================
DAG File Processing Stats

File Path                                  PID  Runtime      # DAGs    # Errors  Last Runtime    Last Run
---------------------------------------  -----  ---------  --------  ----------  --------------  -------------------
/opt/airflow/dags/test_dag.py              310  0.01s             1           0  0.11s           2026-05-25T10:47:11
/opt/airflow/dags/warehouse_pipeline.py    307  0.03s             1           0  0.13s           2026-05-25T10:47:11
================================================================================
[2026-05-25T10:48:12.242+0000] {manager.py:879} INFO - 
================================================================================
DAG File Processing Stats

File Path                                  PID  Runtime      # DAGs    # Errors  Last Runtime    Last Run
---------------------------------------  -----  ---------  --------  ----------  --------------  -------------------
/opt/airflow/dags/test_dag.py              320  0.01s             1           0  0.10s           2026-05-25T10:47:41
/opt/airflow/dags/warehouse_pipeline.py    317  0.04s             1           0  0.12s           2026-05-25T10:47:41
================================================================================
[2026-05-25T10:48:42.787+0000] {manager.py:879} INFO - 
================================================================================
DAG File Processing Stats

File Path                                  PID  Runtime      # DAGs    # Errors  Last Runtime    Last Run
---------------------------------------  -----  ---------  --------  ----------  --------------  -------------------
/opt/airflow/dags/test_dag.py              330  0.01s             1           0  0.14s           2026-05-25T10:48:12
/opt/airflow/dags/warehouse_pipeline.py    327  0.03s             1           0  0.17s           2026-05-25T10:48:12
================================================================================
[2026-05-25T10:49:13.209+0000] {manager.py:879} INFO - 
================================================================================
DAG File Processing Stats

File Path                                  PID  Runtime      # DAGs    # Errors  Last Runtime    Last Run
---------------------------------------  -----  ---------  --------  ----------  --------------  -------------------
/opt/airflow/dags/test_dag.py              339  0.01s             1           0  0.09s           2026-05-25T10:48:42
/opt/airflow/dags/warehouse_pipeline.py    337  0.02s             1           0  0.12s           2026-05-25T10:48:42
================================================================================
[2026-05-25T10:49:43.586+0000] {manager.py:879} INFO - 
================================================================================
DAG File Processing Stats

File Path                                  PID  Runtime      # DAGs    # Errors  Last Runtime    Last Run
---------------------------------------  -----  ---------  --------  ----------  --------------  -------------------
/opt/airflow/dags/test_dag.py              350  0.01s             1           0  0.11s           2026-05-25T10:49:13
/opt/airflow/dags/warehouse_pipeline.py    347  0.03s             1           0  0.13s           2026-05-25T10:49:13
================================================================================
[2026-05-25T10:50:13.954+0000] {manager.py:879} INFO - 
================================================================================
DAG File Processing Stats

File Path                                  PID  Runtime      # DAGs    # Errors  Last Runtime    Last Run
---------------------------------------  -----  ---------  --------  ----------  --------------  -------------------
/opt/airflow/dags/test_dag.py              360  0.00s             1           0  0.10s           2026-05-25T10:49:43
/opt/airflow/dags/warehouse_pipeline.py    357  0.03s             1           0  0.12s           2026-05-25T10:49:43
================================================================================
[2026-05-25T10:50:37.239+0000] {manager.py:738} INFO - Searching for files in /opt/airflow/dags
[2026-05-25T10:50:37.250+0000] {manager.py:741} INFO - There are 2 files in /opt/airflow/dags
[2026-05-25T10:50:44.402+0000] {manager.py:879} INFO - 
================================================================================
DAG File Processing Stats

File Path                                  PID  Runtime      # DAGs    # Errors  Last Runtime    Last Run
---------------------------------------  -----  ---------  --------  ----------  --------------  -------------------
/opt/airflow/dags/test_dag.py              370  0.01s             1           0  0.09s           2026-05-25T10:50:14
/opt/airflow/dags/warehouse_pipeline.py    367  0.03s             1           0  0.11s           2026-05-25T10:50:14
================================================================================
[2026-05-25T10:51:14.829+0000] {manager.py:879} INFO - 
================================================================================
DAG File Processing Stats

File Path                                  PID  Runtime      # DAGs    # Errors  Last Runtime    Last Run
---------------------------------------  -----  ---------  --------  ----------  --------------  -------------------
/opt/airflow/dags/test_dag.py              380  0.01s             1           0  0.14s           2026-05-25T10:50:44
/opt/airflow/dags/warehouse_pipeline.py    377  0.03s             1           0  0.16s           2026-05-25T10:50:44
================================================================================
[2026-05-25T10:51:25.016+0000] {manager.py:469} INFO - Processing files using up to 2 processes at a time 
[2026-05-25T10:51:25.023+0000] {manager.py:470} INFO - Process each file at most once every 30 seconds
[2026-05-25T10:51:25.023+0000] {manager.py:471} INFO - Checking for new files in /opt/airflow/dags every 300 seconds
[2026-05-25T10:51:25.023+0000] {manager.py:738} INFO - Searching for files in /opt/airflow/dags
[2026-05-25T10:51:25.026+0000] {manager.py:741} INFO - There are 2 files in /opt/airflow/dags
[2026-05-25T10:51:25.093+0000] {manager.py:879} INFO - 
================================================================================
DAG File Processing Stats

File Path                                  PID  Runtime      # DAGs    # Errors  Last Runtime    Last Run
---------------------------------------  -----  ---------  --------  ----------  --------------  ----------
/opt/airflow/dags/test_dag.py              169  0.03s             0           0
/opt/airflow/dags/warehouse_pipeline.py    165  0.04s             0           0
================================================================================
[2026-05-25T10:51:55.521+0000] {manager.py:879} INFO - 
================================================================================
DAG File Processing Stats

File Path                                  PID  Runtime      # DAGs    # Errors  Last Runtime    Last Run
---------------------------------------  -----  ---------  --------  ----------  --------------  -------------------
/opt/airflow/dags/test_dag.py              179  0.01s             1           0  0.11s           2026-05-25T10:51:25
/opt/airflow/dags/warehouse_pipeline.py    176  0.02s             1           0  0.11s           2026-05-25T10:51:25
================================================================================
[2026-05-25T10:52:25.994+0000] {manager.py:879} INFO - 
================================================================================
DAG File Processing Stats

File Path                                  PID  Runtime      # DAGs    # Errors  Last Runtime    Last Run
---------------------------------------  -----  ---------  --------  ----------  --------------  -------------------
/opt/airflow/dags/test_dag.py              202  0.00s             1           0  0.10s           2026-05-25T10:51:55
/opt/airflow/dags/warehouse_pipeline.py    199  0.03s             1           0  0.12s           2026-05-25T10:51:55
================================================================================
[2026-05-25T10:52:56.429+0000] {manager.py:879} INFO - 
================================================================================
DAG File Processing Stats

File Path                                  PID  Runtime      # DAGs    # Errors  Last Runtime    Last Run
---------------------------------------  -----  ---------  --------  ----------  --------------  -------------------
/opt/airflow/dags/test_dag.py              212  0.01s             1           0  0.10s           2026-05-25T10:52:26
/opt/airflow/dags/warehouse_pipeline.py    209  0.03s             1           0  0.12s           2026-05-25T10:52:26
================================================================================
[2026-05-25T10:53:26.813+0000] {manager.py:879} INFO - 
================================================================================
DAG File Processing Stats

File Path                                  PID  Runtime      # DAGs    # Errors  Last Runtime    Last Run
---------------------------------------  -----  ---------  --------  ----------  --------------  -------------------
/opt/airflow/dags/test_dag.py              222  0.01s             1           0  0.10s           2026-05-25T10:52:56
/opt/airflow/dags/warehouse_pipeline.py    219  0.02s             1           0  0.12s           2026-05-25T10:52:56
================================================================================
[2026-05-25T10:53:57.292+0000] {manager.py:879} INFO - 
================================================================================
DAG File Processing Stats

File Path                                  PID  Runtime      # DAGs    # Errors  Last Runtime    Last Run
---------------------------------------  -----  ---------  --------  ----------  --------------  -------------------
/opt/airflow/dags/test_dag.py              231  0.01s             1           0  0.08s           2026-05-25T10:53:26
/opt/airflow/dags/warehouse_pipeline.py    229  0.03s             1           0  0.09s           2026-05-25T10:53:26
================================================================================
[2026-05-25T10:54:27.665+0000] {manager.py:879} INFO - 
================================================================================
DAG File Processing Stats

File Path                                  PID  Runtime      # DAGs    # Errors  Last Runtime    Last Run
---------------------------------------  -----  ---------  --------  ----------  --------------  -------------------
/opt/airflow/dags/test_dag.py              242  0.00s             1           0  0.09s           2026-05-25T10:53:57
/opt/airflow/dags/warehouse_pipeline.py    239  0.01s             1           0  0.11s           2026-05-25T10:53:57
================================================================================
[2026-05-25T10:54:58.096+0000] {manager.py:879} INFO - 
================================================================================
DAG File Processing Stats

File Path                                  PID  Runtime      # DAGs    # Errors  Last Runtime    Last Run
---------------------------------------  -----  ---------  --------  ----------  --------------  -------------------
/opt/airflow/dags/test_dag.py              251  0.01s             1           0  0.08s           2026-05-25T10:54:27
/opt/airflow/dags/warehouse_pipeline.py    249  0.03s             1           0  0.09s           2026-05-25T10:54:27
================================================================================
[2026-05-25T10:55:28.402+0000] {manager.py:879} INFO - 
================================================================================
DAG File Processing Stats

File Path                                  PID  Runtime      # DAGs    # Errors  Last Runtime    Last Run
---------------------------------------  -----  ---------  --------  ----------  --------------  -------------------
/opt/airflow/dags/test_dag.py              298  0.00s             1           0  0.11s           2026-05-25T10:54:58
/opt/airflow/dags/warehouse_pipeline.py    295  0.01s             1           0  0.14s           2026-05-25T10:54:58
================================================================================
[2026-05-25T10:55:58.810+0000] {manager.py:879} INFO - 
================================================================================
DAG File Processing Stats

File Path                                  PID  Runtime      # DAGs    # Errors  Last Runtime    Last Run
---------------------------------------  -----  ---------  --------  ----------  --------------  -------------------
/opt/airflow/dags/test_dag.py              335  0.01s             1           0  0.06s           2026-05-25T10:55:28
/opt/airflow/dags/warehouse_pipeline.py    332  0.05s             1           0  0.06s           2026-05-25T10:55:28
================================================================================
[2026-05-25T10:56:25.095+0000] {manager.py:738} INFO - Searching for files in /opt/airflow/dags
[2026-05-25T10:56:25.111+0000] {manager.py:741} INFO - There are 2 files in /opt/airflow/dags
[2026-05-25T10:56:29.190+0000] {manager.py:879} INFO - 
================================================================================
DAG File Processing Stats

File Path                                  PID  Runtime      # DAGs    # Errors  Last Runtime    Last Run
---------------------------------------  -----  ---------  --------  ----------  --------------  -------------------
/opt/airflow/dags/test_dag.py              344  0.00s             1           0  0.12s           2026-05-25T10:55:58
/opt/airflow/dags/warehouse_pipeline.py    342  0.01s             1           0  0.17s           2026-05-25T10:55:58
================================================================================
[2026-05-25T10:56:59.557+0000] {manager.py:879} INFO - 
================================================================================
DAG File Processing Stats

File Path                                  PID  Runtime      # DAGs    # Errors  Last Runtime    Last Run
---------------------------------------  -----  ---------  --------  ----------  --------------  -------------------
/opt/airflow/dags/test_dag.py              357  0.01s             1           0  0.09s           2026-05-25T10:56:29
/opt/airflow/dags/warehouse_pipeline.py                           1           0  0.18s           2026-05-25T10:56:49
================================================================================
[2026-05-25T10:57:29.937+0000] {manager.py:879} INFO - 
================================================================================
DAG File Processing Stats

File Path                                  PID  Runtime      # DAGs    # Errors  Last Runtime    Last Run
---------------------------------------  -----  ---------  --------  ----------  --------------  -------------------
/opt/airflow/dags/test_dag.py              367  0.01s             1           0  0.08s           2026-05-25T10:56:59
/opt/airflow/dags/warehouse_pipeline.py                           1           0  0.08s           2026-05-25T10:57:19
================================================================================
[2026-05-25T10:58:00.375+0000] {manager.py:879} INFO - 
================================================================================
DAG File Processing Stats

File Path                                  PID  Runtime      # DAGs    # Errors  Last Runtime    Last Run
---------------------------------------  -----  ---------  --------  ----------  --------------  -------------------
/opt/airflow/dags/test_dag.py              382  0.01s             1           0  0.07s           2026-05-25T10:57:30
/opt/airflow/dags/warehouse_pipeline.py                           1           0  0.12s           2026-05-25T10:57:56
================================================================================
[2026-05-25T10:58:30.827+0000] {manager.py:879} INFO - 
================================================================================
DAG File Processing Stats

File Path                                  PID  Runtime      # DAGs    # Errors  Last Runtime    Last Run
---------------------------------------  -----  ---------  --------  ----------  --------------  -------------------
/opt/airflow/dags/test_dag.py              392  0.01s             1           0  0.08s           2026-05-25T10:58:00
/opt/airflow/dags/warehouse_pipeline.py                           1           0  0.13s           2026-05-25T10:58:26
================================================================================
[2026-05-25T10:59:01.170+0000] {manager.py:879} INFO - 
================================================================================
DAG File Processing Stats

File Path                                  PID  Runtime      # DAGs    # Errors  Last Runtime    Last Run
---------------------------------------  -----  ---------  --------  ----------  --------------  -------------------
/opt/airflow/dags/test_dag.py              467  0.00s             1           0  0.08s           2026-05-25T10:58:30
/opt/airflow/dags/warehouse_pipeline.py                           1           0  0.10s           2026-05-25T10:58:57
================================================================================
[2026-05-25T10:59:31.566+0000] {manager.py:879} INFO - 
================================================================================
DAG File Processing Stats

File Path                                  PID  Runtime      # DAGs    # Errors  Last Runtime    Last Run
---------------------------------------  -----  ---------  --------  ----------  --------------  -------------------
/opt/airflow/dags/test_dag.py              482  0.01s             1           0  0.05s           2026-05-25T10:59:01
/opt/airflow/dags/warehouse_pipeline.py                           1           0  0.12s           2026-05-25T10:59:27
================================================================================
[2026-05-25T11:00:01.962+0000] {manager.py:879} INFO - 
================================================================================
DAG File Processing Stats

File Path                                  PID  Runtime      # DAGs    # Errors  Last Runtime    Last Run
---------------------------------------  -----  ---------  --------  ----------  --------------  -------------------
/opt/airflow/dags/test_dag.py              492  0.01s             1           0  0.09s           2026-05-25T10:59:31
/opt/airflow/dags/warehouse_pipeline.py                           1           0  0.16s           2026-05-25T10:59:58
================================================================================
[2026-05-25T11:00:32.274+0000] {manager.py:879} INFO - 
================================================================================
DAG File Processing Stats

File Path                                  PID  Runtime      # DAGs    # Errors  Last Runtime    Last Run
---------------------------------------  -----  ---------  --------  ----------  --------------  -------------------
/opt/airflow/dags/test_dag.py              502  0.00s             1           0  0.06s           2026-05-25T11:00:02
/opt/airflow/dags/warehouse_pipeline.py                           1           0  0.11s           2026-05-25T11:00:28
================================================================================
[2026-05-25T11:01:02.641+0000] {manager.py:879} INFO - 
================================================================================
DAG File Processing Stats

File Path                                  PID  Runtime      # DAGs    # Errors  Last Runtime    Last Run
---------------------------------------  -----  ---------  --------  ----------  --------------  -------------------
/opt/airflow/dags/test_dag.py              512  0.04s             1           0  0.06s           2026-05-25T11:00:32
/opt/airflow/dags/warehouse_pipeline.py                           1           0  0.16s           2026-05-25T11:00:58
================================================================================
[2026-05-25T11:01:25.947+0000] {manager.py:738} INFO - Searching for files in /opt/airflow/dags
[2026-05-25T11:01:25.963+0000] {manager.py:741} INFO - There are 2 files in /opt/airflow/dags
[2026-05-25T11:01:33.102+0000] {manager.py:879} INFO - 
================================================================================
DAG File Processing Stats

File Path                                  PID  Runtime      # DAGs    # Errors  Last Runtime    Last Run
---------------------------------------  -----  ---------  --------  ----------  --------------  -------------------
/opt/airflow/dags/test_dag.py              522  0.01s             1           0  0.15s           2026-05-25T11:01:02
/opt/airflow/dags/warehouse_pipeline.py                           1           0  0.13s           2026-05-25T11:01:29
================================================================================
[2026-05-25T11:02:03.490+0000] {manager.py:879} INFO - 
================================================================================
DAG File Processing Stats

File Path                                  PID  Runtime      # DAGs    # Errors  Last Runtime    Last Run
---------------------------------------  -----  ---------  --------  ----------  --------------  -------------------
/opt/airflow/dags/test_dag.py              532  0.01s             1           0  0.08s           2026-05-25T11:01:33
/opt/airflow/dags/warehouse_pipeline.py                           1           0  0.13s           2026-05-25T11:01:59
================================================================================
[2026-05-25T11:02:33.898+0000] {manager.py:879} INFO - 
================================================================================
DAG File Processing Stats

File Path                                  PID  Runtime      # DAGs    # Errors  Last Runtime    Last Run
---------------------------------------  -----  ---------  --------  ----------  --------------  -------------------
/opt/airflow/dags/test_dag.py              542  0.00s             1           0  0.08s           2026-05-25T11:02:03
/opt/airflow/dags/warehouse_pipeline.py                           1           0  0.08s           2026-05-25T11:02:29
================================================================================
[2026-05-25T11:03:04.303+0000] {manager.py:879} INFO - 
================================================================================
DAG File Processing Stats

File Path                                  PID  Runtime      # DAGs    # Errors  Last Runtime    Last Run
---------------------------------------  -----  ---------  --------  ----------  --------------  -------------------
/opt/airflow/dags/test_dag.py              552  0.00s             1           0  0.07s           2026-05-25T11:02:33
/opt/airflow/dags/warehouse_pipeline.py                           1           0  0.08s           2026-05-25T11:03:00
================================================================================
[2026-05-25T11:03:34.730+0000] {manager.py:879} INFO - 
================================================================================
DAG File Processing Stats

File Path                                  PID  Runtime      # DAGs    # Errors  Last Runtime    Last Run
---------------------------------------  -----  ---------  --------  ----------  --------------  -------------------
/opt/airflow/dags/test_dag.py              562  0.01s             1           0  0.07s           2026-05-25T11:03:04
/opt/airflow/dags/warehouse_pipeline.py                           1           0  0.09s           2026-05-25T11:03:30
================================================================================
[2026-05-25T11:04:05.159+0000] {manager.py:879} INFO - 
================================================================================
DAG File Processing Stats

File Path                                  PID  Runtime      # DAGs    # Errors  Last Runtime    Last Run
---------------------------------------  -----  ---------  --------  ----------  --------------  -------------------
/opt/airflow/dags/test_dag.py              572  0.00s             1           0  0.07s           2026-05-25T11:03:34
/opt/airflow/dags/warehouse_pipeline.py                           1           0  0.08s           2026-05-25T11:04:01
================================================================================
[2026-05-25T11:04:35.603+0000] {manager.py:879} INFO - 
================================================================================
DAG File Processing Stats

File Path                                  PID  Runtime      # DAGs    # Errors  Last Runtime    Last Run
---------------------------------------  -----  ---------  --------  ----------  --------------  -------------------
/opt/airflow/dags/test_dag.py              582  0.01s             1           0  0.07s           2026-05-25T11:04:05
/opt/airflow/dags/warehouse_pipeline.py                           1           0  0.11s           2026-05-25T11:04:31
================================================================================
[2026-05-25T11:20:28.590+0000] {manager.py:738} INFO - Searching for files in /opt/airflow/dags
[2026-05-25T11:20:28.606+0000] {manager.py:741} INFO - There are 2 files in /opt/airflow/dags
[2026-05-25T11:20:56.087+0000] {manager.py:879} INFO - 
================================================================================
DAG File Processing Stats

File Path                                PID    Runtime      # DAGs    # Errors  Last Runtime    Last Run
---------------------------------------  -----  ---------  --------  ----------  --------------  -------------------
/opt/airflow/dags/test_dag.py                                     1           0  0.22s           2026-05-25T11:20:28
/opt/airflow/dags/warehouse_pipeline.py                           1           0  0.24s           2026-05-25T11:20:28
================================================================================
[2026-05-25T11:22:12.426+0000] {manager.py:879} INFO - 
================================================================================
DAG File Processing Stats

File Path                                PID    Runtime      # DAGs    # Errors  Last Runtime    Last Run
---------------------------------------  -----  ---------  --------  ----------  --------------  -------------------
/opt/airflow/dags/test_dag.py                                     1           0  0.16s           2026-05-25T11:21:44
/opt/airflow/dags/warehouse_pipeline.py                           1           0  0.17s           2026-05-25T11:21:44
================================================================================
[2026-05-25T11:22:42.818+0000] {manager.py:879} INFO - 
================================================================================
DAG File Processing Stats

File Path                                PID    Runtime      # DAGs    # Errors  Last Runtime    Last Run
---------------------------------------  -----  ---------  --------  ----------  --------------  -------------------
/opt/airflow/dags/test_dag.py                                     1           0  0.09s           2026-05-25T11:22:14
/opt/airflow/dags/warehouse_pipeline.py                           1           0  0.10s           2026-05-25T11:22:14
================================================================================
[2026-05-25T11:23:13.300+0000] {manager.py:879} INFO - 
================================================================================
DAG File Processing Stats

File Path                                PID    Runtime      # DAGs    # Errors  Last Runtime    Last Run
---------------------------------------  -----  ---------  --------  ----------  --------------  -------------------
/opt/airflow/dags/test_dag.py                                     1           0  0.11s           2026-05-25T11:22:44
/opt/airflow/dags/warehouse_pipeline.py                           1           0  0.13s           2026-05-25T11:22:44
================================================================================
[2026-05-25T11:23:43.697+0000] {manager.py:879} INFO - 
================================================================================
DAG File Processing Stats

File Path                                PID    Runtime      # DAGs    # Errors  Last Runtime    Last Run
---------------------------------------  -----  ---------  --------  ----------  --------------  -------------------
/opt/airflow/dags/test_dag.py                                     1           0  0.09s           2026-05-25T11:23:15
/opt/airflow/dags/warehouse_pipeline.py                           1           0  0.10s           2026-05-25T11:23:15
================================================================================
[2026-05-25T11:24:14.049+0000] {manager.py:879} INFO - 
================================================================================
DAG File Processing Stats

File Path                                PID    Runtime      # DAGs    # Errors  Last Runtime    Last Run
---------------------------------------  -----  ---------  --------  ----------  --------------  -------------------
/opt/airflow/dags/test_dag.py                                     1           0  0.08s           2026-05-25T11:23:45
/opt/airflow/dags/warehouse_pipeline.py                           1           0  0.09s           2026-05-25T11:23:45
================================================================================
[2026-05-25T11:24:44.472+0000] {manager.py:879} INFO - 
================================================================================
DAG File Processing Stats

File Path                                PID    Runtime      # DAGs    # Errors  Last Runtime    Last Run
---------------------------------------  -----  ---------  --------  ----------  --------------  -------------------
/opt/airflow/dags/test_dag.py                                     1           0  0.09s           2026-05-25T11:24:16
/opt/airflow/dags/warehouse_pipeline.py                           1           0  0.10s           2026-05-25T11:24:16
================================================================================
[2026-05-25T11:25:14.888+0000] {manager.py:879} INFO - 
================================================================================
DAG File Processing Stats

File Path                                PID    Runtime      # DAGs    # Errors  Last Runtime    Last Run
---------------------------------------  -----  ---------  --------  ----------  --------------  -------------------
/opt/airflow/dags/test_dag.py                                     1           0  0.08s           2026-05-25T11:24:46
/opt/airflow/dags/warehouse_pipeline.py                           1           0  0.09s           2026-05-25T11:24:46
================================================================================
[2026-05-25T11:25:29.066+0000] {manager.py:738} INFO - Searching for files in /opt/airflow/dags
[2026-05-25T11:25:29.076+0000] {manager.py:741} INFO - There are 2 files in /opt/airflow/dags
[2026-05-25T11:25:45.245+0000] {manager.py:879} INFO - 
================================================================================
DAG File Processing Stats

File Path                                PID    Runtime      # DAGs    # Errors  Last Runtime    Last Run
---------------------------------------  -----  ---------  --------  ----------  --------------  -------------------
/opt/airflow/dags/test_dag.py                                     1           0  0.08s           2026-05-25T11:25:16
/opt/airflow/dags/warehouse_pipeline.py                           1           0  0.08s           2026-05-25T11:25:16
================================================================================
[2026-05-25T11:26:15.709+0000] {manager.py:879} INFO - 
================================================================================
DAG File Processing Stats

File Path                                PID    Runtime      # DAGs    # Errors  Last Runtime    Last Run
---------------------------------------  -----  ---------  --------  ----------  --------------  -------------------
/opt/airflow/dags/test_dag.py                                     1           0  0.08s           2026-05-25T11:25:47
/opt/airflow/dags/warehouse_pipeline.py                           1           0  0.10s           2026-05-25T11:25:47
================================================================================
[2026-05-25T11:26:46.153+0000] {manager.py:879} INFO - 
================================================================================
DAG File Processing Stats

File Path                                PID    Runtime      # DAGs    # Errors  Last Runtime    Last Run
---------------------------------------  -----  ---------  --------  ----------  --------------  -------------------
/opt/airflow/dags/test_dag.py                                     1           0  0.09s           2026-05-25T11:26:17
/opt/airflow/dags/warehouse_pipeline.py                           1           0  0.10s           2026-05-25T11:26:17
================================================================================
[2026-05-25T11:27:16.564+0000] {manager.py:879} INFO - 
================================================================================
DAG File Processing Stats

File Path                                PID    Runtime      # DAGs    # Errors  Last Runtime    Last Run
---------------------------------------  -----  ---------  --------  ----------  --------------  -------------------
/opt/airflow/dags/test_dag.py                                     1           0  0.10s           2026-05-25T11:26:48
/opt/airflow/dags/warehouse_pipeline.py                           1           0  0.11s           2026-05-25T11:26:48
================================================================================
[2026-05-25T11:27:46.953+0000] {manager.py:879} INFO - 
================================================================================
DAG File Processing Stats

File Path                                PID    Runtime      # DAGs    # Errors  Last Runtime    Last Run
---------------------------------------  -----  ---------  --------  ----------  --------------  -------------------
/opt/airflow/dags/test_dag.py                                     1           0  0.08s           2026-05-25T11:27:18
/opt/airflow/dags/warehouse_pipeline.py                           1           0  0.08s           2026-05-25T11:27:18
================================================================================
[2026-05-25T11:28:17.290+0000] {manager.py:879} INFO - 
================================================================================
DAG File Processing Stats

File Path                                PID    Runtime      # DAGs    # Errors  Last Runtime    Last Run
---------------------------------------  -----  ---------  --------  ----------  --------------  -------------------
/opt/airflow/dags/test_dag.py                                     1           0  0.10s           2026-05-25T11:27:49
/opt/airflow/dags/warehouse_pipeline.py                           1           0  0.11s           2026-05-25T11:27:49
================================================================================
[2026-05-25T11:28:47.654+0000] {manager.py:879} INFO - 
================================================================================
DAG File Processing Stats

File Path                                PID    Runtime      # DAGs    # Errors  Last Runtime    Last Run
---------------------------------------  -----  ---------  --------  ----------  --------------  -------------------
/opt/airflow/dags/test_dag.py                                     1           0  0.12s           2026-05-25T11:28:19
/opt/airflow/dags/warehouse_pipeline.py                           1           0  0.14s           2026-05-25T11:28:19
================================================================================
[2026-05-25T11:29:18.080+0000] {manager.py:879} INFO - 
================================================================================
DAG File Processing Stats

File Path                                PID    Runtime      # DAGs    # Errors  Last Runtime    Last Run
---------------------------------------  -----  ---------  --------  ----------  --------------  -------------------
/opt/airflow/dags/test_dag.py                                     1           0  0.08s           2026-05-25T11:28:49
/opt/airflow/dags/warehouse_pipeline.py                           1           0  0.09s           2026-05-25T11:28:49
================================================================================
[2026-05-25T11:29:48.531+0000] {manager.py:879} INFO - 
================================================================================
DAG File Processing Stats

File Path                                PID    Runtime      # DAGs    # Errors  Last Runtime    Last Run
---------------------------------------  -----  ---------  --------  ----------  --------------  -------------------
/opt/airflow/dags/test_dag.py                                     1           0  0.10s           2026-05-25T11:29:20
/opt/airflow/dags/warehouse_pipeline.py                           1           0  0.12s           2026-05-25T11:29:20
================================================================================
[2026-05-25T11:30:19.004+0000] {manager.py:879} INFO - 
================================================================================
DAG File Processing Stats

File Path                                PID    Runtime      # DAGs    # Errors  Last Runtime    Last Run
---------------------------------------  -----  ---------  --------  ----------  --------------  -------------------
/opt/airflow/dags/test_dag.py                                     1           0  0.08s           2026-05-25T11:29:50
/opt/airflow/dags/warehouse_pipeline.py                           1           0  0.10s           2026-05-25T11:29:50
================================================================================
[2026-05-25T11:30:29.166+0000] {manager.py:738} INFO - Searching for files in /opt/airflow/dags
[2026-05-25T11:30:29.176+0000] {manager.py:741} INFO - There are 2 files in /opt/airflow/dags
[2026-05-25T11:30:49.430+0000] {manager.py:879} INFO - 
================================================================================
DAG File Processing Stats

File Path                                PID    Runtime      # DAGs    # Errors  Last Runtime    Last Run
---------------------------------------  -----  ---------  --------  ----------  --------------  -------------------
/opt/airflow/dags/test_dag.py                                     1           0  0.10s           2026-05-25T11:30:21
/opt/airflow/dags/warehouse_pipeline.py                           1           0  0.12s           2026-05-25T11:30:21
================================================================================
[2026-05-25T11:31:19.790+0000] {manager.py:879} INFO - 
================================================================================
DAG File Processing Stats

File Path                                PID    Runtime      # DAGs    # Errors  Last Runtime    Last Run
---------------------------------------  -----  ---------  --------  ----------  --------------  -------------------
/opt/airflow/dags/test_dag.py                                     1           0  0.09s           2026-05-25T11:30:51
/opt/airflow/dags/warehouse_pipeline.py                           1           0  0.09s           2026-05-25T11:30:51
================================================================================
[2026-05-25T11:31:50.151+0000] {manager.py:879} INFO - 
================================================================================
DAG File Processing Stats

File Path                                PID    Runtime      # DAGs    # Errors  Last Runtime    Last Run
---------------------------------------  -----  ---------  --------  ----------  --------------  -------------------
/opt/airflow/dags/test_dag.py                                     1           0  0.08s           2026-05-25T11:31:21
/opt/airflow/dags/warehouse_pipeline.py                           1           0  0.09s           2026-05-25T11:31:21
================================================================================
[2026-05-25T11:32:20.527+0000] {manager.py:879} INFO - 
================================================================================
DAG File Processing Stats

File Path                                PID    Runtime      # DAGs    # Errors  Last Runtime    Last Run
---------------------------------------  -----  ---------  --------  ----------  --------------  -------------------
/opt/airflow/dags/test_dag.py                                     1           0  0.09s           2026-05-25T11:31:52
/opt/airflow/dags/warehouse_pipeline.py                           1           0  0.11s           2026-05-25T11:31:52
================================================================================
[2026-05-25T11:32:50.983+0000] {manager.py:879} INFO - 
================================================================================
DAG File Processing Stats

File Path                                PID    Runtime      # DAGs    # Errors  Last Runtime    Last Run
---------------------------------------  -----  ---------  --------  ----------  --------------  -------------------
/opt/airflow/dags/test_dag.py                                     1           0  0.09s           2026-05-25T11:32:22
/opt/airflow/dags/warehouse_pipeline.py                           1           0  0.10s           2026-05-25T11:32:22
================================================================================
[2026-05-25T11:33:21.410+0000] {manager.py:879} INFO - 
================================================================================
DAG File Processing Stats

File Path                                PID    Runtime      # DAGs    # Errors  Last Runtime    Last Run
---------------------------------------  -----  ---------  --------  ----------  --------------  -------------------
/opt/airflow/dags/test_dag.py                                     1           0  0.09s           2026-05-25T11:32:53
/opt/airflow/dags/warehouse_pipeline.py                           1           0  0.11s           2026-05-25T11:32:53
================================================================================
[2026-05-26T10:05:40.445+0000] {manager.py:469} INFO - Processing files using up to 2 processes at a time 
[2026-05-26T10:05:40.446+0000] {manager.py:470} INFO - Process each file at most once every 30 seconds
[2026-05-26T10:05:40.446+0000] {manager.py:471} INFO - Checking for new files in /opt/airflow/dags every 300 seconds
[2026-05-26T10:05:40.446+0000] {manager.py:738} INFO - Searching for files in /opt/airflow/dags
[2026-05-26T10:05:40.449+0000] {manager.py:741} INFO - There are 2 files in /opt/airflow/dags
[2026-05-26T10:05:40.510+0000] {manager.py:879} INFO - 
================================================================================
DAG File Processing Stats

File Path                                  PID  Runtime      # DAGs    # Errors  Last Runtime    Last Run
---------------------------------------  -----  ---------  --------  ----------  --------------  ----------
/opt/airflow/dags/test_dag.py              169  0.03s             0           0
/opt/airflow/dags/warehouse_pipeline.py    166  0.04s             0           0
================================================================================
[2026-05-26T10:06:10.856+0000] {manager.py:879} INFO - 
================================================================================
DAG File Processing Stats

File Path                                  PID  Runtime      # DAGs    # Errors  Last Runtime    Last Run
---------------------------------------  -----  ---------  --------  ----------  --------------  -------------------
/opt/airflow/dags/test_dag.py              178  0.00s             1           0  0.09s           2026-05-26T10:05:40
/opt/airflow/dags/warehouse_pipeline.py    176  0.02s             1           0  0.10s           2026-05-26T10:05:40
================================================================================
[2026-05-26T10:06:41.285+0000] {manager.py:879} INFO - 
================================================================================
DAG File Processing Stats

File Path                                  PID  Runtime      # DAGs    # Errors  Last Runtime    Last Run
---------------------------------------  -----  ---------  --------  ----------  --------------  -------------------
/opt/airflow/dags/test_dag.py              189  0.00s             1           0  0.10s           2026-05-26T10:06:10
/opt/airflow/dags/warehouse_pipeline.py    186  0.02s             1           0  0.11s           2026-05-26T10:06:10
================================================================================
[2026-05-26T10:07:11.729+0000] {manager.py:879} INFO - 
================================================================================
DAG File Processing Stats

File Path                                  PID  Runtime      # DAGs    # Errors  Last Runtime    Last Run
---------------------------------------  -----  ---------  --------  ----------  --------------  -------------------
/opt/airflow/dags/test_dag.py              198  0.00s             1           0  0.08s           2026-05-26T10:06:41
/opt/airflow/dags/warehouse_pipeline.py    196  0.02s             1           0  0.10s           2026-05-26T10:06:41
================================================================================
[2026-05-26T10:07:42.155+0000] {manager.py:879} INFO - 
================================================================================
DAG File Processing Stats

File Path                                  PID  Runtime      # DAGs    # Errors  Last Runtime    Last Run
---------------------------------------  -----  ---------  --------  ----------  --------------  -------------------
/opt/airflow/dags/test_dag.py              209  0.00s             1           0  0.09s           2026-05-26T10:07:11
/opt/airflow/dags/warehouse_pipeline.py    206  0.01s             1           0  0.10s           2026-05-26T10:07:11
================================================================================
[2026-05-26T10:08:12.558+0000] {manager.py:879} INFO - 
================================================================================
DAG File Processing Stats

File Path                                  PID  Runtime      # DAGs    # Errors  Last Runtime    Last Run
---------------------------------------  -----  ---------  --------  ----------  --------------  -------------------
/opt/airflow/dags/test_dag.py              219  0.00s             1           0  0.08s           2026-05-26T10:07:42
/opt/airflow/dags/warehouse_pipeline.py    216  0.01s             1           0  0.08s           2026-05-26T10:07:42
================================================================================
[2026-05-26T10:08:42.966+0000] {manager.py:879} INFO - 
================================================================================
DAG File Processing Stats

File Path                                  PID  Runtime      # DAGs    # Errors  Last Runtime    Last Run
---------------------------------------  -----  ---------  --------  ----------  --------------  -------------------
/opt/airflow/dags/test_dag.py              229  0.00s             1           0  0.07s           2026-05-26T10:08:12
/opt/airflow/dags/warehouse_pipeline.py    226  0.01s             1           0  0.08s           2026-05-26T10:08:12
================================================================================
[2026-05-26T10:09:13.343+0000] {manager.py:879} INFO - 
================================================================================
DAG File Processing Stats

File Path                                  PID  Runtime      # DAGs    # Errors  Last Runtime    Last Run
---------------------------------------  -----  ---------  --------  ----------  --------------  -------------------
/opt/airflow/dags/test_dag.py              239  0.00s             1           0  0.08s           2026-05-26T10:08:43
/opt/airflow/dags/warehouse_pipeline.py    236  0.01s             1           0  0.09s           2026-05-26T10:08:43
================================================================================
[2026-05-26T10:09:43.644+0000] {manager.py:879} INFO - 
================================================================================
DAG File Processing Stats

File Path                                  PID  Runtime      # DAGs    # Errors  Last Runtime    Last Run
---------------------------------------  -----  ---------  --------  ----------  --------------  -------------------
/opt/airflow/dags/test_dag.py              248  0.00s             1           0  0.08s           2026-05-26T10:09:13
/opt/airflow/dags/warehouse_pipeline.py    246  0.02s             1           0  0.08s           2026-05-26T10:09:13
================================================================================
[2026-05-26T10:10:13.977+0000] {manager.py:879} INFO - 
================================================================================
DAG File Processing Stats

File Path                                  PID  Runtime      # DAGs    # Errors  Last Runtime    Last Run
---------------------------------------  -----  ---------  --------  ----------  --------------  -------------------
/opt/airflow/dags/test_dag.py              259  0.01s             1           0  0.09s           2026-05-26T10:09:43
/opt/airflow/dags/warehouse_pipeline.py    256  0.02s             1           0  0.10s           2026-05-26T10:09:43
================================================================================
[2026-05-26T10:10:41.322+0000] {manager.py:738} INFO - Searching for files in /opt/airflow/dags
[2026-05-26T10:10:41.332+0000] {manager.py:741} INFO - There are 2 files in /opt/airflow/dags
[2026-05-26T10:10:44.388+0000] {manager.py:879} INFO - 
================================================================================
DAG File Processing Stats

File Path                                  PID  Runtime      # DAGs    # Errors  Last Runtime    Last Run
---------------------------------------  -----  ---------  --------  ----------  --------------  -------------------
/opt/airflow/dags/test_dag.py              269  0.00s             1           0  0.08s           2026-05-26T10:10:14
/opt/airflow/dags/warehouse_pipeline.py    266  0.01s             1           0  0.10s           2026-05-26T10:10:14
================================================================================
[2026-05-26T10:11:14.694+0000] {manager.py:879} INFO - 
================================================================================
DAG File Processing Stats

File Path                                  PID  Runtime      # DAGs    # Errors  Last Runtime    Last Run
---------------------------------------  -----  ---------  --------  ----------  --------------  -------------------
/opt/airflow/dags/test_dag.py              279  0.00s             1           0  0.06s           2026-05-26T10:10:44
/opt/airflow/dags/warehouse_pipeline.py    276  0.01s             1           0  0.07s           2026-05-26T10:10:44
================================================================================
[2026-05-26T10:11:45.071+0000] {manager.py:879} INFO - 
================================================================================
DAG File Processing Stats

File Path                                  PID  Runtime      # DAGs    # Errors  Last Runtime    Last Run
---------------------------------------  -----  ---------  --------  ----------  --------------  -------------------
/opt/airflow/dags/test_dag.py              288  0.01s             1           0  0.08s           2026-05-26T10:11:14
/opt/airflow/dags/warehouse_pipeline.py    286  0.02s             1           0  0.09s           2026-05-26T10:11:14
================================================================================
[2026-05-26T10:12:15.367+0000] {manager.py:879} INFO - 
================================================================================
DAG File Processing Stats

File Path                                  PID  Runtime      # DAGs    # Errors  Last Runtime    Last Run
---------------------------------------  -----  ---------  --------  ----------  --------------  -------------------
/opt/airflow/dags/test_dag.py              299  0.00s             1           0  0.09s           2026-05-26T10:11:45
/opt/airflow/dags/warehouse_pipeline.py    296  0.01s             1           0  0.10s           2026-05-26T10:11:45
================================================================================
[2026-05-26T10:12:45.791+0000] {manager.py:879} INFO - 
================================================================================
DAG File Processing Stats

File Path                                  PID  Runtime      # DAGs    # Errors  Last Runtime    Last Run
---------------------------------------  -----  ---------  --------  ----------  --------------  -------------------
/opt/airflow/dags/test_dag.py              309  0.01s             1           0  0.08s           2026-05-26T10:12:15
/opt/airflow/dags/warehouse_pipeline.py    306  0.01s             1           0  0.09s           2026-05-26T10:12:15
================================================================================
[2026-05-26T10:13:16.227+0000] {manager.py:879} INFO - 
================================================================================
DAG File Processing Stats

File Path                                  PID  Runtime      # DAGs    # Errors  Last Runtime    Last Run
---------------------------------------  -----  ---------  --------  ----------  --------------  -------------------
/opt/airflow/dags/test_dag.py              318  0.00s             1           0  0.09s           2026-05-26T10:12:45
/opt/airflow/dags/warehouse_pipeline.py    316  0.01s             1           0  0.09s           2026-05-26T10:12:45
================================================================================
[2026-05-26T10:13:46.615+0000] {manager.py:879} INFO - 
================================================================================
DAG File Processing Stats

File Path                                  PID  Runtime      # DAGs    # Errors  Last Runtime    Last Run
---------------------------------------  -----  ---------  --------  ----------  --------------  -------------------
/opt/airflow/dags/test_dag.py              331  0.00s             1           0  0.07s           2026-05-26T10:13:16
/opt/airflow/dags/warehouse_pipeline.py                           1           0  0.11s           2026-05-26T10:13:43
================================================================================
[2026-05-26T10:14:16.964+0000] {manager.py:879} INFO - 
================================================================================
DAG File Processing Stats

File Path                                  PID  Runtime      # DAGs    # Errors  Last Runtime    Last Run
---------------------------------------  -----  ---------  --------  ----------  --------------  -------------------
/opt/airflow/dags/test_dag.py              341  0.01s             1           0  0.07s           2026-05-26T10:13:46
/opt/airflow/dags/warehouse_pipeline.py                           1           0  0.07s           2026-05-26T10:14:08
================================================================================
[2026-05-26T10:15:17.057+0000] {manager.py:469} INFO - Processing files using up to 2 processes at a time 
[2026-05-26T10:15:17.065+0000] {manager.py:470} INFO - Process each file at most once every 30 seconds
[2026-05-26T10:15:17.065+0000] {manager.py:471} INFO - Checking for new files in /opt/airflow/dags every 300 seconds
[2026-05-26T10:15:17.066+0000] {manager.py:738} INFO - Searching for files in /opt/airflow/dags
[2026-05-26T10:15:17.069+0000] {manager.py:741} INFO - There are 2 files in /opt/airflow/dags
[2026-05-26T10:15:17.143+0000] {manager.py:879} INFO - 
================================================================================
DAG File Processing Stats

File Path                                  PID  Runtime      # DAGs    # Errors  Last Runtime    Last Run
---------------------------------------  -----  ---------  --------  ----------  --------------  ----------
/opt/airflow/dags/test_dag.py              169  0.02s             0           0
/opt/airflow/dags/warehouse_pipeline.py    165  0.05s             0           0
================================================================================
[2026-05-26T10:15:47.550+0000] {manager.py:879} INFO - 
================================================================================
DAG File Processing Stats

File Path                                  PID  Runtime      # DAGs    # Errors  Last Runtime    Last Run
---------------------------------------  -----  ---------  --------  ----------  --------------  -------------------
/opt/airflow/dags/test_dag.py              178  0.00s             1           0  0.09s           2026-05-26T10:15:17
/opt/airflow/dags/warehouse_pipeline.py    176  0.02s             1           0  0.27s           2026-05-26T10:15:17
================================================================================
[2026-05-26T10:16:18.087+0000] {manager.py:879} INFO - 
================================================================================
DAG File Processing Stats

File Path                                  PID  Runtime      # DAGs    # Errors  Last Runtime    Last Run
---------------------------------------  -----  ---------  --------  ----------  --------------  -------------------
/opt/airflow/dags/test_dag.py              189  0.01s             1           0  0.10s           2026-05-26T10:15:47
/opt/airflow/dags/warehouse_pipeline.py    186  0.05s             1           0  0.12s           2026-05-26T10:15:47
================================================================================
[2026-05-26T10:16:48.524+0000] {manager.py:879} INFO - 
================================================================================
DAG File Processing Stats

File Path                                  PID  Runtime      # DAGs    # Errors  Last Runtime    Last Run
---------------------------------------  -----  ---------  --------  ----------  --------------  -------------------
/opt/airflow/dags/test_dag.py              199  0.01s             1           0  0.11s           2026-05-26T10:16:18
/opt/airflow/dags/warehouse_pipeline.py    196  0.03s             1           0  0.14s           2026-05-26T10:16:18
================================================================================
[2026-05-26T10:17:18.871+0000] {manager.py:879} INFO - 
================================================================================
DAG File Processing Stats

File Path                                  PID  Runtime      # DAGs    # Errors  Last Runtime    Last Run
---------------------------------------  -----  ---------  --------  ----------  --------------  -------------------
/opt/airflow/dags/test_dag.py              209  0.01s             1           0  0.11s           2026-05-26T10:16:48
/opt/airflow/dags/warehouse_pipeline.py    206  0.03s             1           0  0.13s           2026-05-26T10:16:48
================================================================================
[2026-05-26T10:17:49.288+0000] {manager.py:879} INFO - 
================================================================================
DAG File Processing Stats

File Path                                  PID  Runtime      # DAGs    # Errors  Last Runtime    Last Run
---------------------------------------  -----  ---------  --------  ----------  --------------  -------------------
/opt/airflow/dags/test_dag.py              219  0.00s             1           0  0.11s           2026-05-26T10:17:18
/opt/airflow/dags/warehouse_pipeline.py    216  0.03s             1           0  0.13s           2026-05-26T10:17:18
================================================================================
[2026-05-26T10:18:19.680+0000] {manager.py:879} INFO - 
================================================================================
DAG File Processing Stats

File Path                                  PID  Runtime      # DAGs    # Errors  Last Runtime    Last Run
---------------------------------------  -----  ---------  --------  ----------  --------------  -------------------
/opt/airflow/dags/test_dag.py              229  0.00s             1           0  0.10s           2026-05-26T10:17:49
/opt/airflow/dags/warehouse_pipeline.py    226  0.01s             1           0  0.13s           2026-05-26T10:17:49
================================================================================
[2026-05-26T10:18:50.099+0000] {manager.py:879} INFO - 
================================================================================
DAG File Processing Stats

File Path                                  PID  Runtime      # DAGs    # Errors  Last Runtime    Last Run
---------------------------------------  -----  ---------  --------  ----------  --------------  -------------------
/opt/airflow/dags/test_dag.py              239  0.01s             1           0  0.08s           2026-05-26T10:18:19
/opt/airflow/dags/warehouse_pipeline.py    236  0.03s             1           0  0.09s           2026-05-26T10:18:19
================================================================================
[2026-05-26T10:19:44.731+0000] {manager.py:469} INFO - Processing files using up to 2 processes at a time 
[2026-05-26T10:19:44.739+0000] {manager.py:470} INFO - Process each file at most once every 30 seconds
[2026-05-26T10:19:44.739+0000] {manager.py:471} INFO - Checking for new files in /opt/airflow/dags every 300 seconds
[2026-05-26T10:19:44.739+0000] {manager.py:738} INFO - Searching for files in /opt/airflow/dags
[2026-05-26T10:19:44.745+0000] {manager.py:741} INFO - There are 2 files in /opt/airflow/dags
[2026-05-26T10:19:44.843+0000] {manager.py:879} INFO - 
================================================================================
DAG File Processing Stats

File Path                                  PID  Runtime      # DAGs    # Errors  Last Runtime    Last Run
---------------------------------------  -----  ---------  --------  ----------  --------------  ----------
/opt/airflow/dags/test_dag.py              170  0.05s             0           0
/opt/airflow/dags/warehouse_pipeline.py    166  0.07s             0           0
================================================================================
[2026-05-26T10:20:15.233+0000] {manager.py:879} INFO - 
================================================================================
DAG File Processing Stats

File Path                                  PID  Runtime      # DAGs    # Errors  Last Runtime    Last Run
---------------------------------------  -----  ---------  --------  ----------  --------------  -------------------
/opt/airflow/dags/test_dag.py              179  0.01s             1           0  0.11s           2026-05-26T10:19:44
/opt/airflow/dags/warehouse_pipeline.py    177  0.02s             1           0  0.13s           2026-05-26T10:19:44
================================================================================
[2026-05-26T10:20:45.603+0000] {manager.py:879} INFO - 
================================================================================
DAG File Processing Stats

File Path                                  PID  Runtime      # DAGs    # Errors  Last Runtime    Last Run
---------------------------------------  -----  ---------  --------  ----------  --------------  -------------------
/opt/airflow/dags/test_dag.py              189  0.00s             1           0  0.10s           2026-05-26T10:20:15
/opt/airflow/dags/warehouse_pipeline.py    187  0.02s             1           0  0.11s           2026-05-26T10:20:15
================================================================================
[2026-05-26T10:21:16.127+0000] {manager.py:879} INFO - 
================================================================================
DAG File Processing Stats

File Path                                  PID  Runtime      # DAGs    # Errors  Last Runtime    Last Run
---------------------------------------  -----  ---------  --------  ----------  --------------  -------------------
/opt/airflow/dags/test_dag.py              200  0.01s             1           0  0.15s           2026-05-26T10:20:45
/opt/airflow/dags/warehouse_pipeline.py    197  0.04s             1           0  0.17s           2026-05-26T10:20:45
================================================================================
[2026-05-26T10:21:46.660+0000] {manager.py:879} INFO - 
================================================================================
DAG File Processing Stats

File Path                                  PID  Runtime      # DAGs    # Errors  Last Runtime    Last Run
---------------------------------------  -----  ---------  --------  ----------  --------------  -------------------
/opt/airflow/dags/test_dag.py              210  0.01s             1           0  0.16s           2026-05-26T10:21:16
/opt/airflow/dags/warehouse_pipeline.py    207  0.04s             1           0  0.19s           2026-05-26T10:21:16
================================================================================
[2026-05-26T10:22:17.124+0000] {manager.py:879} INFO - 
================================================================================
DAG File Processing Stats

File Path                                  PID  Runtime      # DAGs    # Errors  Last Runtime    Last Run
---------------------------------------  -----  ---------  --------  ----------  --------------  -------------------
/opt/airflow/dags/test_dag.py              220  0.00s             1           0  0.12s           2026-05-26T10:21:46
/opt/airflow/dags/warehouse_pipeline.py    217  0.02s             1           0  0.16s           2026-05-26T10:21:46
================================================================================
[2026-05-26T10:22:47.564+0000] {manager.py:879} INFO - 
================================================================================
DAG File Processing Stats

File Path                                  PID  Runtime      # DAGs    # Errors  Last Runtime    Last Run
---------------------------------------  -----  ---------  --------  ----------  --------------  -------------------
/opt/airflow/dags/test_dag.py              229  0.00s             1           0  0.09s           2026-05-26T10:22:17
/opt/airflow/dags/warehouse_pipeline.py    227  0.02s             1           0  0.11s           2026-05-26T10:22:17
================================================================================
[2026-05-26T10:23:18.066+0000] {manager.py:879} INFO - 
================================================================================
DAG File Processing Stats

File Path                                  PID  Runtime      # DAGs    # Errors  Last Runtime    Last Run
---------------------------------------  -----  ---------  --------  ----------  --------------  -------------------
/opt/airflow/dags/test_dag.py              240  0.01s             1           0  0.14s           2026-05-26T10:22:47
/opt/airflow/dags/warehouse_pipeline.py    237  0.02s             1           0  0.15s           2026-05-26T10:22:47
================================================================================
[2026-05-26T10:23:48.476+0000] {manager.py:879} INFO - 
================================================================================
DAG File Processing Stats

File Path                                  PID  Runtime      # DAGs    # Errors  Last Runtime    Last Run
---------------------------------------  -----  ---------  --------  ----------  --------------  -------------------
/opt/airflow/dags/test_dag.py              250  0.01s             1           0  0.12s           2026-05-26T10:23:18
/opt/airflow/dags/warehouse_pipeline.py    247  0.02s             1           0  0.13s           2026-05-26T10:23:18
================================================================================
[2026-05-26T10:24:18.854+0000] {manager.py:879} INFO - 
================================================================================
DAG File Processing Stats

File Path                                  PID  Runtime      # DAGs    # Errors  Last Runtime    Last Run
---------------------------------------  -----  ---------  --------  ----------  --------------  -------------------
/opt/airflow/dags/test_dag.py              260  0.01s             1           0  0.10s           2026-05-26T10:23:48
/opt/airflow/dags/warehouse_pipeline.py    257  0.02s             1           0  0.11s           2026-05-26T10:23:48
================================================================================
[2026-05-26T10:24:45.144+0000] {manager.py:738} INFO - Searching for files in /opt/airflow/dags
[2026-05-26T10:24:45.159+0000] {manager.py:741} INFO - There are 2 files in /opt/airflow/dags
[2026-05-26T10:24:49.263+0000] {manager.py:879} INFO - 
================================================================================
DAG File Processing Stats

File Path                                  PID  Runtime      # DAGs    # Errors  Last Runtime    Last Run
---------------------------------------  -----  ---------  --------  ----------  --------------  -------------------
/opt/airflow/dags/test_dag.py              270  0.01s             1           0  0.11s           2026-05-26T10:24:18
/opt/airflow/dags/warehouse_pipeline.py    267  0.03s             1           0  0.12s           2026-05-26T10:24:18
================================================================================
[2026-05-26T10:25:19.678+0000] {manager.py:879} INFO - 
================================================================================
DAG File Processing Stats

File Path                                  PID  Runtime      # DAGs    # Errors  Last Runtime    Last Run
---------------------------------------  -----  ---------  --------  ----------  --------------  -------------------
/opt/airflow/dags/test_dag.py              280  0.01s             1           0  0.12s           2026-05-26T10:24:49
/opt/airflow/dags/warehouse_pipeline.py    277  0.04s             1           0  0.15s           2026-05-26T10:24:49
================================================================================
[2026-05-26T10:25:58.254+0000] {manager.py:469} INFO - Processing files using up to 2 processes at a time 
[2026-05-26T10:25:58.266+0000] {manager.py:470} INFO - Process each file at most once every 30 seconds
[2026-05-26T10:25:58.267+0000] {manager.py:471} INFO - Checking for new files in /opt/airflow/dags every 300 seconds
[2026-05-26T10:25:58.267+0000] {manager.py:738} INFO - Searching for files in /opt/airflow/dags
[2026-05-26T10:25:58.270+0000] {manager.py:741} INFO - There are 2 files in /opt/airflow/dags
[2026-05-26T10:25:58.343+0000] {manager.py:879} INFO - 
================================================================================
DAG File Processing Stats

File Path                                  PID  Runtime      # DAGs    # Errors  Last Runtime    Last Run
---------------------------------------  -----  ---------  --------  ----------  --------------  ----------
/opt/airflow/dags/test_dag.py              170  0.03s             0           0
/opt/airflow/dags/warehouse_pipeline.py    167  0.05s             0           0
================================================================================
[2026-05-26T10:26:28.715+0000] {manager.py:879} INFO - 
================================================================================
DAG File Processing Stats

File Path                                  PID  Runtime      # DAGs    # Errors  Last Runtime    Last Run
---------------------------------------  -----  ---------  --------  ----------  --------------  -------------------
/opt/airflow/dags/test_dag.py              180  0.01s             1           0  0.11s           2026-05-26T10:25:58
/opt/airflow/dags/warehouse_pipeline.py    177  0.03s             1           0  0.12s           2026-05-26T10:25:58
================================================================================
[2026-05-26T10:26:59.176+0000] {manager.py:879} INFO - 
================================================================================
DAG File Processing Stats

File Path                                  PID  Runtime      # DAGs    # Errors  Last Runtime    Last Run
---------------------------------------  -----  ---------  --------  ----------  --------------  -------------------
/opt/airflow/dags/test_dag.py              190  0.00s             1           0  0.10s           2026-05-26T10:26:28
/opt/airflow/dags/warehouse_pipeline.py    187  0.01s             1           0  0.13s           2026-05-26T10:26:28
================================================================================
[2026-05-26T10:27:29.638+0000] {manager.py:879} INFO - 
================================================================================
DAG File Processing Stats

File Path                                  PID  Runtime      # DAGs    # Errors  Last Runtime    Last Run
---------------------------------------  -----  ---------  --------  ----------  --------------  -------------------
/opt/airflow/dags/test_dag.py              200  0.01s             1           0  0.07s           2026-05-26T10:26:59
/opt/airflow/dags/warehouse_pipeline.py    197  0.02s             1           0  0.07s           2026-05-26T10:26:59
================================================================================
[2026-05-26T10:28:00.019+0000] {manager.py:879} INFO - 
================================================================================
DAG File Processing Stats

File Path                                  PID  Runtime      # DAGs    # Errors  Last Runtime    Last Run
---------------------------------------  -----  ---------  --------  ----------  --------------  -------------------
/opt/airflow/dags/test_dag.py              210  0.00s             1           0  0.09s           2026-05-26T10:27:29
/opt/airflow/dags/warehouse_pipeline.py    207  0.02s             1           0  0.11s           2026-05-26T10:27:29
================================================================================
[2026-05-26T10:28:30.490+0000] {manager.py:879} INFO - 
================================================================================
DAG File Processing Stats

File Path                                  PID  Runtime      # DAGs    # Errors  Last Runtime    Last Run
---------------------------------------  -----  ---------  --------  ----------  --------------  -------------------
/opt/airflow/dags/test_dag.py              220  0.01s             1           0  0.08s           2026-05-26T10:28:00
/opt/airflow/dags/warehouse_pipeline.py    217  0.01s             1           0  0.09s           2026-05-26T10:28:00
================================================================================
[2026-05-26T10:29:00.859+0000] {manager.py:879} INFO - 
================================================================================
DAG File Processing Stats

File Path                                  PID  Runtime      # DAGs    # Errors  Last Runtime    Last Run
---------------------------------------  -----  ---------  --------  ----------  --------------  -------------------
/opt/airflow/dags/test_dag.py              230  0.01s             1           0  0.07s           2026-05-26T10:28:30
/opt/airflow/dags/warehouse_pipeline.py    227  0.02s             1           0  0.08s           2026-05-26T10:28:30
================================================================================
[2026-05-26T10:29:31.329+0000] {manager.py:879} INFO - 
================================================================================
DAG File Processing Stats

File Path                                  PID  Runtime      # DAGs    # Errors  Last Runtime    Last Run
---------------------------------------  -----  ---------  --------  ----------  --------------  -------------------
/opt/airflow/dags/test_dag.py              239  0.01s             1           0  0.14s           2026-05-26T10:29:00
/opt/airflow/dags/warehouse_pipeline.py    237  0.04s             1           0  0.15s           2026-05-26T10:29:00
================================================================================
[2026-05-26T10:30:01.779+0000] {manager.py:879} INFO - 
================================================================================
DAG File Processing Stats

File Path                                  PID  Runtime      # DAGs    # Errors  Last Runtime    Last Run
---------------------------------------  -----  ---------  --------  ----------  --------------  -------------------
/opt/airflow/dags/test_dag.py              250  0.00s             1           0  0.10s           2026-05-26T10:29:31
/opt/airflow/dags/warehouse_pipeline.py    247  0.02s             1           0  0.14s           2026-05-26T10:29:31
================================================================================
[2026-05-26T10:30:32.229+0000] {manager.py:879} INFO - 
================================================================================
DAG File Processing Stats

File Path                                  PID  Runtime      # DAGs    # Errors  Last Runtime    Last Run
---------------------------------------  -----  ---------  --------  ----------  --------------  -------------------
/opt/airflow/dags/test_dag.py              259  0.01s             1           0  0.09s           2026-05-26T10:30:01
/opt/airflow/dags/warehouse_pipeline.py    257  0.03s             1           0  0.11s           2026-05-26T10:30:01
================================================================================
[2026-05-26T10:30:58.561+0000] {manager.py:738} INFO - Searching for files in /opt/airflow/dags
[2026-05-26T10:30:58.579+0000] {manager.py:741} INFO - There are 2 files in /opt/airflow/dags
[2026-05-26T10:31:02.681+0000] {manager.py:879} INFO - 
================================================================================
DAG File Processing Stats

File Path                                  PID  Runtime      # DAGs    # Errors  Last Runtime    Last Run
---------------------------------------  -----  ---------  --------  ----------  --------------  -------------------
/opt/airflow/dags/test_dag.py              270  0.01s             1           0  0.12s           2026-05-26T10:30:32
/opt/airflow/dags/warehouse_pipeline.py    267  0.03s             1           0  0.14s           2026-05-26T10:30:32
================================================================================
[2026-05-26T10:31:33.089+0000] {manager.py:879} INFO - 
================================================================================
DAG File Processing Stats

File Path                                  PID  Runtime      # DAGs    # Errors  Last Runtime    Last Run
---------------------------------------  -----  ---------  --------  ----------  --------------  -------------------
/opt/airflow/dags/test_dag.py              280  0.01s             1           0  0.11s           2026-05-26T10:31:02
/opt/airflow/dags/warehouse_pipeline.py    277  0.04s             1           0  0.14s           2026-05-26T10:31:02
================================================================================
[2026-05-26T10:32:03.484+0000] {manager.py:879} INFO - 
================================================================================
DAG File Processing Stats

File Path                                  PID  Runtime      # DAGs    # Errors  Last Runtime    Last Run
---------------------------------------  -----  ---------  --------  ----------  --------------  -------------------
/opt/airflow/dags/test_dag.py              290  0.00s             1           0  0.11s           2026-05-26T10:31:33
/opt/airflow/dags/warehouse_pipeline.py    287  0.01s             1           0  0.13s           2026-05-26T10:31:33
================================================================================
[2026-05-26T10:32:33.901+0000] {manager.py:879} INFO - 
================================================================================
DAG File Processing Stats

File Path                                  PID  Runtime      # DAGs    # Errors  Last Runtime    Last Run
---------------------------------------  -----  ---------  --------  ----------  --------------  -------------------
/opt/airflow/dags/test_dag.py              300  0.00s             1           0  0.08s           2026-05-26T10:32:03
/opt/airflow/dags/warehouse_pipeline.py    297  0.01s             1           0  0.09s           2026-05-26T10:32:03
================================================================================
[2026-05-26T10:33:04.318+0000] {manager.py:879} INFO - 
================================================================================
DAG File Processing Stats

File Path                                  PID  Runtime      # DAGs    # Errors  Last Runtime    Last Run
---------------------------------------  -----  ---------  --------  ----------  --------------  -------------------
/opt/airflow/dags/test_dag.py              310  0.00s             1           0  0.08s           2026-05-26T10:32:33
/opt/airflow/dags/warehouse_pipeline.py    307  0.02s             1           0  0.09s           2026-05-26T10:32:33
================================================================================
[2026-05-26T10:33:34.713+0000] {manager.py:879} INFO - 
================================================================================
DAG File Processing Stats

File Path                                  PID  Runtime      # DAGs    # Errors  Last Runtime    Last Run
---------------------------------------  -----  ---------  --------  ----------  --------------  -------------------
/opt/airflow/dags/test_dag.py              320  0.00s             1           0  0.10s           2026-05-26T10:33:04
/opt/airflow/dags/warehouse_pipeline.py    317  0.02s             1           0  0.11s           2026-05-26T10:33:04
================================================================================
[2026-05-26T10:34:05.215+0000] {manager.py:879} INFO - 
================================================================================
DAG File Processing Stats

File Path                                  PID  Runtime      # DAGs    # Errors  Last Runtime    Last Run
---------------------------------------  -----  ---------  --------  ----------  --------------  -------------------
/opt/airflow/dags/test_dag.py              330  0.01s             1           0  0.10s           2026-05-26T10:33:34
/opt/airflow/dags/warehouse_pipeline.py    327  0.03s             1           0  0.11s           2026-05-26T10:33:34
================================================================================
[2026-05-26T10:34:35.674+0000] {manager.py:879} INFO - 
================================================================================
DAG File Processing Stats

File Path                                  PID  Runtime      # DAGs    # Errors  Last Runtime    Last Run
---------------------------------------  -----  ---------  --------  ----------  --------------  -------------------
/opt/airflow/dags/test_dag.py              340  0.01s             1           0  0.10s           2026-05-26T10:34:05
/opt/airflow/dags/warehouse_pipeline.py    337  0.02s             1           0  0.12s           2026-05-26T10:34:05
================================================================================
[2026-05-26T10:35:06.050+0000] {manager.py:879} INFO - 
================================================================================
DAG File Processing Stats

File Path                                  PID  Runtime      # DAGs    # Errors  Last Runtime    Last Run
---------------------------------------  -----  ---------  --------  ----------  --------------  -------------------
/opt/airflow/dags/test_dag.py              350  0.01s             1           0  0.10s           2026-05-26T10:34:35
/opt/airflow/dags/warehouse_pipeline.py    347  0.02s             1           0  0.11s           2026-05-26T10:34:35
================================================================================
[2026-05-26T10:35:36.554+0000] {manager.py:879} INFO - 
================================================================================
DAG File Processing Stats

File Path                                  PID  Runtime      # DAGs    # Errors  Last Runtime    Last Run
---------------------------------------  -----  ---------  --------  ----------  --------------  -------------------
/opt/airflow/dags/test_dag.py              360  0.01s             1           0  0.11s           2026-05-26T10:35:06
/opt/airflow/dags/warehouse_pipeline.py    357  0.03s             1           0  0.13s           2026-05-26T10:35:06
================================================================================
[2026-05-26T10:35:58.879+0000] {manager.py:738} INFO - Searching for files in /opt/airflow/dags
[2026-05-26T10:35:58.888+0000] {manager.py:741} INFO - There are 2 files in /opt/airflow/dags
[2026-05-26T10:36:07.028+0000] {manager.py:879} INFO - 
================================================================================
DAG File Processing Stats

File Path                                  PID  Runtime      # DAGs    # Errors  Last Runtime    Last Run
---------------------------------------  -----  ---------  --------  ----------  --------------  -------------------
/opt/airflow/dags/test_dag.py              370  0.00s             1           0  0.09s           2026-05-26T10:35:36
/opt/airflow/dags/warehouse_pipeline.py    367  0.02s             1           0  0.12s           2026-05-26T10:35:36
================================================================================
[2026-05-26T10:36:37.467+0000] {manager.py:879} INFO - 
================================================================================
DAG File Processing Stats

File Path                                  PID  Runtime      # DAGs    # Errors  Last Runtime    Last Run
---------------------------------------  -----  ---------  --------  ----------  --------------  -------------------
/opt/airflow/dags/test_dag.py              380  0.00s             1           0  0.08s           2026-05-26T10:36:07
/opt/airflow/dags/warehouse_pipeline.py    377  0.02s             1           0  0.10s           2026-05-26T10:36:07
================================================================================
[2026-05-26T10:37:07.817+0000] {manager.py:879} INFO - 
================================================================================
DAG File Processing Stats

File Path                                  PID  Runtime      # DAGs    # Errors  Last Runtime    Last Run
---------------------------------------  -----  ---------  --------  ----------  --------------  -------------------
/opt/airflow/dags/test_dag.py              390  0.01s             1           0  0.10s           2026-05-26T10:36:37
/opt/airflow/dags/warehouse_pipeline.py    387  0.02s             1           0  0.11s           2026-05-26T10:36:37
================================================================================
[2026-05-26T10:37:38.250+0000] {manager.py:879} INFO - 
================================================================================
DAG File Processing Stats

File Path                                  PID  Runtime      # DAGs    # Errors  Last Runtime    Last Run
---------------------------------------  -----  ---------  --------  ----------  --------------  -------------------
/opt/airflow/dags/test_dag.py              400  0.01s             1           0  0.08s           2026-05-26T10:37:07
/opt/airflow/dags/warehouse_pipeline.py    397  0.02s             1           0  0.08s           2026-05-26T10:37:07
================================================================================
[2026-05-26T10:38:08.649+0000] {manager.py:879} INFO - 
================================================================================
DAG File Processing Stats

File Path                                  PID  Runtime      # DAGs    # Errors  Last Runtime    Last Run
---------------------------------------  -----  ---------  --------  ----------  --------------  -------------------
/opt/airflow/dags/test_dag.py              410  0.00s             1           0  0.13s           2026-05-26T10:37:38
/opt/airflow/dags/warehouse_pipeline.py    407  0.01s             1           0  0.14s           2026-05-26T10:37:38
================================================================================
[2026-05-26T10:38:38.968+0000] {manager.py:879} INFO - 
================================================================================
DAG File Processing Stats

File Path                                  PID  Runtime      # DAGs    # Errors  Last Runtime    Last Run
---------------------------------------  -----  ---------  --------  ----------  --------------  -------------------
/opt/airflow/dags/test_dag.py              419  0.01s             1           0  0.07s           2026-05-26T10:38:08
/opt/airflow/dags/warehouse_pipeline.py    417  0.02s             1           0  0.08s           2026-05-26T10:38:08
================================================================================
[2026-05-26T10:39:09.360+0000] {manager.py:879} INFO - 
================================================================================
DAG File Processing Stats

File Path                                  PID  Runtime      # DAGs    # Errors  Last Runtime    Last Run
---------------------------------------  -----  ---------  --------  ----------  --------------  -------------------
/opt/airflow/dags/test_dag.py              430  0.00s             1           0  0.10s           2026-05-26T10:38:39
/opt/airflow/dags/warehouse_pipeline.py    427  0.02s             1           0  0.11s           2026-05-26T10:38:39
================================================================================
[2026-05-26T10:39:39.750+0000] {manager.py:879} INFO - 
================================================================================
DAG File Processing Stats

File Path                                  PID  Runtime      # DAGs    # Errors  Last Runtime    Last Run
---------------------------------------  -----  ---------  --------  ----------  --------------  -------------------
/opt/airflow/dags/test_dag.py              440  0.00s             1           0  0.11s           2026-05-26T10:39:09
/opt/airflow/dags/warehouse_pipeline.py    437  0.02s             1           0  0.12s           2026-05-26T10:39:09
================================================================================
[2026-05-26T10:40:10.237+0000] {manager.py:879} INFO - 
================================================================================
DAG File Processing Stats

File Path                                  PID  Runtime      # DAGs    # Errors  Last Runtime    Last Run
---------------------------------------  -----  ---------  --------  ----------  --------------  -------------------
/opt/airflow/dags/test_dag.py              450  0.01s             1           0  0.11s           2026-05-26T10:39:39
/opt/airflow/dags/warehouse_pipeline.py    447  0.04s             1           0  0.13s           2026-05-26T10:39:39
================================================================================
[2026-05-26T10:40:40.618+0000] {manager.py:879} INFO - 
================================================================================
DAG File Processing Stats

File Path                                  PID  Runtime      # DAGs    # Errors  Last Runtime    Last Run
---------------------------------------  -----  ---------  --------  ----------  --------------  -------------------
/opt/airflow/dags/test_dag.py              460  0.00s             1           0  0.10s           2026-05-26T10:40:10
/opt/airflow/dags/warehouse_pipeline.py    457  0.02s             1           0  0.13s           2026-05-26T10:40:10
================================================================================
[2026-05-26T10:40:58.914+0000] {manager.py:738} INFO - Searching for files in /opt/airflow/dags
[2026-05-26T10:40:58.929+0000] {manager.py:741} INFO - There are 2 files in /opt/airflow/dags
[2026-05-26T10:41:11.125+0000] {manager.py:879} INFO - 
================================================================================
DAG File Processing Stats

File Path                                  PID  Runtime      # DAGs    # Errors  Last Runtime    Last Run
---------------------------------------  -----  ---------  --------  ----------  --------------  -------------------
/opt/airflow/dags/test_dag.py              470  0.01s             1           0  0.10s           2026-05-26T10:40:40
/opt/airflow/dags/warehouse_pipeline.py    467  0.04s             1           0  0.10s           2026-05-26T10:40:40
================================================================================
[2026-05-26T10:41:41.464+0000] {manager.py:879} INFO - 
================================================================================
DAG File Processing Stats

File Path                                  PID  Runtime      # DAGs    # Errors  Last Runtime    Last Run
---------------------------------------  -----  ---------  --------  ----------  --------------  -------------------
/opt/airflow/dags/test_dag.py              480  0.01s             1           0  0.11s           2026-05-26T10:41:11
/opt/airflow/dags/warehouse_pipeline.py    477  0.02s             1           0  0.14s           2026-05-26T10:41:11
================================================================================
[2026-05-26T10:42:11.890+0000] {manager.py:879} INFO - 
================================================================================
DAG File Processing Stats

File Path                                  PID  Runtime      # DAGs    # Errors  Last Runtime    Last Run
---------------------------------------  -----  ---------  --------  ----------  --------------  -------------------
/opt/airflow/dags/test_dag.py              490  0.00s             1           0  0.08s           2026-05-26T10:41:41
/opt/airflow/dags/warehouse_pipeline.py    487  0.02s             1           0  0.10s           2026-05-26T10:41:41
================================================================================
[2026-05-26T10:42:42.238+0000] {manager.py:879} INFO - 
================================================================================
DAG File Processing Stats

File Path                                  PID  Runtime      # DAGs    # Errors  Last Runtime    Last Run
---------------------------------------  -----  ---------  --------  ----------  --------------  -------------------
/opt/airflow/dags/test_dag.py              500  0.00s             1           0  0.10s           2026-05-26T10:42:11
/opt/airflow/dags/warehouse_pipeline.py    497  0.02s             1           0  0.11s           2026-05-26T10:42:11
================================================================================
[2026-05-26T10:43:12.688+0000] {manager.py:879} INFO - 
================================================================================
DAG File Processing Stats

File Path                                  PID  Runtime      # DAGs    # Errors  Last Runtime    Last Run
---------------------------------------  -----  ---------  --------  ----------  --------------  -------------------
/opt/airflow/dags/test_dag.py              510  0.01s             1           0  0.08s           2026-05-26T10:42:42
/opt/airflow/dags/warehouse_pipeline.py    507  0.03s             1           0  0.10s           2026-05-26T10:42:42
================================================================================
[2026-05-26T10:43:43.117+0000] {manager.py:879} INFO - 
================================================================================
DAG File Processing Stats

File Path                                  PID  Runtime      # DAGs    # Errors  Last Runtime    Last Run
---------------------------------------  -----  ---------  --------  ----------  --------------  -------------------
/opt/airflow/dags/test_dag.py              520  0.00s             1           0  0.11s           2026-05-26T10:43:12
/opt/airflow/dags/warehouse_pipeline.py    517  0.02s             1           0  0.13s           2026-05-26T10:43:12
================================================================================
[2026-05-26T10:44:13.510+0000] {manager.py:879} INFO - 
================================================================================
DAG File Processing Stats

File Path                                  PID  Runtime      # DAGs    # Errors  Last Runtime    Last Run
---------------------------------------  -----  ---------  --------  ----------  --------------  -------------------
/opt/airflow/dags/test_dag.py              530  0.01s             1           0  0.08s           2026-05-26T10:43:43
/opt/airflow/dags/warehouse_pipeline.py    527  0.03s             1           0  0.09s           2026-05-26T10:43:43
================================================================================
[2026-05-26T10:44:43.882+0000] {manager.py:879} INFO - 
================================================================================
DAG File Processing Stats

File Path                                  PID  Runtime      # DAGs    # Errors  Last Runtime    Last Run
---------------------------------------  -----  ---------  --------  ----------  --------------  -------------------
/opt/airflow/dags/test_dag.py              540  0.01s             1           0  0.10s           2026-05-26T10:44:13
/opt/airflow/dags/warehouse_pipeline.py    537  0.03s             1           0  0.13s           2026-05-26T10:44:13
================================================================================
[2026-05-26T10:45:14.262+0000] {manager.py:879} INFO - 
================================================================================
DAG File Processing Stats

File Path                                  PID  Runtime      # DAGs    # Errors  Last Runtime    Last Run
---------------------------------------  -----  ---------  --------  ----------  --------------  -------------------
/opt/airflow/dags/test_dag.py              550  0.01s             1           0  0.11s           2026-05-26T10:44:43
/opt/airflow/dags/warehouse_pipeline.py    547  0.02s             1           0  0.14s           2026-05-26T10:44:43
================================================================================
[2026-05-26T10:45:44.720+0000] {manager.py:879} INFO - 
================================================================================
DAG File Processing Stats

File Path                                  PID  Runtime      # DAGs    # Errors  Last Runtime    Last Run
---------------------------------------  -----  ---------  --------  ----------  --------------  -------------------
/opt/airflow/dags/test_dag.py              560  0.01s             1           0  0.08s           2026-05-26T10:45:14
/opt/airflow/dags/warehouse_pipeline.py    557  0.03s             1           0  0.10s           2026-05-26T10:45:14
================================================================================
[2026-05-26T10:45:58.929+0000] {manager.py:738} INFO - Searching for files in /opt/airflow/dags
[2026-05-26T10:45:58.943+0000] {manager.py:741} INFO - There are 2 files in /opt/airflow/dags
[2026-05-26T10:46:15.073+0000] {manager.py:879} INFO - 
================================================================================
DAG File Processing Stats

File Path                                  PID  Runtime      # DAGs    # Errors  Last Runtime    Last Run
---------------------------------------  -----  ---------  --------  ----------  --------------  -------------------
/opt/airflow/dags/test_dag.py              570  0.01s             1           0  0.12s           2026-05-26T10:45:44
/opt/airflow/dags/warehouse_pipeline.py    567  0.03s             1           0  0.14s           2026-05-26T10:45:44
================================================================================
[2026-05-26T10:46:45.441+0000] {manager.py:879} INFO - 
================================================================================
DAG File Processing Stats

File Path                                  PID  Runtime      # DAGs    # Errors  Last Runtime    Last Run
---------------------------------------  -----  ---------  --------  ----------  --------------  -------------------
/opt/airflow/dags/test_dag.py              580  0.01s             1           0  0.12s           2026-05-26T10:46:15
/opt/airflow/dags/warehouse_pipeline.py    577  0.04s             1           0  0.15s           2026-05-26T10:46:15
================================================================================
[2026-05-26T10:47:15.880+0000] {manager.py:879} INFO - 
================================================================================
DAG File Processing Stats

File Path                                  PID  Runtime      # DAGs    # Errors  Last Runtime    Last Run
---------------------------------------  -----  ---------  --------  ----------  --------------  -------------------
/opt/airflow/dags/test_dag.py              590  0.00s             1           0  0.11s           2026-05-26T10:46:45
/opt/airflow/dags/warehouse_pipeline.py    587  0.01s             1           0  0.14s           2026-05-26T10:46:45
================================================================================
[2026-05-26T10:47:46.247+0000] {manager.py:879} INFO - 
================================================================================
DAG File Processing Stats

File Path                                  PID  Runtime      # DAGs    # Errors  Last Runtime    Last Run
---------------------------------------  -----  ---------  --------  ----------  --------------  -------------------
/opt/airflow/dags/test_dag.py              600  0.01s             1           0  0.08s           2026-05-26T10:47:15
/opt/airflow/dags/warehouse_pipeline.py    597  0.04s             1           0  0.09s           2026-05-26T10:47:15
================================================================================
[2026-05-26T10:48:16.772+0000] {manager.py:879} INFO - 
================================================================================
DAG File Processing Stats

File Path                                  PID  Runtime      # DAGs    # Errors  Last Runtime    Last Run
---------------------------------------  -----  ---------  --------  ----------  --------------  -------------------
/opt/airflow/dags/test_dag.py              610  0.01s             1           0  0.13s           2026-05-26T10:47:46
/opt/airflow/dags/warehouse_pipeline.py    607  0.03s             1           0  0.16s           2026-05-26T10:47:46
================================================================================
[2026-05-26T10:48:47.172+0000] {manager.py:879} INFO - 
================================================================================
DAG File Processing Stats

File Path                                  PID  Runtime      # DAGs    # Errors  Last Runtime    Last Run
---------------------------------------  -----  ---------  --------  ----------  --------------  -------------------
/opt/airflow/dags/test_dag.py              620  0.01s             1           0  0.12s           2026-05-26T10:48:16
/opt/airflow/dags/warehouse_pipeline.py    617  0.05s             1           0  0.14s           2026-05-26T10:48:16
================================================================================
[2026-05-26T10:49:17.550+0000] {manager.py:879} INFO - 
================================================================================
DAG File Processing Stats

File Path                                  PID  Runtime      # DAGs    # Errors  Last Runtime    Last Run
---------------------------------------  -----  ---------  --------  ----------  --------------  -------------------
/opt/airflow/dags/test_dag.py              630  0.00s             1           0  0.11s           2026-05-26T10:48:47
/opt/airflow/dags/warehouse_pipeline.py    627  0.01s             1           0  0.15s           2026-05-26T10:48:47
================================================================================
[2026-05-26T10:49:47.981+0000] {manager.py:879} INFO - 
================================================================================
DAG File Processing Stats

File Path                                  PID  Runtime      # DAGs    # Errors  Last Runtime    Last Run
---------------------------------------  -----  ---------  --------  ----------  --------------  -------------------
/opt/airflow/dags/test_dag.py              640  0.01s             1           0  0.08s           2026-05-26T10:49:17
/opt/airflow/dags/warehouse_pipeline.py    637  0.03s             1           0  0.09s           2026-05-26T10:49:17
================================================================================
[2026-05-26T10:50:18.388+0000] {manager.py:879} INFO - 
================================================================================
DAG File Processing Stats

File Path                                  PID  Runtime      # DAGs    # Errors  Last Runtime    Last Run
---------------------------------------  -----  ---------  --------  ----------  --------------  -------------------
/opt/airflow/dags/test_dag.py              650  0.01s             1           0  0.11s           2026-05-26T10:49:48
/opt/airflow/dags/warehouse_pipeline.py    647  0.03s             1           0  0.14s           2026-05-26T10:49:48
================================================================================
[2026-05-26T10:50:48.737+0000] {manager.py:879} INFO - 
================================================================================
DAG File Processing Stats

File Path                                  PID  Runtime      # DAGs    # Errors  Last Runtime    Last Run
---------------------------------------  -----  ---------  --------  ----------  --------------  -------------------
/opt/airflow/dags/test_dag.py              660  0.00s             1           0  0.09s           2026-05-26T10:50:18
/opt/airflow/dags/warehouse_pipeline.py    657  0.03s             1           0  0.11s           2026-05-26T10:50:18
================================================================================
[2026-05-26T10:50:59.929+0000] {manager.py:738} INFO - Searching for files in /opt/airflow/dags
[2026-05-26T10:50:59.937+0000] {manager.py:741} INFO - There are 2 files in /opt/airflow/dags
[2026-05-26T10:51:19.178+0000] {manager.py:879} INFO - 
================================================================================
DAG File Processing Stats

File Path                                  PID  Runtime      # DAGs    # Errors  Last Runtime    Last Run
---------------------------------------  -----  ---------  --------  ----------  --------------  -------------------
/opt/airflow/dags/test_dag.py              670  0.01s             1           0  0.07s           2026-05-26T10:50:48
/opt/airflow/dags/warehouse_pipeline.py    667  0.03s             1           0  0.10s           2026-05-26T10:50:48
================================================================================
[2026-05-26T10:51:49.592+0000] {manager.py:879} INFO - 
================================================================================
DAG File Processing Stats

File Path                                  PID  Runtime      # DAGs    # Errors  Last Runtime    Last Run
---------------------------------------  -----  ---------  --------  ----------  --------------  -------------------
/opt/airflow/dags/test_dag.py              680  0.01s             1           0  0.12s           2026-05-26T10:51:19
/opt/airflow/dags/warehouse_pipeline.py    677  0.03s             1           0  0.14s           2026-05-26T10:51:19
================================================================================
[2026-05-26T10:52:20.032+0000] {manager.py:879} INFO - 
================================================================================
DAG File Processing Stats

File Path                                  PID  Runtime      # DAGs    # Errors  Last Runtime    Last Run
---------------------------------------  -----  ---------  --------  ----------  --------------  -------------------
/opt/airflow/dags/test_dag.py              690  0.01s             1           0  0.12s           2026-05-26T10:51:49
/opt/airflow/dags/warehouse_pipeline.py    687  0.04s             1           0  0.14s           2026-05-26T10:51:49
================================================================================
